-7.282663583755493164e-01 1.456532716751098633e+00 2.111972427368164062e+01 2.111972427368164062e+01 -2.184799194335937500e+00 -1.456532716751098633e+00 2.913065433502197266e+00 -2.184799194335937500e+00 2.184799194335937500e+00 3.641331672668457031e+00 2.184799194335937500e+00 6.554397106170654297e+00 -8.010930061340332031e+00 -1.456532716751098633e+00 3.641331672668457031e+00 -3.641331672668457031e+00
0.000000000000000000e+00 2.184799194335937500e+00 2.621758842468261719e+01 2.621758842468261719e+01 -2.913065433502197266e+00 7.282663583755493164e-01 3.641331672668457031e+00 -1.456532716751098633e+00 2.184799194335937500e+00 5.826130867004394531e+00 3.641331672668457031e+00 8.739196777343750000e+00 -8.739196777343750000e+00 -7.282663583755493164e-01 5.097864627838134766e+00 -5.097864627838134766e+00
-7.282663583755493164e-01 -7.282663583755493164e-01 2.111972427368164062e+01 2.111972427368164062e+01 -4.369598388671875000e+00 -2.184799194335937500e+00 2.184799194335937500e+00 -2.913065433502197266e+00 -7.282663583755493164e-01 2.184799194335937500e+00 7.282663583755493164e-01 5.097864627838134766e+00 -7.282663345336914062e+00 -2.913065433502197266e+00 5.826130867004394531e+00 -4.369598388671875000e+00
-7.282663583755493164e-01 -7.282663583755493164e-01 2.767412185668945312e+01 2.767412185668945312e+01 -5.826130867004394531e+00 -2.184799194335937500e+00 1.456532716751098633e+00 -2.913065433502197266e+00 -7.282663583755493164e-01 3.641331672668457031e+00 1.456532716751098633e+00 6.554397106170654297e+00 -9.467462539672851562e+00 -2.184799194335937500e+00 6.554397106170654297e+00 -5.826130867004394531e+00
1.456532716751098633e+00 7.282663583755493164e-01 2.184799003601074219e+01 2.184799003601074219e+01 -2.913065433502197266e+00 -7.282663583755493164e-01 7.282663583755493164e-01 -2.913065433502197266e+00 -1.456532716751098633e+00 2.913065433502197266e+00 2.184799194335937500e+00 5.826130867004394531e+00 -7.282663583755493164e-01 0.000000000000000000e+00 8.010930061340332031e+00 -5.097864627838134766e+00
2.184799194335937500e+00 7.282663583755493164e-01 2.840238761901855469e+01 2.840238761901855469e+01 -3.641331672668457031e+00 7.282663583755493164e-01 1.456532716751098633e+00 -2.184799194335937500e+00 -7.282663583755493164e-01 5.097864627838134766e+00 2.913065433502197266e+00 7.282663345336914062e+00 -1.456532716751098633e+00 1.456532716751098633e+00 9.467462539672851562e+00 -5.826130867004394531e+00
7.282663583755493164e-01 2.184799194335937500e+00 2.257625770568847656e+01 2.257625770568847656e+01 -2.913065433502197266e+00 0.000000000000000000e+00 1.456532716751098633e+00 -7.282663583755493164e-01 -7.282663583755493164e-01 3.641331672668457031e+00 1.456532716751098633e+00 6.554397106170654297e+00 -2.913065433502197266e+00 7.282663583755493164e-01 5.826130867004394531e+00 -1.456532716751098633e+00
1.456532716751098633e+00 2.184799194335937500e+00 2.767412185668945312e+01 2.767412185668945312e+01 -3.641331672668457031e+00 1.456532716751098633e+00 2.184799194335937500e+00 7.282663583755493164e-01 -7.282663583755493164e-01 5.826130867004394531e+00 2.184799194335937500e+00 8.739196777343750000e+00 -3.641331672668457031e+00 1.456532716751098633e+00 7.282663345336914062e+00 -2.184799194335937500e+00
7.282663583755493164e-01 0.000000000000000000e+00 2.039145851135253906e+01 2.039145851135253906e+01 -2.184799194335937500e+00 -2.913065433502197266e+00 2.913065433502197266e+00 -3.641331672668457031e+00 2.184799194335937500e+00 7.282663583755493164e-01 2.913065433502197266e+00 3.641331672668457031e+00 -7.282663345336914062e+00 -2.184799194335937500e+00 3.641331672668457031e+00 -2.184799194335937500e+00
0.000000000000000000e+00 7.282663583755493164e-01 2.403278923034667969e+01 2.403278923034667969e+01 -2.913065433502197266e+00 -2.184799194335937500e+00 2.184799194335937500e+00 -2.913065433502197266e+00 2.184799194335937500e+00 1.456532716751098633e+00 2.913065433502197266e+00 4.369598388671875000e+00 -8.010930061340332031e+00 -7.282663583755493164e-01 3.641331672668457031e+00 -2.913065433502197266e+00
7.282663583755493164e-01 -7.282663583755493164e-01 2.111972427368164062e+01 2.111972427368164062e+01 -2.184799194335937500e+00 -4.369598388671875000e+00 2.913065433502197266e+00 -4.369598388671875000e+00 2.184799194335937500e+00 -7.282663583755493164e-01 2.184799194335937500e+00 2.913065433502197266e+00 -6.554397106170654297e+00 -3.641331672668457031e+00 5.826130867004394531e+00 -3.641331672668457031e+00
1.456532716751098633e+00 -7.282663583755493164e-01 2.694585609436035156e+01 2.694585609436035156e+01 -2.184799194335937500e+00 -3.641331672668457031e+00 3.641331672668457031e+00 -3.641331672668457031e+00 2.184799194335937500e+00 7.282663583755493164e-01 3.641331672668457031e+00 3.641331672668457031e+00 -6.554397106170654297e+00 -2.913065433502197266e+00 6.554397106170654297e+00 -3.641331672668457031e+00
1.456532716751098633e+00 -7.282663583755493164e-01 2.111972427368164062e+01 2.111972427368164062e+01 -7.282663583755493164e-01 -5.097864627838134766e+00 5.826130867004394531e+00 -4.369598388671875000e+00 4.369598388671875000e+00 -7.282663583755493164e-01 4.369598388671875000e+00 2.913065433502197266e+00 -7.282663345336914062e+00 -3.641331672668457031e+00 6.554397106170654297e+00 -2.184799194335937500e+00
2.184799194335937500e+00 -7.282663583755493164e-01 2.621758842468261719e+01 2.621758842468261719e+01 -1.456532716751098633e+00 -4.369598388671875000e+00 5.826130867004394531e+00 -3.641331672668457031e+00 5.826130867004394531e+00 0.000000000000000000e+00 5.826130867004394531e+00 4.369598388671875000e+00 -7.282663345336914062e+00 -2.913065433502197266e+00 7.282663345336914062e+00 -2.184799194335937500e+00
1.456532716751098633e+00 -7.282663583755493164e-01 2.111972427368164062e+01 2.111972427368164062e+01 -2.184799194335937500e+00 -4.369598388671875000e+00 2.913065433502197266e+00 -2.184799194335937500e+00 7.282663583755493164e-01 1.456532716751098633e+00 1.456532716751098633e+00 4.369598388671875000e+00 -3.641331672668457031e+00 -5.097864627838134766e+00 8.010930061340332031e+00 -2.184799194335937500e+00
1.456532716751098633e+00 -7.282663583755493164e-01 2.548932266235351562e+01 2.548932266235351562e+01 -2.913065433502197266e+00 -3.641331672668457031e+00 2.913065433502197266e+00 -2.184799194335937500e+00 0.000000000000000000e+00 1.456532716751098633e+00 1.456532716751098633e+00 5.097864627838134766e+00 -3.641331672668457031e+00 -4.369598388671875000e+00 8.739196777343750000e+00 -2.184799194335937500e+00
7.282663583755493164e-01 -7.282663583755493164e-01 2.039145851135253906e+01 2.039145851135253906e+01 -4.369598388671875000e+00 -3.641331672668457031e+00 7.282663583755493164e-01 -2.913065433502197266e+00 -2.913065433502197266e+00 1.456532716751098633e+00 -1.456532716751098633e+00 4.369598388671875000e+00 -2.913065433502197266e+00 -5.097864627838134766e+00 8.010930061340332031e+00 -2.913065433502197266e+00
7.282663583755493164e-01 7.282663583755493164e-01 2.548932266235351562e+01 2.548932266235351562e+01 -5.097864627838134766e+00 -3.641331672668457031e+00 7.282663583755493164e-01 -2.184799194335937500e+00 -3.641331672668457031e+00 1.456532716751098633e+00 -1.456532716751098633e+00 5.097864627838134766e+00 -2.913065433502197266e+00 -4.369598388671875000e+00 9.467462539672851562e+00 -2.913065433502197266e+00
-7.282663583755493164e-01 0.000000000000000000e+00 2.039145851135253906e+01 2.039145851135253906e+01 -5.826130867004394531e+00 -2.913065433502197266e+00 -1.456532716751098633e+00 -2.913065433502197266e+00 -5.097864627838134766e+00 1.456532716751098633e+00 -2.913065433502197266e+00 5.097864627838134766e+00 -3.641331672668457031e+00 -4.369598388671875000e+00 8.010930061340332031e+00 -3.641331672668457031e+00
-1.456532716751098633e+00 7.282663583755493164e-01 2.476105690002441406e+01 2.476105690002441406e+01 -6.554397106170654297e+00 -3.641331672668457031e+00 -1.456532716751098633e+00 -2.913065433502197266e+00 -5.826130867004394531e+00 1.456532716751098633e+00 -3.641331672668457031e+00 5.826130867004394531e+00 -3.641331672668457031e+00 -4.369598388671875000e+00 8.739196777343750000e+00 -2.913065433502197266e+00
-2.184799194335937500e+00 0.000000000000000000e+00 2.257625770568847656e+01 2.257625770568847656e+01 -7.282663345336914062e+00 -3.641331672668457031e+00 -2.184799194335937500e+00 -2.913065433502197266e+00 -5.826130867004394531e+00 1.456532716751098633e+00 -3.641331672668457031e+00 4.369598388671875000e+00 -5.097864627838134766e+00 -3.641331672668457031e+00 7.282663345336914062e+00 -3.641331672668457031e+00
-2.913065433502197266e+00 0.000000000000000000e+00 2.767412185668945312e+01 2.767412185668945312e+01 -8.739196777343750000e+00 -4.369598388671875000e+00 -2.184799194335937500e+00 -3.641331672668457031e+00 -8.010930061340332031e+00 7.282663583755493164e-01 -5.826130867004394531e+00 5.097864627838134766e+00 -5.826130867004394531e+00 -4.369598388671875000e+00 8.739196777343750000e+00 -2.913065433502197266e+00
-7.282663583755493164e-01 -7.282663583755493164e-01 2.403278923034667969e+01 2.403278923034667969e+01 -5.826130867004394531e+00 -5.826130867004394531e+00 7.282663583755493164e-01 -4.369598388671875000e+00 -3.641331672668457031e+00 0.000000000000000000e+00 -2.184799194335937500e+00 4.369598388671875000e+00 -5.097864627838134766e+00 -5.097864627838134766e+00 8.010930061340332031e+00 -2.184799194335937500e+00
-2.184799194335937500e+00 -7.282663583755493164e-01 2.913065338134765625e+01 2.913065338134765625e+01 -6.554397106170654297e+00 -5.826130867004394531e+00 7.282663583755493164e-01 -4.369598388671875000e+00 -5.097864627838134766e+00 -7.282663583755493164e-01 -3.641331672668457031e+00 4.369598388671875000e+00 -5.826130867004394531e+00 -5.826130867004394531e+00 9.467462539672851562e+00 -2.913065433502197266e+00
1.456532716751098633e+00 0.000000000000000000e+00 2.111972427368164062e+01 2.111972427368164062e+01 -4.369598388671875000e+00 -5.097864627838134766e+00 2.913065433502197266e+00 -3.641331672668457031e+00 -2.184799194335937500e+00 7.282663583755493164e-01 -1.456532716751098633e+00 5.097864627838134766e+00 -4.369598388671875000e+00 -4.369598388671875000e+00 9.467462539672851562e+00 -2.184799194335937500e+00
7.282663583755493164e-01 7.282663583755493164e-01 2.403278923034667969e+01 2.403278923034667969e+01 -4.369598388671875000e+00 -5.097864627838134766e+00 2.913065433502197266e+00 -3.641331672668457031e+00 -2.184799194335937500e+00 7.282663583755493164e-01 -2.184799194335937500e+00 5.097864627838134766e+00 -4.369598388671875000e+00 -4.369598388671875000e+00 1.019572925567626953e+01 -2.184799194335937500e+00
-7.282663583755493164e-01 -7.282663583755493164e-01 2.111972427368164062e+01 2.111972427368164062e+01 -5.826130867004394531e+00 -5.097864627838134766e+00 1.456532716751098633e+00 -3.641331672668457031e+00 -3.641331672668457031e+00 7.282663583755493164e-01 -2.913065433502197266e+00 4.369598388671875000e+00 -7.282663345336914062e+00 -5.826130867004394531e+00 8.739196777343750000e+00 -2.913065433502197266e+00
-7.282663583755493164e-01 -7.282663583755493164e-01 2.548932266235351562e+01 2.548932266235351562e+01 -6.554397106170654297e+00 -5.097864627838134766e+00 1.456532716751098633e+00 -2.913065433502197266e+00 -4.369598388671875000e+00 7.282663583755493164e-01 -3.641331672668457031e+00 5.097864627838134766e+00 -8.010930061340332031e+00 -5.826130867004394531e+00 9.467462539672851562e+00 -2.913065433502197266e+00
7.282663583755493164e-01 -7.282663583755493164e-01 2.039145851135253906e+01 2.039145851135253906e+01 -3.641331672668457031e+00 -5.826130867004394531e+00 3.641331672668457031e+00 -2.913065433502197266e+00 -1.456532716751098633e+00 7.282663583755493164e-01 -1.456532716751098633e+00 4.369598388671875000e+00 -6.554397106170654297e+00 -6.554397106170654297e+00 8.010930061340332031e+00 -1.456532716751098633e+00
1.456532716751098633e+00 0.000000000000000000e+00 2.548932266235351562e+01 2.548932266235351562e+01 -3.641331672668457031e+00 -5.826130867004394531e+00 4.369598388671875000e+00 -2.913065433502197266e+00 -1.456532716751098633e+00 7.282663583755493164e-01 -7.282663583755493164e-01 5.097864627838134766e+00 -6.554397106170654297e+00 -6.554397106170654297e+00 1.019572925567626953e+01 -1.456532716751098633e+00
7.282663583755493164e-01 1.456532716751098633e+00 2.111972427368164062e+01 2.111972427368164062e+01 -5.826130867004394531e+00 -4.369598388671875000e+00 0.000000000000000000e+00 -2.184799194335937500e+00 -5.826130867004394531e+00 2.184799194335937500e+00 -3.641331672668457031e+00 5.826130867004394531e+00 -1.456532716751098633e+00 -4.369598388671875000e+00 9.467462539672851562e+00 -7.282663583755493164e-01
2.184799194335937500e+00 1.456532716751098633e+00 2.476105690002441406e+01 2.476105690002441406e+01 -5.097864627838134766e+00 -3.641331672668457031e+00 1.456532716751098633e+00 -7.282663583755493164e-01 -5.097864627838134766e+00 2.913065433502197266e+00 -2.913065433502197266e+00 6.554397106170654297e+00 -7.282663583755493164e-01 -5.097864627838134766e+00 1.238052845001220703e+01 0.000000000000000000e+00
-1.456532716751098633e+00 7.282663583755493164e-01 2.039145851135253906e+01 2.039145851135253906e+01 -3.641331672668457031e+00 -2.184799194335937500e+00 2.913065433502197266e+00 -3.641331672668457031e+00 1.456532716751098633e+00 2.184799194335937500e+00 7.282663583755493164e-01 5.826130867004394531e+00 -9.467462539672851562e+00 -2.184799194335937500e+00 4.369598388671875000e+00 -4.369598388671875000e+00
-7.282663583755493164e-01 1.456532716751098633e+00 2.548932266235351562e+01 2.548932266235351562e+01 -3.641331672668457031e+00 -2.184799194335937500e+00 3.641331672668457031e+00 -2.913065433502197266e+00 2.184799194335937500e+00 3.641331672668457031e+00 1.456532716751098633e+00 7.282663345336914062e+00 -1.092399501800537109e+01 -2.184799194335937500e+00 4.369598388671875000e+00 -3.641331672668457031e+00
-1.456532716751098633e+00 -7.282663583755493164e-01 2.039145851135253906e+01 2.039145851135253906e+01 -3.641331672668457031e+00 -4.369598388671875000e+00 2.913065433502197266e+00 -4.369598388671875000e+00 1.456532716751098633e+00 7.282663583755493164e-01 1.456532716751098633e+00 4.369598388671875000e+00 -9.467462539672851562e+00 -2.913065433502197266e+00 5.097864627838134766e+00 -3.641331672668457031e+00
-1.456532716751098633e+00 0.000000000000000000e+00 2.694585609436035156e+01 2.694585609436035156e+01 -4.369598388671875000e+00 -3.641331672668457031e+00 2.913065433502197266e+00 -4.369598388671875000e+00 2.184799194335937500e+00 1.456532716751098633e+00 2.184799194335937500e+00 5.826130867004394531e+00 -1.165226173400878906e+01 -2.184799194335937500e+00 5.097864627838134766e+00 -3.641331672668457031e+00
2.184799194335937500e+00 0.000000000000000000e+00 1.966319084167480469e+01 1.966319084167480469e+01 -2.913065433502197266e+00 -7.282663583755493164e-01 2.913065433502197266e+00 -2.913065433502197266e+00 1.456532716751098633e+00 2.913065433502197266e+00 2.913065433502197266e+00 5.826130867004394531e+00 -3.641331672668457031e+00 -7.282663583755493164e-01 9.467462539672851562e+00 -5.826130867004394531e+00
2.913065433502197266e+00 7.282663583755493164e-01 2.403278923034667969e+01 2.403278923034667969e+01 -2.913065433502197266e+00 -7.282663583755493164e-01 3.641331672668457031e+00 -2.913065433502197266e+00 2.184799194335937500e+00 3.641331672668457031e+00 4.369598388671875000e+00 5.826130867004394531e+00 -3.641331672668457031e+00 7.282663583755493164e-01 1.019572925567626953e+01 -6.554397106170654297e+00
1.456532716751098633e+00 2.184799194335937500e+00 1.820665931701660156e+01 1.747839355468750000e+01 -2.913065433502197266e+00 7.282663583755493164e-01 2.184799194335937500e+00 -1.456532716751098633e+00 1.456532716751098633e+00 4.369598388671875000e+00 2.913065433502197266e+00 6.554397106170654297e+00 -5.826130867004394531e+00 1.456532716751098633e+00 7.282663345336914062e+00 -3.641331672668457031e+00
7.282663583755493164e-01 2.184799194335937500e+00 2.039145851135253906e+01 2.039145851135253906e+01 -3.641331672668457031e+00 1.456532716751098633e+00 2.184799194335937500e+00 -1.456532716751098633e+00 1.456532716751098633e+00 4.369598388671875000e+00 2.913065433502197266e+00 6.554397106170654297e+00 -5.826130867004394531e+00 2.184799194335937500e+00 6.554397106170654297e+00 -3.641331672668457031e+00
-1.456532716751098633e+00 1.456532716751098633e+00 1.602186012268066406e+01 1.602186012268066406e+01 -3.641331672668457031e+00 -2.184799194335937500e+00 1.456532716751098633e+00 -2.913065433502197266e+00 1.456532716751098633e+00 1.456532716751098633e+00 1.456532716751098633e+00 4.369598388671875000e+00 -8.739196777343750000e+00 -7.282663583755493164e-01 2.913065433502197266e+00 -2.913065433502197266e+00
-2.184799194335937500e+00 1.456532716751098633e+00 1.747839355468750000e+01 1.747839355468750000e+01 -4.369598388671875000e+00 -2.184799194335937500e+00 0.000000000000000000e+00 -2.913065433502197266e+00 7.282663583755493164e-01 7.282663583755493164e-01 7.282663583755493164e-01 4.369598388671875000e+00 -8.010930061340332031e+00 -7.282663583755493164e-01 1.456532716751098633e+00 -2.913065433502197266e+00
0.000000000000000000e+00 7.282663583755493164e-01 1.675012588500976562e+01 1.675012588500976562e+01 -2.184799194335937500e+00 -2.913065433502197266e+00 2.913065433502197266e+00 -2.913065433502197266e+00 2.184799194335937500e+00 0.000000000000000000e+00 2.184799194335937500e+00 3.641331672668457031e+00 -7.282663345336914062e+00 -2.184799194335937500e+00 5.097864627838134766e+00 -2.913065433502197266e+00
7.282663583755493164e-01 7.282663583755493164e-01 1.966319084167480469e+01 1.966319084167480469e+01 -1.456532716751098633e+00 -2.913065433502197266e+00 3.641331672668457031e+00 -2.913065433502197266e+00 2.913065433502197266e+00 -7.282663583755493164e-01 3.641331672668457031e+00 2.913065433502197266e+00 -5.826130867004394531e+00 -2.184799194335937500e+00 5.097864627838134766e+00 -2.184799194335937500e+00
0.000000000000000000e+00 1.456532716751098633e+00 1.747839355468750000e+01 1.747839355468750000e+01 -1.456532716751098633e+00 -2.184799194335937500e+00 4.369598388671875000e+00 -2.184799194335937500e+00 2.913065433502197266e+00 1.456532716751098633e+00 2.184799194335937500e+00 4.369598388671875000e+00 -5.826130867004394531e+00 -2.184799194335937500e+00 5.826130867004394531e+00 -7.282663583755493164e-01
7.282663583755493164e-01 2.184799194335937500e+00 2.039145851135253906e+01 2.039145851135253906e+01 -7.282663583755493164e-01 -2.184799194335937500e+00 5.097864627838134766e+00 -7.282663583755493164e-01 3.641331672668457031e+00 1.456532716751098633e+00 3.641331672668457031e+00 4.369598388671875000e+00 -5.097864627838134766e+00 -1.456532716751098633e+00 5.826130867004394531e+00 1.456532716751098633e+00
-7.282663583755493164e-01 7.282663583755493164e-01 1.893492507934570312e+01 1.893492507934570312e+01 -2.913065433502197266e+00 -2.184799194335937500e+00 2.184799194335937500e+00 -7.282663583755493164e-01 0.000000000000000000e+00 2.184799194335937500e+00 0.000000000000000000e+00 5.097864627838134766e+00 -5.097864627838134766e+00 -3.641331672668457031e+00 5.826130867004394531e+00 -7.282663583755493164e-01
7.282663583755493164e-01 2.184799194335937500e+00 2.330452346801757812e+01 2.330452346801757812e+01 -2.184799194335937500e+00 -2.184799194335937500e+00 2.913065433502197266e+00 7.282663583755493164e-01 7.282663583755493164e-01 2.184799194335937500e+00 7.282663583755493164e-01 5.826130867004394531e+00 -4.369598388671875000e+00 -2.184799194335937500e+00 5.826130867004394531e+00 2.184799194335937500e+00
-1.456532716751098633e+00 7.282663583755493164e-01 1.747839355468750000e+01 1.747839355468750000e+01 -4.369598388671875000e+00 -2.913065433502197266e+00 7.282663583755493164e-01 -1.456532716751098633e+00 -2.184799194335937500e+00 1.456532716751098633e+00 -2.184799194335937500e+00 4.369598388671875000e+00 -5.826130867004394531e+00 -3.641331672668457031e+00 5.097864627838134766e+00 -1.456532716751098633e+00
-1.456532716751098633e+00 1.456532716751098633e+00 2.111972427368164062e+01 2.111972427368164062e+01 -4.369598388671875000e+00 -2.913065433502197266e+00 7.282663583755493164e-01 -7.282663583755493164e-01 -2.913065433502197266e+00 1.456532716751098633e+00 -2.913065433502197266e+00 4.369598388671875000e+00 -5.826130867004394531e+00 -2.913065433502197266e+00 5.826130867004394531e+00 1.456532716751098633e+00
-1.456532716751098633e+00 -7.282663583755493164e-01 1.747839355468750000e+01 1.747839355468750000e+01 -5.826130867004394531e+00 -2.913065433502197266e+00 -1.456532716751098633e+00 -2.184799194335937500e+00 -5.097864627838134766e+00 1.456532716751098633e+00 -4.369598388671875000e+00 3.641331672668457031e+00 -5.097864627838134766e+00 -4.369598388671875000e+00 5.097864627838134766e+00 -2.184799194335937500e+00
-2.184799194335937500e+00 7.282663583755493164e-01 2.039145851135253906e+01 2.039145851135253906e+01 -5.826130867004394531e+00 -2.913065433502197266e+00 -2.184799194335937500e+00 -1.456532716751098633e+00 -5.826130867004394531e+00 7.282663583755493164e-01 -5.097864627838134766e+00 3.641331672668457031e+00 -5.826130867004394531e+00 -4.369598388671875000e+00 4.369598388671875000e+00 -7.282663583755493164e-01
-2.913065433502197266e+00 -7.282663583755493164e-01 1.893492507934570312e+01 1.893492507934570312e+01 -7.282663345336914062e+00 -3.641331672668457031e+00 -2.184799194335937500e+00 -2.184799194335937500e+00 -6.554397106170654297e+00 1.456532716751098633e+00 -5.826130867004394531e+00 3.641331672668457031e+00 -7.282663345336914062e+00 -5.097864627838134766e+00 4.369598388671875000e+00 -2.184799194335937500e+00
-3.641331672668457031e+00 -7.282663583755493164e-01 2.111972427368164062e+01 2.111972427368164062e+01 -8.739196777343750000e+00 -5.097864627838134766e+00 -2.913065433502197266e+00 -2.184799194335937500e+00 -8.010930061340332031e+00 7.282663583755493164e-01 -8.010930061340332031e+00 3.641331672668457031e+00 -8.739196777343750000e+00 -6.554397106170654297e+00 4.369598388671875000e+00 -2.184799194335937500e+00
0.000000000000000000e+00 -7.282663583755493164e-01 1.966319084167480469e+01 1.966319084167480469e+01 -5.097864627838134766e+00 -3.641331672668457031e+00 1.456532716751098633e+00 -2.184799194335937500e+00 -3.641331672668457031e+00 2.184799194335937500e+00 -3.641331672668457031e+00 5.097864627838134766e+00 -5.826130867004394531e+00 -5.097864627838134766e+00 8.010930061340332031e+00 -2.184799194335937500e+00
-1.456532716751098633e+00 -7.282663583755493164e-01 2.330452346801757812e+01 2.330452346801757812e+01 -5.826130867004394531e+00 -5.097864627838134766e+00 1.456532716751098633e+00 -2.184799194335937500e+00 -5.097864627838134766e+00 1.456532716751098633e+00 -5.097864627838134766e+00 5.097864627838134766e+00 -6.554397106170654297e+00 -5.826130867004394531e+00 8.010930061340332031e+00 -1.456532716751098633e+00
7.282663583755493164e-01 1.456532716751098633e+00 1.966319084167480469e+01 1.966319084167480469e+01 -3.641331672668457031e+00 -2.913065433502197266e+00 3.641331672668457031e+00 -1.456532716751098633e+00 -1.456532716751098633e+00 2.913065433502197266e+00 -2.184799194335937500e+00 5.826130867004394531e+00 -6.554397106170654297e+00 -3.641331672668457031e+00 8.739196777343750000e+00 7.282663583755493164e-01
0.000000000000000000e+00 2.184799194335937500e+00 2.257625770568847656e+01 2.257625770568847656e+01 -3.641331672668457031e+00 -2.913065433502197266e+00 3.641331672668457031e+00 -7.282663583755493164e-01 -2.184799194335937500e+00 2.184799194335937500e+00 -2.913065433502197266e+00 5.826130867004394531e+00 -6.554397106170654297e+00 -4.369598388671875000e+00 8.010930061340332031e+00 2.184799194335937500e+00
0.000000000000000000e+00 1.456532716751098633e+00 2.039145851135253906e+01 2.039145851135253906e+01 -5.826130867004394531e+00 -4.369598388671875000e+00 2.913065433502197266e+00 -2.184799194335937500e+00 -2.913065433502197266e+00 2.184799194335937500e+00 -2.913065433502197266e+00 5.826130867004394531e+00 -8.010930061340332031e+00 -4.369598388671875000e+00 8.739196777343750000e+00 7.282663583755493164e-01
0.000000000000000000e+00 2.184799194335937500e+00 2.476105690002441406e+01 2.476105690002441406e+01 -5.826130867004394531e+00 -4.369598388671875000e+00 2.184799194335937500e+00 -1.456532716751098633e+00 -3.641331672668457031e+00 1.456532716751098633e+00 -3.641331672668457031e+00 5.826130867004394531e+00 -8.010930061340332031e+00 -4.369598388671875000e+00 8.739196777343750000e+00 2.184799194335937500e+00
1.456532716751098633e+00 7.282663583755493164e-01 2.039145851135253906e+01 2.039145851135253906e+01 -2.913065433502197266e+00 -5.097864627838134766e+00 4.369598388671875000e+00 -2.184799194335937500e+00 -1.456532716751098633e+00 7.282663583755493164e-01 -1.456532716751098633e+00 4.369598388671875000e+00 -5.826130867004394531e+00 -5.097864627838134766e+00 9.467462539672851562e+00 1.456532716751098633e+00
2.184799194335937500e+00 7.282663583755493164e-01 2.403278923034667969e+01 2.403278923034667969e+01 -2.913065433502197266e+00 -5.826130867004394531e+00 5.097864627838134766e+00 -2.184799194335937500e+00 -1.456532716751098633e+00 -7.282663583755493164e-01 -2.184799194335937500e+00 4.369598388671875000e+00 -5.826130867004394531e+00 -5.826130867004394531e+00 9.467462539672851562e+00 2.184799194335937500e+00
1.456532716751098633e+00 7.282663583755493164e-01 1.820665931701660156e+01 1.820665931701660156e+01 -5.826130867004394531e+00 -4.369598388671875000e+00 1.456532716751098633e+00 -2.184799194335937500e+00 -5.097864627838134766e+00 1.456532716751098633e+00 -4.369598388671875000e+00 5.097864627838134766e+00 -4.369598388671875000e+00 -3.641331672668457031e+00 9.467462539672851562e+00 7.282663583755493164e-01
2.184799194335937500e+00 7.282663583755493164e-01 2.039145851135253906e+01 2.039145851135253906e+01 -5.097864627838134766e+00 -3.641331672668457031e+00 2.184799194335937500e+00 -7.282663583755493164e-01 -4.369598388671875000e+00 1.456532716751098633e+00 -3.641331672668457031e+00 5.097864627838134766e+00 -2.913065433502197266e+00 -5.097864627838134766e+00 1.019572925567626953e+01 2.184799194335937500e+00
-2.184799194335937500e+00 7.282663583755493164e-01 2.039145851135253906e+01 2.039145851135253906e+01 -2.913065433502197266e+00 -2.184799194335937500e+00 2.913065433502197266e+00 -3.641331672668457031e+00 2.184799194335937500e+00 1.456532716751098633e+00 1.456532716751098633e+00 5.097864627838134766e+00 -9.467462539672851562e+00 -1.456532716751098633e+00 2.184799194335937500e+00 -2.913065433502197266e+00
-1.456532716751098633e+00 2.184799194335937500e+00 2.621758842468261719e+01 2.621758842468261719e+01 -2.913065433502197266e+00 -1.456532716751098633e+00 3.641331672668457031e+00 -2.184799194335937500e+00 2.184799194335937500e+00 3.641331672668457031e+00 2.184799194335937500e+00 7.282663345336914062e+00 -1.092399501800537109e+01 -7.282663583755493164e-01 2.913065433502197266e+00 -2.913065433502197266e+00
-1.456532716751098633e+00 1.456532716751098633e+00 2.111972427368164062e+01 2.111972427368164062e+01 -2.184799194335937500e+00 -2.913065433502197266e+00 3.641331672668457031e+00 -3.641331672668457031e+00 2.913065433502197266e+00 7.282663583755493164e-01 2.184799194335937500e+00 5.097864627838134766e+00 -8.739196777343750000e+00 -1.456532716751098633e+00 3.641331672668457031e+00 -1.456532716751098633e+00
-2.184799194335937500e+00 1.456532716751098633e+00 2.913065338134765625e+01 2.913065338134765625e+01 -2.184799194335937500e+00 -2.913065433502197266e+00 4.369598388671875000e+00 -2.913065433502197266e+00 2.913065433502197266e+00 2.184799194335937500e+00 2.184799194335937500e+00 7.282663345336914062e+00 -1.019572925567626953e+01 -1.456532716751098633e+00 4.369598388671875000e+00 -2.184799194335937500e+00
2.913065433502197266e+00 7.282663583755493164e-01 2.184799003601074219e+01 2.184799003601074219e+01 -7.282663583755493164e-01 -2.184799194335937500e+00 5.826130867004394531e+00 -2.913065433502197266e+00 2.913065433502197266e+00 2.184799194335937500e+00 2.913065433502197266e+00 5.826130867004394531e+00 -3.641331672668457031e+00 -2.184799194335937500e+00 9.467462539672851562e+00 -2.184799194335937500e+00
3.641331672668457031e+00 1.456532716751098633e+00 2.767412185668945312e+01 2.767412185668945312e+01 -7.282663583755493164e-01 -2.184799194335937500e+00 6.554397106170654297e+00 -2.184799194335937500e+00 3.641331672668457031e+00 3.641331672668457031e+00 4.369598388671875000e+00 7.282663345336914062e+00 -3.641331672668457031e+00 -1.456532716751098633e+00 1.165226173400878906e+01 -2.913065433502197266e+00
7.282663583755493164e-01 0.000000000000000000e+00 1.820665931701660156e+01 1.820665931701660156e+01 -3.641331672668457031e+00 -2.184799194335937500e+00 2.913065433502197266e+00 -3.641331672668457031e+00 7.282663583755493164e-01 2.184799194335937500e+00 2.184799194335937500e+00 5.826130867004394531e+00 -6.554397106170654297e+00 -2.184799194335937500e+00 8.010930061340332031e+00 -4.369598388671875000e+00
0.000000000000000000e+00 7.282663583755493164e-01 2.039145851135253906e+01 2.039145851135253906e+01 -3.641331672668457031e+00 -2.184799194335937500e+00 2.184799194335937500e+00 -2.184799194335937500e+00 7.282663583755493164e-01 2.913065433502197266e+00 2.184799194335937500e+00 5.826130867004394531e+00 -5.826130867004394531e+00 -2.184799194335937500e+00 8.010930061340332031e+00 -4.369598388671875000e+00
-2.184799194335937500e+00 0.000000000000000000e+00 1.747839355468750000e+01 1.747839355468750000e+01 -5.097864627838134766e+00 -2.913065433502197266e+00 7.282663583755493164e-01 -3.641331672668457031e+00 -7.282663583755493164e-01 1.456532716751098633e+00 7.282663583755493164e-01 5.097864627838134766e+00 -8.739196777343750000e+00 -2.184799194335937500e+00 3.641331672668457031e+00 -4.369598388671875000e+00
-2.913065433502197266e+00 7.282663583755493164e-01 2.111972427368164062e+01 2.111972427368164062e+01 -5.097864627838134766e+00 -2.913065433502197266e+00 7.282663583755493164e-01 -3.641331672668457031e+00 -1.456532716751098633e+00 7.282663583755493164e-01 0.000000000000000000e+00 5.097864627838134766e+00 -8.739196777343750000e+00 -2.184799194335937500e+00 4.369598388671875000e+00 -4.369598388671875000e+00
0.000000000000000000e+00 1.456532716751098633e+00 1.747839355468750000e+01 1.747839355468750000e+01 -1.456532716751098633e+00 -2.184799194335937500e+00 3.641331672668457031e+00 -2.913065433502197266e+00 2.184799194335937500e+00 0.000000000000000000e+00 2.184799194335937500e+00 2.913065433502197266e+00 -4.369598388671875000e+00 1.456532716751098633e+00 5.097864627838134766e+00 -1.456532716751098633e+00
1.456532716751098633e+00 2.184799194335937500e+00 2.403278923034667969e+01 2.403278923034667969e+01 -7.282663583755493164e-01 -1.456532716751098633e+00 5.097864627838134766e+00 -2.913065433502197266e+00 2.184799194335937500e+00 0.000000000000000000e+00 2.184799194335937500e+00 3.641331672668457031e+00 -3.641331672668457031e+00 2.184799194335937500e+00 8.010930061340332031e+00 -7.282663583755493164e-01
0.000000000000000000e+00 1.456532716751098633e+00 1.966319084167480469e+01 1.893492507934570312e+01 -7.282663583755493164e-01 -2.184799194335937500e+00 5.097864627838134766e+00 -2.913065433502197266e+00 2.913065433502197266e+00 0.000000000000000000e+00 2.184799194335937500e+00 4.369598388671875000e+00 -5.097864627838134766e+00 1.456532716751098633e+00 7.282663345336914062e+00 0.000000000000000000e+00
1.456532716751098633e+00 2.913065433502197266e+00 2.476105690002441406e+01 2.476105690002441406e+01 7.282663583755493164e-01 -2.184799194335937500e+00 6.554397106170654297e+00 -2.184799194335937500e+00 4.369598388671875000e+00 -7.282663583755493164e-01 3.641331672668457031e+00 4.369598388671875000e+00 -4.369598388671875000e+00 2.913065433502197266e+00 9.467462539672851562e+00 2.184799194335937500e+00
-1.456532716751098633e+00 1.456532716751098633e+00 2.039145851135253906e+01 2.039145851135253906e+01 -3.641331672668457031e+00 -3.641331672668457031e+00 2.184799194335937500e+00 -2.184799194335937500e+00 -1.456532716751098633e+00 1.456532716751098633e+00 -1.456532716751098633e+00 5.826130867004394531e+00 -5.826130867004394531e+00 -2.184799194335937500e+00 6.554397106170654297e+00 1.456532716751098633e+00
0.000000000000000000e+00 2.184799194335937500e+00 2.694585609436035156e+01 2.694585609436035156e+01 -2.913065433502197266e+00 -3.641331672668457031e+00 3.641331672668457031e+00 -1.456532716751098633e+00 -7.282663583755493164e-01 1.456532716751098633e+00 0.000000000000000000e+00 6.554397106170654297e+00 -5.826130867004394531e+00 -7.282663583755493164e-01 8.739196777343750000e+00 2.913065433502197266e+00
-1.456532716751098633e+00 1.456532716751098633e+00 1.820665931701660156e+01 1.820665931701660156e+01 -4.369598388671875000e+00 -3.641331672668457031e+00 1.456532716751098633e+00 -2.184799194335937500e+00 -2.184799194335937500e+00 7.282663583755493164e-01 -2.184799194335937500e+00 4.369598388671875000e+00 -5.826130867004394531e+00 -1.456532716751098633e+00 5.826130867004394531e+00 7.282663583755493164e-01
-2.184799194335937500e+00 2.184799194335937500e+00 2.257625770568847656e+01 2.257625770568847656e+01 -5.097864627838134766e+00 -2.913065433502197266e+00 1.456532716751098633e+00 -2.184799194335937500e+00 -2.913065433502197266e+00 1.456532716751098633e+00 -2.913065433502197266e+00 5.826130867004394531e+00 -8.010930061340332031e+00 -7.282663583755493164e-01 5.826130867004394531e+00 1.456532716751098633e+00
-2.184799194335937500e+00 7.282663583755493164e-01 1.893492507934570312e+01 1.893492507934570312e+01 -4.369598388671875000e+00 -3.641331672668457031e+00 7.282663583755493164e-01 -1.456532716751098633e+00 -2.913065433502197266e+00 1.456532716751098633e+00 -3.641331672668457031e+00 4.369598388671875000e+00 -6.554397106170654297e+00 -2.913065433502197266e+00 4.369598388671875000e+00 2.184799194335937500e+00
-2.913065433502197266e+00 2.184799194335937500e+00 2.184799003601074219e+01 2.184799003601074219e+01 -5.097864627838134766e+00 -2.913065433502197266e+00 7.282663583755493164e-01 0.000000000000000000e+00 -4.369598388671875000e+00 2.184799194335937500e+00 -5.097864627838134766e+00 5.826130867004394531e+00 -8.010930061340332031e+00 -2.913065433502197266e+00 3.641331672668457031e+00 2.913065433502197266e+00
-2.913065433502197266e+00 7.282663583755493164e-01 1.820665931701660156e+01 1.820665931701660156e+01 -5.097864627838134766e+00 -4.369598388671875000e+00 7.282663583755493164e-01 -1.456532716751098633e+00 -3.641331672668457031e+00 1.456532716751098633e+00 -5.097864627838134766e+00 4.369598388671875000e+00 -8.010930061340332031e+00 -4.369598388671875000e+00 4.369598388671875000e+00 1.456532716751098633e+00
-5.097864627838134766e+00 1.456532716751098633e+00 2.111972427368164062e+01 2.111972427368164062e+01 -5.826130867004394531e+00 -4.369598388671875000e+00 -7.282663583755493164e-01 -7.282663583755493164e-01 -5.097864627838134766e+00 1.456532716751098633e+00 -6.554397106170654297e+00 5.826130867004394531e+00 -9.467462539672851562e+00 -5.097864627838134766e+00 2.913065433502197266e+00 2.184799194335937500e+00
0.000000000000000000e+00 7.282663583755493164e-01 1.893492507934570312e+01 1.893492507934570312e+01 -2.184799194335937500e+00 -3.641331672668457031e+00 2.913065433502197266e+00 -1.456532716751098633e+00 -7.282663583755493164e-01 2.184799194335937500e+00 -2.184799194335937500e+00 5.097864627838134766e+00 -5.097864627838134766e+00 -4.369598388671875000e+00 5.826130867004394531e+00 -7.282663583755493164e-01
-1.456532716751098633e+00 1.456532716751098633e+00 2.184799003601074219e+01 2.184799003601074219e+01 -2.913065433502197266e+00 -3.641331672668457031e+00 2.913065433502197266e+00 -7.282663583755493164e-01 -1.456532716751098633e+00 2.184799194335937500e+00 -2.913065433502197266e+00 5.826130867004394531e+00 -5.826130867004394531e+00 -5.826130867004394531e+00 6.554397106170654297e+00 0.000000000000000000e+00
7.282663583755493164e-01 1.456532716751098633e+00 2.039145851135253906e+01 2.039145851135253906e+01 -3.641331672668457031e+00 -3.641331672668457031e+00 3.641331672668457031e+00 -1.456532716751098633e+00 -1.456532716751098633e+00 2.913065433502197266e+00 -2.184799194335937500e+00 6.554397106170654297e+00 -7.282663345336914062e+00 -4.369598388671875000e+00 9.467462539672851562e+00 0.000000000000000000e+00
7.282663583755493164e-01 2.184799194335937500e+00 2.330452346801757812e+01 2.330452346801757812e+01 -3.641331672668457031e+00 -3.641331672668457031e+00 4.369598388671875000e+00 -7.282663583755493164e-01 -1.456532716751098633e+00 2.913065433502197266e+00 -2.184799194335937500e+00 7.282663345336914062e+00 -7.282663345336914062e+00 -5.826130867004394531e+00 9.467462539672851562e+00 1.456532716751098633e+00
-7.282663583755493164e-01 1.456532716751098633e+00 2.111972427368164062e+01 2.111972427368164062e+01 -5.826130867004394531e+00 -5.097864627838134766e+00 2.913065433502197266e+00 -2.184799194335937500e+00 -2.184799194335937500e+00 1.456532716751098633e+00 -2.913065433502197266e+00 5.826130867004394531e+00 -9.467462539672851562e+00 -4.369598388671875000e+00 8.739196777343750000e+00 7.282663583755493164e-01
-1.456532716751098633e+00 2.184799194335937500e+00 2.476105690002441406e+01 2.476105690002441406e+01 -5.826130867004394531e+00 -5.826130867004394531e+00 2.913065433502197266e+00 -2.184799194335937500e+00 -3.641331672668457031e+00 7.282663583755493164e-01 -4.369598388671875000e+00 5.826130867004394531e+00 -9.467462539672851562e+00 -5.097864627838134766e+00 8.739196777343750000e+00 2.184799194335937500e+00
7.282663583755493164e-01 -7.282663583755493164e-01 1.966319084167480469e+01 1.966319084167480469e+01 -3.641331672668457031e+00 -6.554397106170654297e+00 3.641331672668457031e+00 -5.097864627838134766e+00 -1.456532716751098633e+00 -2.184799194335937500e+00 -1.456532716751098633e+00 2.184799194335937500e+00 -6.554397106170654297e+00 -4.369598388671875000e+00 8.010930061340332031e+00 0.000000000000000000e+00
1.456532716751098633e+00 -7.282663583755493164e-01 2.403278923034667969e+01 2.403278923034667969e+01 -2.913065433502197266e+00 -8.010930061340332031e+00 4.369598388671875000e+00 -5.097864627838134766e+00 -1.456532716751098633e+00 -3.641331672668457031e+00 -2.184799194335937500e+00 2.184799194335937500e+00 -5.826130867004394531e+00 -5.097864627838134766e+00 8.739196777343750000e+00 1.456532716751098633e+00
2.184799194335937500e+00 0.000000000000000000e+00 1.820665931701660156e+01 1.820665931701660156e+01 -5.097864627838134766e+00 -5.826130867004394531e+00 2.184799194335937500e+00 -2.913065433502197266e+00 -4.369598388671875000e+00 0.000000000000000000e+00 -3.641331672668457031e+00 4.369598388671875000e+00 -3.641331672668457031e+00 -4.369598388671875000e+00 1.019572925567626953e+01 -7.282663583755493164e-01
2.913065433502197266e+00 0.000000000000000000e+00 2.039145851135253906e+01 2.039145851135253906e+01 -3.641331672668457031e+00 -5.826130867004394531e+00 2.184799194335937500e+00 -2.184799194335937500e+00 -3.641331672668457031e+00 7.282663583755493164e-01 -2.913065433502197266e+00 4.369598388671875000e+00 -2.184799194335937500e+00 -5.826130867004394531e+00 1.092399501800537109e+01 7.282663583755493164e-01
-1.456532716751098633e+00 7.282663583755493164e-01 2.039145851135253906e+01 2.039145851135253906e+01 -1.456532716751098633e+00 -2.184799194335937500e+00 3.641331672668457031e+00 -2.184799194335937500e+00 2.913065433502197266e+00 2.184799194335937500e+00 1.456532716751098633e+00 5.826130867004394531e+00 -9.467462539672851562e+00 -2.913065433502197266e+00 2.184799194335937500e+00 -2.184799194335937500e+00
-1.456532716751098633e+00 2.184799194335937500e+00 2.548932266235351562e+01 2.548932266235351562e+01 -2.184799194335937500e+00 -2.184799194335937500e+00 4.369598388671875000e+00 -1.456532716751098633e+00 2.913065433502197266e+00 4.369598388671875000e+00 2.184799194335937500e+00 8.010930061340332031e+00 -1.019572925567626953e+01 -2.913065433502197266e+00 2.913065433502197266e+00 -2.184799194335937500e+00
-1.456532716751098633e+00 7.282663583755493164e-01 2.039145851135253906e+01 2.039145851135253906e+01 -2.184799194335937500e+00 -3.641331672668457031e+00 4.369598388671875000e+00 -2.184799194335937500e+00 2.184799194335937500e+00 1.456532716751098633e+00 1.456532716751098633e+00 5.097864627838134766e+00 -9.467462539672851562e+00 -3.641331672668457031e+00 3.641331672668457031e+00 -7.282663583755493164e-01
-2.184799194335937500e+00 1.456532716751098633e+00 2.621758842468261719e+01 2.621758842468261719e+01 -2.913065433502197266e+00 -3.641331672668457031e+00 4.369598388671875000e+00 -2.184799194335937500e+00 2.913065433502197266e+00 2.184799194335937500e+00 1.456532716751098633e+00 6.554397106170654297e+00 -1.165226173400878906e+01 -4.369598388671875000e+00 3.641331672668457031e+00 -7.282663583755493164e-01
1.456532716751098633e+00 -7.282663583755493164e-01 2.039145851135253906e+01 2.039145851135253906e+01 -2.184799194335937500e+00 -3.641331672668457031e+00 2.913065433502197266e+00 -3.641331672668457031e+00 1.456532716751098633e+00 0.000000000000000000e+00 2.184799194335937500e+00 4.369598388671875000e+00 -3.641331672668457031e+00 -2.184799194335937500e+00 6.554397106170654297e+00 -2.184799194335937500e+00
1.456532716751098633e+00 7.282663583755493164e-01 2.476105690002441406e+01 2.476105690002441406e+01 -2.184799194335937500e+00 -2.913065433502197266e+00 3.641331672668457031e+00 -3.641331672668457031e+00 1.456532716751098633e+00 1.456532716751098633e+00 2.184799194335937500e+00 5.826130867004394531e+00 -4.369598388671875000e+00 -2.184799194335937500e+00 8.010930061340332031e+00 -2.913065433502197266e+00
-1.456532716751098633e+00 -1.456532716751098633e+00 1.820665931701660156e+01 1.820665931701660156e+01 -5.097864627838134766e+00 -3.641331672668457031e+00 7.282663583755493164e-01 -4.369598388671875000e+00 -1.456532716751098633e+00 7.282663583755493164e-01 -7.282663583755493164e-01 4.369598388671875000e+00 -7.282663345336914062e+00 -2.913065433502197266e+00 5.097864627838134766e+00 -4.369598388671875000e+00
-1.456532716751098633e+00 -7.282663583755493164e-01 2.039145851135253906e+01 2.039145851135253906e+01 -5.826130867004394531e+00 -3.641331672668457031e+00 7.282663583755493164e-01 -3.641331672668457031e+00 -2.184799194335937500e+00 1.456532716751098633e+00 -7.282663583755493164e-01 5.097864627838134766e+00 -7.282663345336914062e+00 -2.913065433502197266e+00 5.826130867004394531e+00 -4.369598388671875000e+00
-2.184799194335937500e+00 -7.282663583755493164e-01 1.966319084167480469e+01 1.966319084167480469e+01 -4.369598388671875000e+00 -3.641331672668457031e+00 7.282663583755493164e-01 -5.097864627838134766e+00 -1.456532716751098633e+00 -7.282663583755493164e-01 -7.282663583755493164e-01 4.369598388671875000e+00 -8.010930061340332031e+00 -1.456532716751098633e+00 3.641331672668457031e+00 -4.369598388671875000e+00
-1.456532716751098633e+00 0.000000000000000000e+00 2.548932266235351562e+01 2.548932266235351562e+01 -4.369598388671875000e+00 -3.641331672668457031e+00 2.184799194335937500e+00 -5.097864627838134766e+00 -7.282663583755493164e-01 7.282663583755493164e-01 0.000000000000000000e+00 5.097864627838134766e+00 -8.010930061340332031e+00 -1.456532716751098633e+00 5.097864627838134766e+00 -4.369598388671875000e+00
7.282663583755493164e-01 1.456532716751098633e+00 2.039145851135253906e+01 2.039145851135253906e+01 -1.456532716751098633e+00 -2.184799194335937500e+00 2.913065433502197266e+00 -3.641331672668457031e+00 1.456532716751098633e+00 -1.456532716751098633e+00 1.456532716751098633e+00 2.913065433502197266e+00 -4.369598388671875000e+00 2.913065433502197266e+00 4.369598388671875000e+00 -1.456532716751098633e+00
2.184799194335937500e+00 2.184799194335937500e+00 2.767412185668945312e+01 2.767412185668945312e+01 -1.456532716751098633e+00 -2.184799194335937500e+00 4.369598388671875000e+00 -4.369598388671875000e+00 2.184799194335937500e+00 -7.282663583755493164e-01 2.913065433502197266e+00 4.369598388671875000e+00 -4.369598388671875000e+00 3.641331672668457031e+00 7.282663345336914062e+00 -2.184799194335937500e+00
-1.456532716751098633e+00 2.184799194335937500e+00 1.893492507934570312e+01 1.893492507934570312e+01 -4.369598388671875000e+00 -2.913065433502197266e+00 2.184799194335937500e+00 -2.913065433502197266e+00 -2.184799194335937500e+00 7.282663583755493164e-01 -2.184799194335937500e+00 5.097864627838134766e+00 -5.826130867004394531e+00 7.282663583755493164e-01 6.554397106170654297e+00 0.000000000000000000e+00
7.282663583755493164e-01 3.641331672668457031e+00 2.548932266235351562e+01 2.548932266235351562e+01 -3.641331672668457031e+00 -1.456532716751098633e+00 3.641331672668457031e+00 -2.184799194335937500e+00 -1.456532716751098633e+00 2.184799194335937500e+00 0.000000000000000000e+00 7.282663345336914062e+00 -6.554397106170654297e+00 2.184799194335937500e+00 9.467462539672851562e+00 7.282663583755493164e-01
-2.184799194335937500e+00 2.184799194335937500e+00 1.820665931701660156e+01 1.820665931701660156e+01 -5.097864627838134766e+00 -1.456532716751098633e+00 1.456532716751098633e+00 -7.282663583755493164e-01 -3.641331672668457031e+00 4.369598388671875000e+00 -3.641331672668457031e+00 8.010930061340332031e+00 -8.010930061340332031e+00 -1.456532716751098633e+00 5.826130867004394531e+00 7.282663583755493164e-01
-1.456532716751098633e+00 4.369598388671875000e+00 2.403278923034667969e+01 2.403278923034667969e+01 -5.826130867004394531e+00 0.000000000000000000e+00 2.184799194335937500e+00 7.282663583755493164e-01 -3.641331672668457031e+00 5.826130867004394531e+00 -2.913065433502197266e+00 1.019572925567626953e+01 -8.739196777343750000e+00 1.456532716751098633e+00 8.739196777343750000e+00 2.184799194335937500e+00
-2.184799194335937500e+00 2.184799194335937500e+00 1.747839355468750000e+01 1.747839355468750000e+01 -5.097864627838134766e+00 -7.282663583755493164e-01 1.456532716751098633e+00 0.000000000000000000e+00 -3.641331672668457031e+00 4.369598388671875000e+00 -3.641331672668457031e+00 8.010930061340332031e+00 -7.282663345336914062e+00 -7.282663583755493164e-01 5.826130867004394531e+00 7.282663583755493164e-01
-2.184799194335937500e+00 3.641331672668457031e+00 2.330452346801757812e+01 2.330452346801757812e+01 -5.826130867004394531e+00 7.282663583755493164e-01 2.184799194335937500e+00 7.282663583755493164e-01 -3.641331672668457031e+00 5.826130867004394531e+00 -3.641331672668457031e+00 1.019572925567626953e+01 -9.467462539672851562e+00 7.282663583755493164e-01 7.282663345336914062e+00 1.456532716751098633e+00
-3.641331672668457031e+00 2.913065433502197266e+00 1.820665931701660156e+01 1.820665931701660156e+01 -5.826130867004394531e+00 -7.282663583755493164e-01 7.282663583755493164e-01 -7.282663583755493164e-01 -3.641331672668457031e+00 2.913065433502197266e+00 -4.369598388671875000e+00 6.554397106170654297e+00 -9.467462539672851562e+00 2.184799194335937500e+00 4.369598388671875000e+00 2.184799194335937500e+00
-5.097864627838134766e+00 4.369598388671875000e+00 2.257625770568847656e+01 2.257625770568847656e+01 -6.554397106170654297e+00 1.456532716751098633e+00 -7.282663583755493164e-01 1.456532716751098633e+00 -5.097864627838134766e+00 5.097864627838134766e+00 -5.826130867004394531e+00 8.739196777343750000e+00 -1.092399501800537109e+01 3.641331672668457031e+00 3.641331672668457031e+00 3.641331672668457031e+00
-4.369598388671875000e+00 1.456532716751098633e+00 1.893492507934570312e+01 1.893492507934570312e+01 -5.826130867004394531e+00 -3.641331672668457031e+00 0.000000000000000000e+00 -2.184799194335937500e+00 -3.641331672668457031e+00 0.000000000000000000e+00 -5.097864627838134766e+00 3.641331672668457031e+00 -1.092399501800537109e+01 -7.282663583755493164e-01 2.184799194335937500e+00 2.184799194335937500e+00
-6.554397106170654297e+00 2.184799194335937500e+00 2.257625770568847656e+01 2.257625770568847656e+01 -7.282663345336914062e+00 -3.641331672668457031e+00 -1.456532716751098633e+00 -1.456532716751098633e+00 -5.097864627838134766e+00 7.282663583755493164e-01 -7.282663345336914062e+00 5.097864627838134766e+00 -1.310879421234130859e+01 0.000000000000000000e+00 0.000000000000000000e+00 3.641331672668457031e+00
0.000000000000000000e+00 0.000000000000000000e+00 2.039145851135253906e+01 2.039145851135253906e+01 -2.184799194335937500e+00 -4.369598388671875000e+00 4.369598388671875000e+00 -2.184799194335937500e+00 -7.282663583755493164e-01 0.000000000000000000e+00 -2.184799194335937500e+00 3.641331672668457031e+00 -5.826130867004394531e+00 -3.641331672668457031e+00 6.554397106170654297e+00 7.282663583755493164e-01
-7.282663583755493164e-01 7.282663583755493164e-01 2.476105690002441406e+01 2.476105690002441406e+01 -2.184799194335937500e+00 -4.369598388671875000e+00 5.097864627838134766e+00 -2.184799194335937500e+00 -7.282663583755493164e-01 1.456532716751098633e+00 -2.913065433502197266e+00 5.097864627838134766e+00 -7.282663345336914062e+00 -4.369598388671875000e+00 6.554397106170654297e+00 1.456532716751098633e+00
7.282663583755493164e-01 7.282663583755493164e-01 2.111972427368164062e+01 2.039145851135253906e+01 -2.913065433502197266e+00 -5.097864627838134766e+00 5.097864627838134766e+00 -2.184799194335937500e+00 -7.282663583755493164e-01 1.456532716751098633e+00 -2.184799194335937500e+00 5.826130867004394531e+00 -7.282663345336914062e+00 -5.097864627838134766e+00 9.467462539672851562e+00 7.282663583755493164e-01
7.282663583755493164e-01 1.456532716751098633e+00 2.403278923034667969e+01 2.403278923034667969e+01 -2.913065433502197266e+00 -5.097864627838134766e+00 5.097864627838134766e+00 -2.184799194335937500e+00 -7.282663583755493164e-01 1.456532716751098633e+00 -2.184799194335937500e+00 5.826130867004394531e+00 -7.282663345336914062e+00 -5.826130867004394531e+00 9.467462539672851562e+00 2.184799194335937500e+00
-1.456532716751098633e+00 0.000000000000000000e+00 2.184799003601074219e+01 2.184799003601074219e+01 -5.826130867004394531e+00 -6.554397106170654297e+00 2.913065433502197266e+00 -4.369598388671875000e+00 -2.913065433502197266e+00 -1.456532716751098633e+00 -3.641331672668457031e+00 4.369598388671875000e+00 -1.019572925567626953e+01 -5.826130867004394531e+00 8.739196777343750000e+00 -7.282663583755493164e-01
-1.456532716751098633e+00 7.282663583755493164e-01 2.548932266235351562e+01 2.548932266235351562e+01 -6.554397106170654297e+00 -7.282663345336914062e+00 2.913065433502197266e+00 -3.641331672668457031e+00 -3.641331672668457031e+00 -1.456532716751098633e+00 -5.097864627838134766e+00 5.097864627838134766e+00 -1.019572925567626953e+01 -5.826130867004394531e+00 8.739196777343750000e+00 1.456532716751098633e+00
0.000000000000000000e+00 -1.456532716751098633e+00 1.966319084167480469e+01 1.966319084167480469e+01 -4.369598388671875000e+00 -8.010930061340332031e+00 2.913065433502197266e+00 -5.097864627838134766e+00 -2.184799194335937500e+00 -2.913065433502197266e+00 -2.184799194335937500e+00 2.184799194335937500e+00 -8.010930061340332031e+00 -5.097864627838134766e+00 7.282663345336914062e+00 7.282663583755493164e-01
7.282663583755493164e-01 -7.282663583755493164e-01 2.403278923034667969e+01 2.403278923034667969e+01 -3.641331672668457031e+00 -9.467462539672851562e+00 3.641331672668457031e+00 -5.826130867004394531e+00 -2.184799194335937500e+00 -4.369598388671875000e+00 -3.641331672668457031e+00 1.456532716751098633e+00 -7.282663345336914062e+00 -5.826130867004394531e+00 8.010930061340332031e+00 2.184799194335937500e+00
1.456532716751098633e+00 -7.282663583755493164e-01 1.893492507934570312e+01 1.893492507934570312e+01 -5.097864627838134766e+00 -5.826130867004394531e+00 1.456532716751098633e+00 -4.369598388671875000e+00 -5.097864627838134766e+00 -1.456532716751098633e+00 -3.641331672668457031e+00 3.641331672668457031e+00 -3.641331672668457031e+00 -4.369598388671875000e+00 9.467462539672851562e+00 -7.282663583755493164e-01
2.184799194335937500e+00 7.282663583755493164e-01 2.039145851135253906e+01 2.039145851135253906e+01 -3.641331672668457031e+00 -5.826130867004394531e+00 2.184799194335937500e+00 -2.913065433502197266e+00 -4.369598388671875000e+00 -7.282663583755493164e-01 -3.641331672668457031e+00 3.641331672668457031e+00 -2.184799194335937500e+00 -5.097864627838134766e+00 9.467462539672851562e+00 1.456532716751098633e+00
-1.456532716751098633e+00 7.282663583755493164e-01 2.111972427368164062e+01 2.111972427368164062e+01 -2.184799194335937500e+00 -2.913065433502197266e+00 4.369598388671875000e+00 -2.184799194335937500e+00 2.184799194335937500e+00 2.913065433502197266e+00 0.000000000000000000e+00 5.826130867004394531e+00 -9.467462539672851562e+00 -5.097864627838134766e+00 4.369598388671875000e+00 -2.184799194335937500e+00
-7.282663583755493164e-01 2.184799194335937500e+00 2.548932266235351562e+01 2.548932266235351562e+01 -2.184799194335937500e+00 -2.913065433502197266e+00 5.097864627838134766e+00 -7.282663583755493164e-01 2.184799194335937500e+00 5.097864627838134766e+00 7.282663583755493164e-01 8.739196777343750000e+00 -1.092399501800537109e+01 -5.097864627838134766e+00 4.369598388671875000e+00 -1.456532716751098633e+00
-2.184799194335937500e+00 7.282663583755493164e-01 2.111972427368164062e+01 2.111972427368164062e+01 -2.184799194335937500e+00 -4.369598388671875000e+00 3.641331672668457031e+00 -1.456532716751098633e+00 2.184799194335937500e+00 2.184799194335937500e+00 -7.282663583755493164e-01 5.826130867004394531e+00 -1.019572925567626953e+01 -5.826130867004394531e+00 2.913065433502197266e+00 0.000000000000000000e+00
-2.913065433502197266e+00 1.456532716751098633e+00 2.694585609436035156e+01 2.767412185668945312e+01 -2.184799194335937500e+00 -4.369598388671875000e+00 3.641331672668457031e+00 -7.282663583755493164e-01 2.184799194335937500e+00 3.641331672668457031e+00 -1.456532716751098633e+00 7.282663345336914062e+00 -1.165226173400878906e+01 -5.826130867004394531e+00 2.184799194335937500e+00 1.456532716751098633e+00
7.282663583755493164e-01 7.282663583755493164e-01 1.893492507934570312e+01 1.893492507934570312e+01 -3.641331672668457031e+00 0.000000000000000000e+00 1.456532716751098633e+00 -2.184799194335937500e+00 -7.282663583755493164e-01 2.913065433502197266e+00 1.456532716751098633e+00 5.097864627838134766e+00 -4.369598388671875000e+00 7.282663583755493164e-01 5.826130867004394531e+00 -3.641331672668457031e+00
7.282663583755493164e-01 7.282663583755493164e-01 2.184799003601074219e+01 2.184799003601074219e+01 -4.369598388671875000e+00 7.282663583755493164e-01 7.282663583755493164e-01 -2.184799194335937500e+00 -1.456532716751098633e+00 2.913065433502197266e+00 1.456532716751098633e+00 5.097864627838134766e+00 -5.826130867004394531e+00 7.282663583755493164e-01 5.826130867004394531e+00 -4.369598388671875000e+00
-7.282663583755493164e-01 0.000000000000000000e+00 1.675012588500976562e+01 1.675012588500976562e+01 -5.826130867004394531e+00 -7.282663583755493164e-01 0.000000000000000000e+00 -2.184799194335937500e+00 -2.184799194335937500e+00 2.913065433502197266e+00 7.282663583755493164e-01 5.097864627838134766e+00 -5.826130867004394531e+00 -1.456532716751098633e+00 6.554397106170654297e+00 -5.097864627838134766e+00
-7.282663583755493164e-01 0.000000000000000000e+00 1.893492507934570312e+01 1.893492507934570312e+01 -5.097864627838134766e+00 -7.282663583755493164e-01 -7.282663583755493164e-01 -2.184799194335937500e+00 -2.184799194335937500e+00 2.913065433502197266e+00 7.282663583755493164e-01 5.097864627838134766e+00 -5.097864627838134766e+00 -1.456532716751098633e+00 5.826130867004394531e+00 -5.097864627838134766e+00
-7.282663583755493164e-01 0.000000000000000000e+00 1.893492507934570312e+01 1.893492507934570312e+01 -4.369598388671875000e+00 -2.184799194335937500e+00 7.282663583755493164e-01 -3.641331672668457031e+00 -7.282663583755493164e-01 7.282663583755493164e-01 7.282663583755493164e-01 4.369598388671875000e+00 -7.282663345336914062e+00 -1.456532716751098633e+00 5.097864627838134766e+00 -4.369598388671875000e+00
0.000000000000000000e+00 -7.282663583755493164e-01 2.548932266235351562e+01 2.548932266235351562e+01 -4.369598388671875000e+00 -2.913065433502197266e+00 1.456532716751098633e+00 -5.097864627838134766e+00 0.000000000000000000e+00 7.282663583755493164e-01 2.184799194335937500e+00 5.097864627838134766e+00 -6.554397106170654297e+00 -2.184799194335937500e+00 5.826130867004394531e+00 -5.826130867004394531e+00
2.184799194335937500e+00 -7.282663583755493164e-01 2.184799003601074219e+01 2.184799003601074219e+01 -7.282663583755493164e-01 -3.641331672668457031e+00 5.097864627838134766e+00 -5.826130867004394531e+00 1.456532716751098633e+00 -1.456532716751098633e+00 2.184799194335937500e+00 2.184799194335937500e+00 -3.641331672668457031e+00 -7.282663583755493164e-01 8.739196777343750000e+00 -3.641331672668457031e+00
3.641331672668457031e+00 -7.282663583755493164e-01 2.913065338134765625e+01 2.913065338134765625e+01 0.000000000000000000e+00 -2.184799194335937500e+00 5.826130867004394531e+00 -5.826130867004394531e+00 2.913065433502197266e+00 0.000000000000000000e+00 3.641331672668457031e+00 3.641331672668457031e+00 -3.641331672668457031e+00 1.456532716751098633e+00 1.019572925567626953e+01 -4.369598388671875000e+00
1.456532716751098633e+00 2.184799194335937500e+00 2.111972427368164062e+01 2.111972427368164062e+01 -1.456532716751098633e+00 -1.456532716751098633e+00 6.554397106170654297e+00 -2.913065433502197266e+00 1.456532716751098633e+00 2.184799194335937500e+00 -7.282663583755493164e-01 5.826130867004394531e+00 -7.282663345336914062e+00 1.456532716751098633e+00 9.467462539672851562e+00 -7.282663583755493164e-01
3.641331672668457031e+00 5.097864627838134766e+00 3.204372024536132812e+01 3.204372024536132812e+01 -7.282663583755493164e-01 7.282663583755493164e-01 9.467462539672851562e+00 -1.456532716751098633e+00 3.641331672668457031e+00 5.826130867004394531e+00 2.184799194335937500e+00 1.092399501800537109e+01 -8.010930061340332031e+00 3.641331672668457031e+00 1.310879421234130859e+01 2.184799194335937500e+00
-1.456532716751098633e+00 3.641331672668457031e+00 2.476105690002441406e+01 2.476105690002441406e+01 -2.913065433502197266e+00 -1.456532716751098633e+00 6.554397106170654297e+00 -2.184799194335937500e+00 1.456532716751098633e+00 5.097864627838134766e+00 -1.456532716751098633e+00 9.467462539672851562e+00 -1.165226173400878906e+01 -7.282663583755493164e-01 9.467462539672851562e+00 0.000000000000000000e+00
7.282663583755493164e-01 8.010930061340332031e+00 3.641331863403320312e+01 3.641331863403320312e+01 -2.913065433502197266e+00 1.456532716751098633e+00 9.467462539672851562e+00 2.184799194335937500e+00 2.913065433502197266e+00 9.467462539672851562e+00 1.456532716751098633e+00 1.602186012268066406e+01 -1.310879421234130859e+01 3.641331672668457031e+00 1.310879421234130859e+01 5.826130867004394531e+00
-7.282663583755493164e-01 3.641331672668457031e+00 2.548932266235351562e+01 2.548932266235351562e+01 -5.826130867004394531e+00 -2.913065433502197266e+00 4.369598388671875000e+00 -2.913065433502197266e+00 -1.456532716751098633e+00 3.641331672668457031e+00 -1.456532716751098633e+00 9.467462539672851562e+00 -1.092399501800537109e+01 7.282663583755493164e-01 1.019572925567626953e+01 0.000000000000000000e+00
0.000000000000000000e+00 8.739196777343750000e+00 3.786985015869140625e+01 3.786985015869140625e+01 -7.282663345336914062e+00 -7.282663583755493164e-01 6.554397106170654297e+00 0.000000000000000000e+00 -7.282663583755493164e-01 8.010930061340332031e+00 -7.282663583755493164e-01 1.602186012268066406e+01 -1.383706092834472656e+01 5.097864627838134766e+00 1.383706092834472656e+01 5.097864627838134766e+00
-2.913065433502197266e+00 5.826130867004394531e+00 2.330452346801757812e+01 2.257625770568847656e+01 -7.282663345336914062e+00 1.456532716751098633e+00 2.184799194335937500e+00 2.184799194335937500e+00 -2.184799194335937500e+00 7.282663345336914062e+00 -3.641331672668457031e+00 1.165226173400878906e+01 -1.310879421234130859e+01 2.913065433502197266e+00 8.010930061340332031e+00 2.913065433502197266e+00
-5.097864627838134766e+00 8.739196777343750000e+00 3.058718681335449219e+01 3.058718681335449219e+01 -8.739196777343750000e+00 3.641331672668457031e+00 1.456532716751098633e+00 4.369598388671875000e+00 -3.641331672668457031e+00 1.092399501800537109e+01 -4.369598388671875000e+00 1.602186012268066406e+01 -1.602186012268066406e+01 5.097864627838134766e+00 6.554397106170654297e+00 5.826130867004394531e+00
-5.097864627838134766e+00 4.369598388671875000e+00 2.039145851135253906e+01 2.039145851135253906e+01 -8.010930061340332031e+00 -7.282663583755493164e-01 -1.456532716751098633e+00 -7.282663583755493164e-01 -2.913065433502197266e+00 2.913065433502197266e+00 -3.641331672668457031e+00 7.282663345336914062e+00 -1.383706092834472656e+01 3.641331672668457031e+00 1.456532716751098633e+00 3.641331672668457031e+00
-8.010930061340332031e+00 5.826130867004394531e+00 2.548932266235351562e+01 2.548932266235351562e+01 -1.019572925567626953e+01 7.282663583755493164e-01 -2.913065433502197266e+00 1.456532716751098633e+00 -5.097864627838134766e+00 4.369598388671875000e+00 -6.554397106170654297e+00 9.467462539672851562e+00 -1.747839355468750000e+01 5.097864627838134766e+00 -1.456532716751098633e+00 5.097864627838134766e+00
7.282663583755493164e-01 1.456532716751098633e+00 1.966319084167480469e+01 1.966319084167480469e+01 -2.184799194335937500e+00 -3.641331672668457031e+00 3.641331672668457031e+00 -2.184799194335937500e+00 -7.282663583755493164e-01 -7.282663583755493164e-01 -2.184799194335937500e+00 2.913065433502197266e+00 -6.554397106170654297e+00 -1.456532716751098633e+00 5.826130867004394531e+00 2.184799194335937500e+00
0.000000000000000000e+00 2.184799194335937500e+00 2.548932266235351562e+01 2.548932266235351562e+01 -2.184799194335937500e+00 -3.641331672668457031e+00 5.097864627838134766e+00 -2.184799194335937500e+00 -7.282663583755493164e-01 7.282663583755493164e-01 -2.184799194335937500e+00 5.097864627838134766e+00 -8.010930061340332031e+00 -1.456532716751098633e+00 6.554397106170654297e+00 2.184799194335937500e+00
0.000000000000000000e+00 1.456532716751098633e+00 2.111972427368164062e+01 2.111972427368164062e+01 -3.641331672668457031e+00 -4.369598388671875000e+00 4.369598388671875000e+00 -2.184799194335937500e+00 -1.456532716751098633e+00 7.282663583755493164e-01 -2.913065433502197266e+00 4.369598388671875000e+00 -7.282663345336914062e+00 -2.913065433502197266e+00 8.739196777343750000e+00 2.184799194335937500e+00
7.282663583755493164e-01 2.184799194335937500e+00 2.548932266235351562e+01 2.548932266235351562e+01 -2.184799194335937500e+00 -4.369598388671875000e+00 5.097864627838134766e+00 -2.184799194335937500e+00 -1.456532716751098633e+00 0.000000000000000000e+00 -2.913065433502197266e+00 5.097864627838134766e+00 -6.554397106170654297e+00 -3.641331672668457031e+00 9.467462539672851562e+00 2.913065433502197266e+00
-2.184799194335937500e+00 7.282663583755493164e-01 2.111972427368164062e+01 2.111972427368164062e+01 -6.554397106170654297e+00 -6.554397106170654297e+00 2.184799194335937500e+00 -4.369598388671875000e+00 -3.641331672668457031e+00 -1.456532716751098633e+00 -4.369598388671875000e+00 4.369598388671875000e+00 -1.019572925567626953e+01 -5.097864627838134766e+00 8.010930061340332031e+00 -7.282663583755493164e-01
-2.184799194335937500e+00 1.456532716751098633e+00 2.548932266235351562e+01 2.548932266235351562e+01 -7.282663345336914062e+00 -6.554397106170654297e+00 2.184799194335937500e+00 -2.913065433502197266e+00 -5.097864627838134766e+00 -7.282663583755493164e-01 -5.826130867004394531e+00 5.097864627838134766e+00 -1.092399501800537109e+01 -5.097864627838134766e+00 8.010930061340332031e+00 1.456532716751098633e+00
0.000000000000000000e+00 -7.282663583755493164e-01 1.966319084167480469e+01 1.966319084167480469e+01 -3.641331672668457031e+00 -7.282663345336914062e+00 2.913065433502197266e+00 -4.369598388671875000e+00 -7.282663583755493164e-01 -2.913065433502197266e+00 -2.184799194335937500e+00 2.184799194335937500e+00 -8.010930061340332031e+00 -5.097864627838134766e+00 6.554397106170654297e+00 2.184799194335937500e+00
0.000000000000000000e+00 -7.282663583755493164e-01 2.403278923034667969e+01 2.403278923034667969e+01 -2.913065433502197266e+00 -8.739196777343750000e+00 4.369598388671875000e+00 -4.369598388671875000e+00 -1.456532716751098633e+00 -4.369598388671875000e+00 -2.913065433502197266e+00 2.184799194335937500e+00 -7.282663345336914062e+00 -5.826130867004394531e+00 7.282663345336914062e+00 2.913065433502197266e+00
7.282663583755493164e-01 -7.282663583755493164e-01 1.893492507934570312e+01 1.893492507934570312e+01 -5.097864627838134766e+00 -6.554397106170654297e+00 1.456532716751098633e+00 -4.369598388671875000e+00 -4.369598388671875000e+00 -1.456532716751098633e+00 -4.369598388671875000e+00 3.641331672668457031e+00 -4.369598388671875000e+00 -5.826130867004394531e+00 8.739196777343750000e+00 0.000000000000000000e+00
2.184799194335937500e+00 0.000000000000000000e+00 2.039145851135253906e+01 2.039145851135253906e+01 -4.369598388671875000e+00 -6.554397106170654297e+00 2.184799194335937500e+00 -2.913065433502197266e+00 -4.369598388671875000e+00 -7.282663583755493164e-01 -3.641331672668457031e+00 4.369598388671875000e+00 -2.913065433502197266e+00 -5.826130867004394531e+00 9.467462539672851562e+00 1.456532716751098633e+00
-1.456532716751098633e+00 7.282663583755493164e-01 2.257625770568847656e+01 2.257625770568847656e+01 -2.184799194335937500e+00 -2.913065433502197266e+00 2.913065433502197266e+00 -3.641331672668457031e+00 2.184799194335937500e+00 7.282663583755493164e-01 1.456532716751098633e+00 4.369598388671875000e+00 -8.010930061340332031e+00 -7.282663583755493164e-01 2.913065433502197266e+00 -2.184799194335937500e+00
-1.456532716751098633e+00 2.184799194335937500e+00 2.767412185668945312e+01 2.767412185668945312e+01 -2.184799194335937500e+00 -2.184799194335937500e+00 3.641331672668457031e+00 -2.913065433502197266e+00 2.184799194335937500e+00 2.184799194335937500e+00 2.184799194335937500e+00 5.826130867004394531e+00 -9.467462539672851562e+00 0.000000000000000000e+00 4.369598388671875000e+00 -2.184799194335937500e+00
-1.456532716751098633e+00 7.282663583755493164e-01 2.257625770568847656e+01 2.257625770568847656e+01 -2.184799194335937500e+00 -3.641331672668457031e+00 3.641331672668457031e+00 -4.369598388671875000e+00 2.913065433502197266e+00 0.000000000000000000e+00 2.184799194335937500e+00 4.369598388671875000e+00 -9.467462539672851562e+00 -1.456532716751098633e+00 3.641331672668457031e+00 -2.184799194335937500e+00
-2.184799194335937500e+00 1.456532716751098633e+00 3.058718681335449219e+01 3.058718681335449219e+01 -2.913065433502197266e+00 -3.641331672668457031e+00 5.097864627838134766e+00 -3.641331672668457031e+00 2.913065433502197266e+00 1.456532716751098633e+00 2.184799194335937500e+00 6.554397106170654297e+00 -1.165226173400878906e+01 -1.456532716751098633e+00 4.369598388671875000e+00 -1.456532716751098633e+00
7.282663583755493164e-01 7.282663583755493164e-01 2.039145851135253906e+01 2.039145851135253906e+01 -7.282663583755493164e-01 -2.184799194335937500e+00 2.913065433502197266e+00 -2.913065433502197266e+00 2.913065433502197266e+00 -7.282663583755493164e-01 3.641331672668457031e+00 2.184799194335937500e+00 -3.641331672668457031e+00 2.184799194335937500e+00 4.369598388671875000e+00 0.000000000000000000e+00
1.456532716751098633e+00 7.282663583755493164e-01 2.403278923034667969e+01 2.403278923034667969e+01 -1.456532716751098633e+00 -1.456532716751098633e+00 3.641331672668457031e+00 -2.913065433502197266e+00 2.913065433502197266e+00 -7.282663583755493164e-01 3.641331672668457031e+00 2.184799194335937500e+00 -4.369598388671875000e+00 2.184799194335937500e+00 5.826130867004394531e+00 -7.282663583755493164e-01
-7.282663583755493164e-01 -7.282663583755493164e-01 1.820665931701660156e+01 1.820665931701660156e+01 -4.369598388671875000e+00 -3.641331672668457031e+00 1.456532716751098633e+00 -4.369598388671875000e+00 -1.456532716751098633e+00 0.000000000000000000e+00 -7.282663583755493164e-01 3.641331672668457031e+00 -5.826130867004394531e+00 -2.184799194335937500e+00 5.826130867004394531e+00 -3.641331672668457031e+00
-7.282663583755493164e-01 -1.456532716751098633e+00 2.039145851135253906e+01 2.039145851135253906e+01 -3.641331672668457031e+00 -3.641331672668457031e+00 2.184799194335937500e+00 -3.641331672668457031e+00 -1.456532716751098633e+00 -7.282663583755493164e-01 0.000000000000000000e+00 2.913065433502197266e+00 -5.826130867004394531e+00 -2.184799194335937500e+00 5.826130867004394531e+00 -2.913065433502197266e+00
0.000000000000000000e+00 -7.282663583755493164e-01 2.039145851135253906e+01 2.039145851135253906e+01 -2.913065433502197266e+00 -4.369598388671875000e+00 2.184799194335937500e+00 -4.369598388671875000e+00 -7.282663583755493164e-01 -7.282663583755493164e-01 7.282663583755493164e-01 3.641331672668457031e+00 -5.826130867004394531e+00 -3.641331672668457031e+00 5.826130867004394531e+00 -3.641331672668457031e+00
1.456532716751098633e+00 -2.184799194335937500e+00 2.840238761901855469e+01 2.840238761901855469e+01 -2.184799194335937500e+00 -5.097864627838134766e+00 2.913065433502197266e+00 -5.826130867004394531e+00 1.456532716751098633e+00 0.000000000000000000e+00 2.184799194335937500e+00 4.369598388671875000e+00 -5.826130867004394531e+00 -4.369598388671875000e+00 7.282663345336914062e+00 -5.097864627838134766e+00
5.097864627838134766e+00 -7.282663583755493164e-01 2.330452346801757812e+01 2.330452346801757812e+01 5.826130867004394531e+00 -5.097864627838134766e+00 9.467462539672851562e+00 -4.369598388671875000e+00 8.010930061340332031e+00 -2.184799194335937500e+00 6.554397106170654297e+00 1.456532716751098633e+00 0.000000000000000000e+00 -1.456532716751098633e+00 8.739196777343750000e+00 -7.282663583755493164e-01
7.282663345336914062e+00 -1.456532716751098633e+00 3.131545257568359375e+01 3.131545257568359375e+01 7.282663345336914062e+00 -4.369598388671875000e+00 1.238052845001220703e+01 -5.097864627838134766e+00 1.092399501800537109e+01 -7.282663583755493164e-01 9.467462539672851562e+00 3.641331672668457031e+00 7.282663583755493164e-01 -1.456532716751098633e+00 1.238052845001220703e+01 -1.456532716751098633e+00
2.913065433502197266e+00 1.456532716751098633e+00 2.476105690002441406e+01 2.476105690002441406e+01 4.369598388671875000e+00 -3.641331672668457031e+00 1.310879421234130859e+01 -4.369598388671875000e+00 9.467462539672851562e+00 1.456532716751098633e+00 6.554397106170654297e+00 5.826130867004394531e+00 -8.739196777343750000e+00 -7.282663583755493164e-01 1.238052845001220703e+01 -2.184799194335937500e+00
6.554397106170654297e+00 3.641331672668457031e+00 3.641331863403320312e+01 3.641331863403320312e+01 5.826130867004394531e+00 -2.913065433502197266e+00 1.747839355468750000e+01 -3.641331672668457031e+00 1.238052845001220703e+01 3.641331672668457031e+00 9.467462539672851562e+00 9.467462539672851562e+00 -8.010930061340332031e+00 1.456532716751098633e+00 1.893492507934570312e+01 7.282663583755493164e-01
1.456532716751098633e+00 2.913065433502197266e+00 2.840238761901855469e+01 2.840238761901855469e+01 -2.184799194335937500e+00 -4.369598388671875000e+00 1.165226173400878906e+01 -5.097864627838134766e+00 5.826130867004394531e+00 2.184799194335937500e+00 5.097864627838134766e+00 9.467462539672851562e+00 -1.310879421234130859e+01 0.000000000000000000e+00 1.529359340667724609e+01 -1.456532716751098633e+00
2.913065433502197266e+00 7.282663345336914062e+00 3.932638168334960938e+01 3.932638168334960938e+01 -2.913065433502197266e+00 -2.913065433502197266e+00 1.383706092834472656e+01 -3.641331672668457031e+00 6.554397106170654297e+00 5.097864627838134766e+00 5.826130867004394531e+00 1.456532669067382812e+01 -1.456532669067382812e+01 3.641331672668457031e+00 2.039145851135253906e+01 2.913065433502197266e+00
7.282663583755493164e-01 4.369598388671875000e+00 2.767412185668945312e+01 2.767412185668945312e+01 -8.010930061340332031e+00 -3.641331672668457031e+00 7.282663345336914062e+00 -2.913065433502197266e+00 -1.456532716751098633e+00 3.641331672668457031e+00 -2.184799194335937500e+00 1.092399501800537109e+01 -1.383706092834472656e+01 7.282663583755493164e-01 1.456532669067382812e+01 2.184799194335937500e+00
-2.184799194335937500e+00 8.010930061340332031e+00 4.005464935302734375e+01 4.005464935302734375e+01 -1.092399501800537109e+01 -3.641331672668457031e+00 7.282663345336914062e+00 -2.184799194335937500e+00 -2.913065433502197266e+00 6.554397106170654297e+00 -3.641331672668457031e+00 1.529359340667724609e+01 -1.966319084167480469e+01 2.184799194335937500e+00 1.747839355468750000e+01 5.097864627838134766e+00
-3.641331672668457031e+00 3.641331672668457031e+00 2.694585609436035156e+01 2.694585609436035156e+01 -1.238052845001220703e+01 -2.913065433502197266e+00 7.282663583755493164e-01 -2.184799194335937500e+00 -6.554397106170654297e+00 5.097864627838134766e+00 -6.554397106170654297e+00 1.092399501800537109e+01 -1.747839355468750000e+01 0.000000000000000000e+00 9.467462539672851562e+00 1.456532716751098633e+00
-8.010930061340332031e+00 5.097864627838134766e+00 3.714158248901367188e+01 3.714158248901367188e+01 -1.675012588500976562e+01 -2.913065433502197266e+00 -7.282663583755493164e-01 -2.184799194335937500e+00 -9.467462539672851562e+00 6.554397106170654297e+00 -1.019572925567626953e+01 1.383706092834472656e+01 -2.476105690002441406e+01 -7.282663583755493164e-01 8.739196777343750000e+00 2.184799194335937500e+00
-5.826130867004394531e+00 2.184799194335937500e+00 2.330452346801757812e+01 2.257625770568847656e+01 -1.165226173400878906e+01 -3.641331672668457031e+00 -3.641331672668457031e+00 -2.184799194335937500e+00 -6.554397106170654297e+00 2.184799194335937500e+00 -6.554397106170654297e+00 7.282663345336914062e+00 -1.675012588500976562e+01 -7.282663583755493164e-01 2.184799194335937500e+00 1.456532716751098633e+00
-9.467462539672851562e+00 2.913065433502197266e+00 3.058718681335449219e+01 3.058718681335449219e+01 -1.456532669067382812e+01 -4.369598388671875000e+00 -4.369598388671875000e+00 -2.913065433502197266e+00 -9.467462539672851562e+00 2.913065433502197266e+00 -9.467462539672851562e+00 9.467462539672851562e+00 -2.111972427368164062e+01 -7.282663583755493164e-01 7.282663583755493164e-01 2.184799194335937500e+00
-1.456532716751098633e+00 2.184799194335937500e+00 2.039145851135253906e+01 2.039145851135253906e+01 -4.369598388671875000e+00 -2.913065433502197266e+00 2.184799194335937500e+00 -2.184799194335937500e+00 -2.184799194335937500e+00 -7.282663583755493164e-01 -2.913065433502197266e+00 3.641331672668457031e+00 -8.010930061340332031e+00 7.282663583755493164e-01 5.826130867004394531e+00 2.184799194335937500e+00
-1.456532716751098633e+00 2.184799194335937500e+00 2.767412185668945312e+01 2.767412185668945312e+01 -5.097864627838134766e+00 -3.641331672668457031e+00 2.913065433502197266e+00 -2.913065433502197266e+00 -2.184799194335937500e+00 7.282663583755493164e-01 -3.641331672668457031e+00 5.097864627838134766e+00 -9.467462539672851562e+00 7.282663583755493164e-01 7.282663345336914062e+00 2.184799194335937500e+00
7.282663583755493164e-01 1.456532716751098633e+00 2.111972427368164062e+01 2.111972427368164062e+01 -4.369598388671875000e+00 -5.097864627838134766e+00 2.913065433502197266e+00 -3.641331672668457031e+00 -2.184799194335937500e+00 -1.456532716751098633e+00 -2.913065433502197266e+00 3.641331672668457031e+00 -6.554397106170654297e+00 -2.184799194335937500e+00 8.739196777343750000e+00 7.282663583755493164e-01
1.456532716751098633e+00 2.184799194335937500e+00 2.767412185668945312e+01 2.767412185668945312e+01 -3.641331672668457031e+00 -5.097864627838134766e+00 4.369598388671875000e+00 -3.641331672668457031e+00 -2.184799194335937500e+00 -1.456532716751098633e+00 -2.913065433502197266e+00 4.369598388671875000e+00 -6.554397106170654297e+00 -2.184799194335937500e+00 1.019572925567626953e+01 1.456532716751098633e+00
-1.456532716751098633e+00 7.282663583755493164e-01 2.111972427368164062e+01 2.111972427368164062e+01 -5.826130867004394531e+00 -6.554397106170654297e+00 2.913065433502197266e+00 -4.369598388671875000e+00 -2.913065433502197266e+00 -1.456532716751098633e+00 -3.641331672668457031e+00 4.369598388671875000e+00 -9.467462539672851562e+00 -5.097864627838134766e+00 8.010930061340332031e+00 7.282663583755493164e-01
-1.456532716751098633e+00 2.184799194335937500e+00 2.548932266235351562e+01 2.548932266235351562e+01 -6.554397106170654297e+00 -6.554397106170654297e+00 2.913065433502197266e+00 -3.641331672668457031e+00 -3.641331672668457031e+00 -1.456532716751098633e+00 -4.369598388671875000e+00 5.826130867004394531e+00 -1.019572925567626953e+01 -5.097864627838134766e+00 9.467462539672851562e+00 2.184799194335937500e+00
0.000000000000000000e+00 0.000000000000000000e+00 2.039145851135253906e+01 2.039145851135253906e+01 -2.184799194335937500e+00 -7.282663345336914062e+00 4.369598388671875000e+00 -3.641331672668457031e+00 0.000000000000000000e+00 -2.184799194335937500e+00 -2.184799194335937500e+00 3.641331672668457031e+00 -7.282663345336914062e+00 -5.826130867004394531e+00 6.554397106170654297e+00 2.184799194335937500e+00
7.282663583755493164e-01 7.282663583755493164e-01 2.476105690002441406e+01 2.476105690002441406e+01 -2.184799194335937500e+00 -8.739196777343750000e+00 5.097864627838134766e+00 -3.641331672668457031e+00 -7.282663583755493164e-01 -2.913065433502197266e+00 -2.913065433502197266e+00 3.641331672668457031e+00 -7.282663345336914062e+00 -5.826130867004394531e+00 8.010930061340332031e+00 4.369598388671875000e+00
7.282663583755493164e-01 -7.282663583755493164e-01 1.893492507934570312e+01 1.893492507934570312e+01 -4.369598388671875000e+00 -7.282663345336914062e+00 2.184799194335937500e+00 -3.641331672668457031e+00 -4.369598388671875000e+00 -1.456532716751098633e+00 -3.641331672668457031e+00 3.641331672668457031e+00 -3.641331672668457031e+00 -5.826130867004394531e+00 8.739196777343750000e+00 1.456532716751098633e+00
2.184799194335937500e+00 0.000000000000000000e+00 2.111972427368164062e+01 2.111972427368164062e+01 -2.913065433502197266e+00 -7.282663345336914062e+00 2.913065433502197266e+00 -2.184799194335937500e+00 -3.641331672668457031e+00 -1.456532716751098633e+00 -3.641331672668457031e+00 3.641331672668457031e+00 -2.184799194335937500e+00 -6.554397106170654297e+00 9.467462539672851562e+00 2.913065433502197266e+00
-7.282663583755493164e-01 7.282663583755493164e-01 2.257625770568847656e+01 2.257625770568847656e+01 0.000000000000000000e+00 -2.184799194335937500e+00 4.369598388671875000e+00 -4.369598388671875000e+00 4.369598388671875000e+00 -7.282663583755493164e-01 2.184799194335937500e+00 2.913065433502197266e+00 -9.467462539672851562e+00 7.282663583755493164e-01 1.456532716751098633e+00 -2.913065433502197266e+00
-7.282663583755493164e-01 7.282663583755493164e-01 2.840238761901855469e+01 2.840238761901855469e+01 0.000000000000000000e+00 -2.184799194335937500e+00 5.826130867004394531e+00 -4.369598388671875000e+00 5.097864627838134766e+00 7.282663583755493164e-01 3.641331672668457031e+00 4.369598388671875000e+00 -9.467462539672851562e+00 7.282663583755493164e-01 2.184799194335937500e+00 -3.641331672668457031e+00
-1.456532716751098633e+00 7.282663583755493164e-01 2.184799003601074219e+01 2.184799003601074219e+01 -2.184799194335937500e+00 -1.456532716751098633e+00 3.641331672668457031e+00 -2.913065433502197266e+00 3.641331672668457031e+00 7.282663583755493164e-01 2.913065433502197266e+00 3.641331672668457031e+00 -9.467462539672851562e+00 1.456532716751098633e+00 2.184799194335937500e+00 -2.184799194335937500e+00
-2.184799194335937500e+00 0.000000000000000000e+00 2.985892105102539062e+01 2.985892105102539062e+01 -2.913065433502197266e+00 -2.184799194335937500e+00 3.641331672668457031e+00 -3.641331672668457031e+00 3.641331672668457031e+00 1.456532716751098633e+00 2.913065433502197266e+00 5.097864627838134766e+00 -1.165226173400878906e+01 0.000000000000000000e+00 2.184799194335937500e+00 -3.641331672668457031e+00
1.456532716751098633e+00 1.456532716751098633e+00 1.966319084167480469e+01 1.966319084167480469e+01 -2.184799194335937500e+00 7.282663583755493164e-01 2.184799194335937500e+00 -2.184799194335937500e+00 2.184799194335937500e+00 2.184799194335937500e+00 4.369598388671875000e+00 3.641331672668457031e+00 -5.826130867004394531e+00 3.641331672668457031e+00 3.641331672668457031e+00 -2.184799194335937500e+00
7.282663583755493164e-01 7.282663583755493164e-01 2.330452346801757812e+01 2.330452346801757812e+01 -2.913065433502197266e+00 7.282663583755493164e-01 2.184799194335937500e+00 -2.184799194335937500e+00 2.184799194335937500e+00 2.184799194335937500e+00 3.641331672668457031e+00 3.641331672668457031e+00 -6.554397106170654297e+00 2.913065433502197266e+00 3.641331672668457031e+00 -2.184799194335937500e+00
-7.282663583755493164e-01 -7.282663583755493164e-01 1.893492507934570312e+01 1.893492507934570312e+01 -3.641331672668457031e+00 -2.184799194335937500e+00 2.184799194335937500e+00 -3.641331672668457031e+00 -7.282663583755493164e-01 7.282663583755493164e-01 7.282663583755493164e-01 3.641331672668457031e+00 -6.554397106170654297e+00 -1.456532716751098633e+00 6.554397106170654297e+00 -4.369598388671875000e+00
-7.282663583755493164e-01 -7.282663583755493164e-01 2.257625770568847656e+01 2.257625770568847656e+01 -3.641331672668457031e+00 -2.913065433502197266e+00 2.184799194335937500e+00 -3.641331672668457031e+00 -7.282663583755493164e-01 7.282663583755493164e-01 7.282663583755493164e-01 3.641331672668457031e+00 -6.554397106170654297e+00 -2.184799194335937500e+00 5.826130867004394531e+00 -4.369598388671875000e+00
1.456532716751098633e+00 -7.282663583755493164e-01 2.257625770568847656e+01 2.257625770568847656e+01 -2.184799194335937500e+00 -2.913065433502197266e+00 2.913065433502197266e+00 -3.641331672668457031e+00 1.456532716751098633e+00 -7.282663583755493164e-01 2.184799194335937500e+00 3.641331672668457031e+00 -5.097864627838134766e+00 -7.282663583755493164e-01 7.282663345336914062e+00 -2.184799194335937500e+00
2.184799194335937500e+00 -2.184799194335937500e+00 2.985892105102539062e+01 2.985892105102539062e+01 -2.184799194335937500e+00 -4.369598388671875000e+00 4.369598388671875000e+00 -5.097864627838134766e+00 2.184799194335937500e+00 -7.282663583755493164e-01 2.913065433502197266e+00 3.641331672668457031e+00 -5.097864627838134766e+00 -2.184799194335937500e+00 9.467462539672851562e+00 -3.641331672668457031e+00
4.369598388671875000e+00 -1.456532716751098633e+00 2.184799003601074219e+01 2.184799003601074219e+01 3.641331672668457031e+00 -8.010930061340332031e+00 8.739196777343750000e+00 -5.826130867004394531e+00 8.010930061340332031e+00 -3.641331672668457031e+00 7.282663345336914062e+00 1.456532716751098633e+00 -3.641331672668457031e+00 -5.097864627838134766e+00 8.010930061340332031e+00 -2.184799194335937500e+00
6.554397106170654297e+00 -2.913065433502197266e+00 3.058718681335449219e+01 3.058718681335449219e+01 5.826130867004394531e+00 -9.467462539672851562e+00 1.238052845001220703e+01 -8.739196777343750000e+00 1.019572925567626953e+01 -4.369598388671875000e+00 9.467462539672851562e+00 2.184799194335937500e+00 -3.641331672668457031e+00 -7.282663345336914062e+00 1.165226173400878906e+01 -3.641331672668457031e+00
3.641331672668457031e+00 -2.184799194335937500e+00 2.403278923034667969e+01 2.403278923034667969e+01 2.913065433502197266e+00 -8.739196777343750000e+00 1.310879421234130859e+01 -8.010930061340332031e+00 1.019572925567626953e+01 -2.913065433502197266e+00 8.739196777343750000e+00 3.641331672668457031e+00 -8.739196777343750000e+00 -5.826130867004394531e+00 1.310879421234130859e+01 -5.097864627838134766e+00
7.282663345336914062e+00 -1.456532716751098633e+00 3.568505096435546875e+01 3.568505096435546875e+01 4.369598388671875000e+00 -9.467462539672851562e+00 1.747839355468750000e+01 -9.467462539672851562e+00 1.310879421234130859e+01 -1.456532716751098633e+00 1.238052845001220703e+01 6.554397106170654297e+00 -8.010930061340332031e+00 -6.554397106170654297e+00 2.039145851135253906e+01 -5.826130867004394531e+00
3.641331672668457031e+00 -1.456532716751098633e+00 2.913065338134765625e+01 2.913065338134765625e+01 -2.184799194335937500e+00 -8.739196777343750000e+00 1.310879421234130859e+01 -9.467462539672851562e+00 6.554397106170654297e+00 -3.641331672668457031e+00 5.826130867004394531e+00 5.097864627838134766e+00 -1.238052845001220703e+01 -3.641331672668457031e+00 1.820665931701660156e+01 -5.097864627838134766e+00
4.369598388671875000e+00 -7.282663583755493164e-01 4.078291702270507812e+01 4.078291702270507812e+01 -2.913065433502197266e+00 -1.165226173400878906e+01 1.602186012268066406e+01 -1.238052845001220703e+01 8.010930061340332031e+00 -3.641331672668457031e+00 7.282663345336914062e+00 7.282663345336914062e+00 -1.602186012268066406e+01 -5.826130867004394531e+00 2.330452346801757812e+01 -5.826130867004394531e+00
-7.282663583755493164e-01 1.456532716751098633e+00 2.767412185668945312e+01 2.767412185668945312e+01 -8.739196777343750000e+00 -8.739196777343750000e+00 7.282663345336914062e+00 -7.282663345336914062e+00 -2.184799194335937500e+00 -2.913065433502197266e+00 -2.913065433502197266e+00 5.826130867004394531e+00 -1.602186012268066406e+01 -3.641331672668457031e+00 1.456532669067382812e+01 -7.282663583755493164e-01
-2.184799194335937500e+00 7.282663583755493164e-01 4.078291702270507812e+01 4.078291702270507812e+01 -1.092399501800537109e+01 -1.165226173400878906e+01 8.010930061340332031e+00 -9.467462539672851562e+00 -2.184799194335937500e+00 -2.184799194335937500e+00 -3.641331672668457031e+00 8.010930061340332031e+00 -2.184799003601074219e+01 -7.282663345336914062e+00 1.675012588500976562e+01 -3.641331672668457031e+00
-4.369598388671875000e+00 7.282663583755493164e-01 2.767412185668945312e+01 2.767412185668945312e+01 -1.238052845001220703e+01 -8.739196777343750000e+00 7.282663583755493164e-01 -6.554397106170654297e+00 -7.282663345336914062e+00 -2.184799194335937500e+00 -8.010930061340332031e+00 5.826130867004394531e+00 -1.820665931701660156e+01 -4.369598388671875000e+00 8.739196777343750000e+00 -7.282663583755493164e-01
-8.739196777343750000e+00 -1.456532716751098633e+00 3.932638168334960938e+01 3.932638168334960938e+01 -1.602186012268066406e+01 -1.165226173400878906e+01 7.282663583755493164e-01 -9.467462539672851562e+00 -9.467462539672851562e+00 -2.184799194335937500e+00 -1.019572925567626953e+01 7.282663345336914062e+00 -2.621758842468261719e+01 -7.282663345336914062e+00 8.739196777343750000e+00 -2.913065433502197266e+00
-5.826130867004394531e+00 -1.456532716751098633e+00 2.330452346801757812e+01 2.330452346801757812e+01 -1.165226173400878906e+01 -8.010930061340332031e+00 -2.184799194335937500e+00 -5.826130867004394531e+00 -8.739196777343750000e+00 -2.184799194335937500e+00 -8.739196777343750000e+00 3.641331672668457031e+00 -1.602186012268066406e+01 -5.826130867004394531e+00 4.369598388671875000e+00 -1.456532716751098633e+00
-8.739196777343750000e+00 -2.184799194335937500e+00 3.204372024536132812e+01 3.204372024536132812e+01 -1.456532669067382812e+01 -1.019572925567626953e+01 -2.913065433502197266e+00 -7.282663345336914062e+00 -1.019572925567626953e+01 -2.184799194335937500e+00 -1.165226173400878906e+01 4.369598388671875000e+00 -2.111972427368164062e+01 -8.010930061340332031e+00 4.369598388671875000e+00 -2.184799194335937500e+00
-7.282663583755493164e-01 1.456532716751098633e+00 2.039145851135253906e+01 2.039145851135253906e+01 -3.641331672668457031e+00 -2.913065433502197266e+00 2.913065433502197266e+00 -2.913065433502197266e+00 -2.184799194335937500e+00 -7.282663583755493164e-01 -2.913065433502197266e+00 2.913065433502197266e+00 -8.010930061340332031e+00 0.000000000000000000e+00 5.826130867004394531e+00 1.456532716751098633e+00
-1.456532716751098633e+00 7.282663583755493164e-01 2.621758842468261719e+01 2.621758842468261719e+01 -3.641331672668457031e+00 -5.097864627838134766e+00 3.641331672668457031e+00 -4.369598388671875000e+00 -2.184799194335937500e+00 -2.184799194335937500e+00 -4.369598388671875000e+00 2.913065433502197266e+00 -8.739196777343750000e+00 -7.282663583755493164e-01 8.010930061340332031e+00 1.456532716751098633e+00
7.282663583755493164e-01 7.282663583755493164e-01 2.184799003601074219e+01 2.184799003601074219e+01 -5.097864627838134766e+00 -5.097864627838134766e+00 2.913065433502197266e+00 -3.641331672668457031e+00 -2.184799194335937500e+00 0.000000000000000000e+00 -2.184799194335937500e+00 4.369598388671875000e+00 -7.282663345336914062e+00 -4.369598388671875000e+00 9.467462539672851562e+00 -7.282663583755493164e-01
1.456532716751098633e+00 7.282663583755493164e-01 2.767412185668945312e+01 2.767412185668945312e+01 -5.097864627838134766e+00 -5.826130867004394531e+00 3.641331672668457031e+00 -3.641331672668457031e+00 -2.184799194335937500e+00 -7.282663583755493164e-01 -2.184799194335937500e+00 5.097864627838134766e+00 -7.282663345336914062e+00 -5.826130867004394531e+00 1.092399501800537109e+01 -7.282663583755493164e-01
-7.282663583755493164e-01 0.000000000000000000e+00 2.184799003601074219e+01 2.184799003601074219e+01 -4.369598388671875000e+00 -7.282663345336914062e+00 3.641331672668457031e+00 -3.641331672668457031e+00 -1.456532716751098633e+00 -1.456532716751098633e+00 -2.184799194335937500e+00 4.369598388671875000e+00 -8.739196777343750000e+00 -6.554397106170654297e+00 8.739196777343750000e+00 1.456532716751098633e+00
-7.282663583755493164e-01 7.282663583755493164e-01 2.621758842468261719e+01 2.621758842468261719e+01 -5.097864627838134766e+00 -8.010930061340332031e+00 4.369598388671875000e+00 -2.913065433502197266e+00 -2.913065433502197266e+00 -1.456532716751098633e+00 -3.641331672668457031e+00 5.097864627838134766e+00 -8.739196777343750000e+00 -8.010930061340332031e+00 9.467462539672851562e+00 2.184799194335937500e+00
7.282663583755493164e-01 -7.282663583755493164e-01 2.039145851135253906e+01 2.039145851135253906e+01 -2.184799194335937500e+00 -8.010930061340332031e+00 4.369598388671875000e+00 -3.641331672668457031e+00 0.000000000000000000e+00 -2.184799194335937500e+00 -1.456532716751098633e+00 2.913065433502197266e+00 -6.554397106170654297e+00 -5.826130867004394531e+00 7.282663345336914062e+00 2.184799194335937500e+00
1.456532716751098633e+00 -7.282663583755493164e-01 2.476105690002441406e+01 2.476105690002441406e+01 -2.184799194335937500e+00 -9.467462539672851562e+00 5.097864627838134766e+00 -4.369598388671875000e+00 -7.282663583755493164e-01 -3.641331672668457031e+00 -2.184799194335937500e+00 2.184799194335937500e+00 -6.554397106170654297e+00 -7.282663345336914062e+00 8.739196777343750000e+00 3.641331672668457031e+00
7.282663583755493164e-01 -1.456532716751098633e+00 1.966319084167480469e+01 1.966319084167480469e+01 -4.369598388671875000e+00 -7.282663345336914062e+00 2.184799194335937500e+00 -4.369598388671875000e+00 -4.369598388671875000e+00 -2.184799194335937500e+00 -4.369598388671875000e+00 2.913065433502197266e+00 -4.369598388671875000e+00 -5.826130867004394531e+00 8.739196777343750000e+00 7.282663583755493164e-01
1.456532716751098633e+00 -7.282663583755493164e-01 2.184799003601074219e+01 2.184799003601074219e+01 -3.641331672668457031e+00 -8.010930061340332031e+00 2.913065433502197266e+00 -3.641331672668457031e+00 -3.641331672668457031e+00 -2.184799194335937500e+00 -3.641331672668457031e+00 2.913065433502197266e+00 -3.641331672668457031e+00 -7.282663345336914062e+00 9.467462539672851562e+00 2.184799194335937500e+00
-7.282663583755493164e-01 7.282663583755493164e-01 2.257625770568847656e+01 2.257625770568847656e+01 1.456532716751098633e+00 -2.184799194335937500e+00 4.369598388671875000e+00 -4.369598388671875000e+00 5.826130867004394531e+00 -2.184799194335937500e+00 3.641331672668457031e+00 2.184799194335937500e+00 -8.010930061340332031e+00 2.184799194335937500e+00 -7.282663583755493164e-01 -1.456532716751098633e+00
0.000000000000000000e+00 1.456532716751098633e+00 2.767412185668945312e+01 2.767412185668945312e+01 1.456532716751098633e+00 -2.184799194335937500e+00 5.826130867004394531e+00 -3.641331672668457031e+00 6.554397106170654297e+00 0.000000000000000000e+00 5.097864627838134766e+00 3.641331672668457031e+00 -8.739196777343750000e+00 2.184799194335937500e+00 7.282663583755493164e-01 -1.456532716751098633e+00
-1.456532716751098633e+00 1.456532716751098633e+00 2.111972427368164062e+01 2.111972427368164062e+01 -1.456532716751098633e+00 -1.456532716751098633e+00 2.913065433502197266e+00 -2.184799194335937500e+00 5.097864627838134766e+00 1.456532716751098633e+00 5.097864627838134766e+00 4.369598388671875000e+00 -9.467462539672851562e+00 2.913065433502197266e+00 7.282663583755493164e-01 -7.282663583755493164e-01
-2.184799194335937500e+00 1.456532716751098633e+00 2.694585609436035156e+01 2.694585609436035156e+01 -2.184799194335937500e+00 -2.184799194335937500e+00 2.913065433502197266e+00 -2.913065433502197266e+00 5.826130867004394531e+00 1.456532716751098633e+00 5.826130867004394531e+00 5.097864627838134766e+00 -1.238052845001220703e+01 1.456532716751098633e+00 -7.282663583755493164e-01 -1.456532716751098633e+00
-7.282663583755493164e-01 0.000000000000000000e+00 1.747839355468750000e+01 1.747839355468750000e+01 -4.369598388671875000e+00 0.000000000000000000e+00 7.282663583755493164e-01 -2.184799194335937500e+00 7.282663583755493164e-01 2.184799194335937500e+00 2.913065433502197266e+00 3.641331672668457031e+00 -5.826130867004394531e+00 1.456532716751098633e+00 3.641331672668457031e+00 -4.369598388671875000e+00
-1.456532716751098633e+00 -7.282663583755493164e-01 2.039145851135253906e+01 2.039145851135253906e+01 -5.097864627838134766e+00 -7.282663583755493164e-01 -7.282663583755493164e-01 -2.913065433502197266e+00 0.000000000000000000e+00 1.456532716751098633e+00 2.913065433502197266e+00 2.913065433502197266e+00 -6.554397106170654297e+00 7.282663583755493164e-01 2.913065433502197266e+00 -5.826130867004394531e+00
0.000000000000000000e+00 7.282663583755493164e-01 1.820665931701660156e+01 1.820665931701660156e+01 -3.641331672668457031e+00 1.456532716751098633e+00 2.184799194335937500e+00 -1.456532716751098633e+00 1.456532716751098633e+00 2.913065433502197266e+00 2.913065433502197266e+00 5.097864627838134766e+00 -5.826130867004394531e+00 1.456532716751098633e+00 5.826130867004394531e+00 -2.184799194335937500e+00
0.000000000000000000e+00 -7.282663583755493164e-01 2.403278923034667969e+01 2.403278923034667969e+01 -3.641331672668457031e+00 -7.282663583755493164e-01 1.456532716751098633e+00 -2.184799194335937500e+00 1.456532716751098633e+00 2.913065433502197266e+00 3.641331672668457031e+00 5.097864627838134766e+00 -5.826130867004394531e+00 -7.282663583755493164e-01 5.826130867004394531e+00 -3.641331672668457031e+00
2.184799194335937500e+00 -7.282663583755493164e-01 2.039145851135253906e+01 2.039145851135253906e+01 7.282663583755493164e-01 -7.282663583755493164e-01 4.369598388671875000e+00 -1.456532716751098633e+00 5.097864627838134766e+00 1.456532716751098633e+00 6.554397106170654297e+00 2.913065433502197266e+00 -3.641331672668457031e+00 0.000000000000000000e+00 5.097864627838134766e+00 -7.282663583755493164e-01
2.913065433502197266e+00 -2.184799194335937500e+00 2.548932266235351562e+01 2.548932266235351562e+01 7.282663583755493164e-01 -2.184799194335937500e+00 4.369598388671875000e+00 -2.184799194335937500e+00 5.826130867004394531e+00 7.282663583755493164e-01 7.282663345336914062e+00 2.184799194335937500e+00 -2.184799194335937500e+00 -2.184799194335937500e+00 6.554397106170654297e+00 -2.184799194335937500e+00
2.184799194335937500e+00 -2.184799194335937500e+00 2.257625770568847656e+01 2.257625770568847656e+01 7.282663583755493164e-01 -5.097864627838134766e+00 5.097864627838134766e+00 -4.369598388671875000e+00 4.369598388671875000e+00 -2.184799194335937500e+00 5.097864627838134766e+00 2.184799194335937500e+00 -5.097864627838134766e+00 -4.369598388671875000e+00 5.826130867004394531e+00 -2.184799194335937500e+00
3.641331672668457031e+00 -3.641331672668457031e+00 2.985892105102539062e+01 2.985892105102539062e+01 1.456532716751098633e+00 -8.010930061340332031e+00 6.554397106170654297e+00 -6.554397106170654297e+00 5.097864627838134766e+00 -3.641331672668457031e+00 5.097864627838134766e+00 7.282663583755493164e-01 -3.641331672668457031e+00 -6.554397106170654297e+00 8.010930061340332031e+00 -3.641331672668457031e+00
5.097864627838134766e+00 -3.641331672668457031e+00 2.548932266235351562e+01 2.548932266235351562e+01 2.184799194335937500e+00 -1.092399501800537109e+01 1.092399501800537109e+01 -1.019572925567626953e+01 8.010930061340332031e+00 -5.826130867004394531e+00 6.554397106170654297e+00 0.000000000000000000e+00 -8.739196777343750000e+00 -7.282663345336914062e+00 1.165226173400878906e+01 -5.826130867004394531e+00
7.282663345336914062e+00 -5.826130867004394531e+00 3.859811782836914062e+01 3.859811782836914062e+01 2.184799194335937500e+00 -1.456532669067382812e+01 1.456532669067382812e+01 -1.456532669067382812e+01 1.019572925567626953e+01 -6.554397106170654297e+00 9.467462539672851562e+00 1.456532716751098633e+00 -9.467462539672851562e+00 -1.092399501800537109e+01 1.675012588500976562e+01 -1.019572925567626953e+01
3.641331672668457031e+00 -5.097864627838134766e+00 2.985892105102539062e+01 2.985892105102539062e+01 -7.282663583755493164e-01 -1.383706092834472656e+01 1.456532669067382812e+01 -1.383706092834472656e+01 8.010930061340332031e+00 -9.467462539672851562e+00 6.554397106170654297e+00 -1.456532716751098633e+00 -1.310879421234130859e+01 -8.010930061340332031e+00 1.820665931701660156e+01 -7.282663345336914062e+00
4.369598388671875000e+00 -8.010930061340332031e+00 4.223944854736328125e+01 4.223944854736328125e+01 -2.184799194335937500e+00 -1.966319084167480469e+01 1.675012588500976562e+01 -1.966319084167480469e+01 9.467462539672851562e+00 -1.238052845001220703e+01 7.282663345336914062e+00 -1.456532716751098633e+00 -1.602186012268066406e+01 -1.310879421234130859e+01 2.257625770568847656e+01 -1.092399501800537109e+01
-1.456532716751098633e+00 -4.369598388671875000e+00 2.985892105102539062e+01 2.985892105102539062e+01 -8.010930061340332031e+00 -1.383706092834472656e+01 6.554397106170654297e+00 -1.310879421234130859e+01 -1.456532716751098633e+00 -8.739196777343750000e+00 -2.184799194335937500e+00 -7.282663583755493164e-01 -1.675012588500976562e+01 -8.739196777343750000e+00 1.383706092834472656e+01 -5.826130867004394531e+00
-2.184799194335937500e+00 -7.282663345336914062e+00 4.078291702270507812e+01 4.078291702270507812e+01 -1.092399501800537109e+01 -1.966319084167480469e+01 7.282663345336914062e+00 -1.893492507934570312e+01 -2.184799194335937500e+00 -1.165226173400878906e+01 -2.913065433502197266e+00 -7.282663583755493164e-01 -2.111972427368164062e+01 -1.310879421234130859e+01 1.675012588500976562e+01 -1.092399501800537109e+01
-5.097864627838134766e+00 -3.641331672668457031e+00 2.767412185668945312e+01 2.767412185668945312e+01 -1.165226173400878906e+01 -1.238052845001220703e+01 -7.282663583755493164e-01 -1.019572925567626953e+01 -7.282663345336914062e+00 -5.826130867004394531e+00 -8.010930061340332031e+00 1.456532716751098633e+00 -1.747839355468750000e+01 -9.467462539672851562e+00 7.282663345336914062e+00 -4.369598388671875000e+00
-8.010930061340332031e+00 -5.826130867004394531e+00 3.932638168334960938e+01 3.932638168334960938e+01 -1.602186012268066406e+01 -1.675012588500976562e+01 0.000000000000000000e+00 -1.456532669067382812e+01 -9.467462539672851562e+00 -8.010930061340332031e+00 -1.019572925567626953e+01 1.456532716751098633e+00 -2.476105690002441406e+01 -1.310879421234130859e+01 8.739196777343750000e+00 -8.010930061340332031e+00
-4.369598388671875000e+00 -3.641331672668457031e+00 2.403278923034667969e+01 2.403278923034667969e+01 -8.010930061340332031e+00 -9.467462539672851562e+00 -7.282663583755493164e-01 -7.282663345336914062e+00 -5.826130867004394531e+00 -5.097864627838134766e+00 -7.282663345336914062e+00 -7.282663583755493164e-01 -1.238052845001220703e+01 -7.282663345336914062e+00 4.369598388671875000e+00 -2.913065433502197266e+00
-6.554397106170654297e+00 -5.097864627838134766e+00 3.277198791503906250e+01 3.277198791503906250e+01 -1.019572925567626953e+01 -1.310879421234130859e+01 -7.282663583755493164e-01 -1.019572925567626953e+01 -8.739196777343750000e+00 -7.282663345336914062e+00 -1.019572925567626953e+01 -1.456532716751098633e+00 -1.675012588500976562e+01 -9.467462539672851562e+00 5.097864627838134766e+00 -5.097864627838134766e+00
0.000000000000000000e+00 0.000000000000000000e+00 1.893492507934570312e+01 1.893492507934570312e+01 -1.456532716751098633e+00 -3.641331672668457031e+00 3.641331672668457031e+00 -3.641331672668457031e+00 7.282663583755493164e-01 -2.913065433502197266e+00 -1.456532716751098633e+00 7.282663583755493164e-01 -6.554397106170654297e+00 7.282663583755493164e-01 4.369598388671875000e+00 0.000000000000000000e+00
0.000000000000000000e+00 -7.282663583755493164e-01 2.403278923034667969e+01 2.403278923034667969e+01 -1.456532716751098633e+00 -5.826130867004394531e+00 4.369598388671875000e+00 -5.826130867004394531e+00 -7.282663583755493164e-01 -4.369598388671875000e+00 -2.184799194335937500e+00 -7.282663583755493164e-01 -5.826130867004394531e+00 -7.282663583755493164e-01 5.826130867004394531e+00 -1.456532716751098633e+00
-7.282663583755493164e-01 -7.282663583755493164e-01 2.039145851135253906e+01 2.039145851135253906e+01 -4.369598388671875000e+00 -5.826130867004394531e+00 2.913065433502197266e+00 -4.369598388671875000e+00 -1.456532716751098633e+00 -7.282663583755493164e-01 -1.456532716751098633e+00 3.641331672668457031e+00 -8.010930061340332031e+00 -4.369598388671875000e+00 8.010930061340332031e+00 -1.456532716751098633e+00
0.000000000000000000e+00 -1.456532716751098633e+00 2.403278923034667969e+01 2.403278923034667969e+01 -3.641331672668457031e+00 -7.282663345336914062e+00 3.641331672668457031e+00 -5.097864627838134766e+00 -1.456532716751098633e+00 -2.184799194335937500e+00 -2.184799194335937500e+00 2.913065433502197266e+00 -7.282663345336914062e+00 -6.554397106170654297e+00 8.739196777343750000e+00 -2.184799194335937500e+00
-7.282663583755493164e-01 -7.282663583755493164e-01 2.111972427368164062e+01 2.111972427368164062e+01 -5.097864627838134766e+00 -6.554397106170654297e+00 2.913065433502197266e+00 -3.641331672668457031e+00 -2.184799194335937500e+00 -1.456532716751098633e+00 -2.913065433502197266e+00 3.641331672668457031e+00 -8.739196777343750000e+00 -5.826130867004394531e+00 8.010930061340332031e+00 7.282663583755493164e-01
-2.184799194335937500e+00 -7.282663583755493164e-01 2.476105690002441406e+01 2.476105690002441406e+01 -5.097864627838134766e+00 -8.010930061340332031e+00 2.913065433502197266e+00 -3.641331672668457031e+00 -2.913065433502197266e+00 -2.184799194335937500e+00 -4.369598388671875000e+00 3.641331672668457031e+00 -8.739196777343750000e+00 -8.010930061340332031e+00 8.010930061340332031e+00 7.282663583755493164e-01
7.282663583755493164e-01 -1.456532716751098633e+00 2.039145851135253906e+01 2.039145851135253906e+01 -2.184799194335937500e+00 -7.282663345336914062e+00 3.641331672668457031e+00 -3.641331672668457031e+00 -7.282663583755493164e-01 -2.184799194335937500e+00 -2.184799194335937500e+00 2.913065433502197266e+00 -6.554397106170654297e+00 -5.826130867004394531e+00 5.826130867004394531e+00 2.184799194335937500e+00
7.282663583755493164e-01 -1.456532716751098633e+00 2.476105690002441406e+01 2.476105690002441406e+01 -2.184799194335937500e+00 -8.739196777343750000e+00 4.369598388671875000e+00 -3.641331672668457031e+00 -1.456532716751098633e+00 -2.913065433502197266e+00 -2.913065433502197266e+00 2.184799194335937500e+00 -5.826130867004394531e+00 -8.010930061340332031e+00 6.554397106170654297e+00 2.184799194335937500e+00
1.456532716751098633e+00 -1.456532716751098633e+00 1.966319084167480469e+01 1.966319084167480469e+01 -4.369598388671875000e+00 -8.010930061340332031e+00 2.184799194335937500e+00 -5.097864627838134766e+00 -4.369598388671875000e+00 -2.913065433502197266e+00 -4.369598388671875000e+00 2.184799194335937500e+00 -2.913065433502197266e+00 -5.826130867004394531e+00 9.467462539672851562e+00 7.282663583755493164e-01
2.184799194335937500e+00 -1.456532716751098633e+00 2.111972427368164062e+01 2.111972427368164062e+01 -2.913065433502197266e+00 -9.467462539672851562e+00 2.913065433502197266e+00 -4.369598388671875000e+00 -4.369598388671875000e+00 -3.641331672668457031e+00 -4.369598388671875000e+00 2.184799194335937500e+00 -2.184799194335937500e+00 -8.010930061340332031e+00 1.019572925567626953e+01 2.184799194335937500e+00
-1.456532716751098633e+00 7.282663583755493164e-01 2.257625770568847656e+01 2.257625770568847656e+01 -2.184799194335937500e+00 -2.184799194335937500e+00 2.184799194335937500e+00 -5.826130867004394531e+00 2.184799194335937500e+00 -2.184799194335937500e+00 2.184799194335937500e+00 2.184799194335937500e+00 -5.826130867004394531e+00 3.641331672668457031e+00 2.184799194335937500e+00 -3.641331672668457031e+00
-1.456532716751098633e+00 7.282663583755493164e-01 2.913065338134765625e+01 2.913065338134765625e+01 -2.913065433502197266e+00 -2.184799194335937500e+00 2.184799194335937500e+00 -5.826130867004394531e+00 2.184799194335937500e+00 -7.282663583755493164e-01 3.641331672668457031e+00 3.641331672668457031e+00 -8.010930061340332031e+00 2.913065433502197266e+00 3.641331672668457031e+00 -5.097864627838134766e+00
-1.456532716751098633e+00 0.000000000000000000e+00 2.111972427368164062e+01 2.111972427368164062e+01 -2.913065433502197266e+00 -2.184799194335937500e+00 1.456532716751098633e+00 -5.826130867004394531e+00 2.913065433502197266e+00 -2.184799194335937500e+00 3.641331672668457031e+00 2.184799194335937500e+00 -8.739196777343750000e+00 2.913065433502197266e+00 -7.282663583755493164e-01 -2.913065433502197266e+00
-2.184799194335937500e+00 -7.282663583755493164e-01 2.913065338134765625e+01 2.913065338134765625e+01 -4.369598388671875000e+00 -3.641331672668457031e+00 1.456532716751098633e+00 -6.554397106170654297e+00 2.913065433502197266e+00 -2.184799194335937500e+00 3.641331672668457031e+00 2.913065433502197266e+00 -1.165226173400878906e+01 2.184799194335937500e+00 -7.282663583755493164e-01 -4.369598388671875000e+00
-7.282663583755493164e-01 -2.184799194335937500e+00 1.747839355468750000e+01 1.747839355468750000e+01 -2.913065433502197266e+00 -2.184799194335937500e+00 0.000000000000000000e+00 -5.097864627838134766e+00 0.000000000000000000e+00 -2.184799194335937500e+00 1.456532716751098633e+00 7.282663583755493164e-01 -5.097864627838134766e+00 -7.282663583755493164e-01 2.913065433502197266e+00 -5.826130867004394531e+00
-7.282663583755493164e-01 -2.184799194335937500e+00 2.111972427368164062e+01 2.111972427368164062e+01 -3.641331672668457031e+00 -2.913065433502197266e+00 -7.282663583755493164e-01 -6.554397106170654297e+00 -7.282663583755493164e-01 -2.184799194335937500e+00 2.184799194335937500e+00 -7.282663583755493164e-01 -5.097864627838134766e+00 -1.456532716751098633e+00 2.913065433502197266e+00 -8.010930061340332031e+00
7.282663583755493164e-01 -1.456532716751098633e+00 1.747839355468750000e+01 1.747839355468750000e+01 -1.456532716751098633e+00 -2.184799194335937500e+00 2.184799194335937500e+00 -3.641331672668457031e+00 2.184799194335937500e+00 -7.282663583755493164e-01 3.641331672668457031e+00 2.184799194335937500e+00 -4.369598388671875000e+00 -2.184799194335937500e+00 3.641331672668457031e+00 -4.369598388671875000e+00
7.282663583755493164e-01 -2.184799194335937500e+00 2.039145851135253906e+01 2.039145851135253906e+01 -1.456532716751098633e+00 -3.641331672668457031e+00 1.456532716751098633e+00 -4.369598388671875000e+00 2.184799194335937500e+00 -1.456532716751098633e+00 4.369598388671875000e+00 7.282663583755493164e-01 -3.641331672668457031e+00 -3.641331672668457031e+00 3.641331672668457031e+00 -5.826130867004394531e+00
1.456532716751098633e+00 -1.456532716751098633e+00 1.820665931701660156e+01 1.820665931701660156e+01 7.282663583755493164e-01 -2.184799194335937500e+00 4.369598388671875000e+00 -2.184799194335937500e+00 4.369598388671875000e+00 1.456532716751098633e+00 4.369598388671875000e+00 2.913065433502197266e+00 -3.641331672668457031e+00 -3.641331672668457031e+00 5.097864627838134766e+00 -2.913065433502197266e+00
1.456532716751098633e+00 -2.913065433502197266e+00 2.184799003601074219e+01 2.184799003601074219e+01 7.282663583755493164e-01 -3.641331672668457031e+00 4.369598388671875000e+00 -2.913065433502197266e+00 4.369598388671875000e+00 0.000000000000000000e+00 4.369598388671875000e+00 1.456532716751098633e+00 -2.913065433502197266e+00 -5.826130867004394531e+00 5.097864627838134766e+00 -4.369598388671875000e+00
0.000000000000000000e+00 -2.913065433502197266e+00 2.184799003601074219e+01 2.111972427368164062e+01 -2.184799194335937500e+00 -4.369598388671875000e+00 2.184799194335937500e+00 -3.641331672668457031e+00 -7.282663583755493164e-01 -7.282663583755493164e-01 -7.282663583755493164e-01 1.456532716751098633e+00 -5.097864627838134766e+00 -5.826130867004394531e+00 4.369598388671875000e+00 -4.369598388671875000e+00
0.000000000000000000e+00 -4.369598388671875000e+00 2.767412185668945312e+01 2.767412185668945312e+01 -2.184799194335937500e+00 -6.554397106170654297e+00 2.184799194335937500e+00 -5.097864627838134766e+00 -2.184799194335937500e+00 -2.184799194335937500e+00 -2.184799194335937500e+00 7.282663583755493164e-01 -4.369598388671875000e+00 -8.739196777343750000e+00 5.097864627838134766e+00 -5.097864627838134766e+00
2.184799194335937500e+00 -1.456532716751098633e+00 2.548932266235351562e+01 2.548932266235351562e+01 -1.456532716751098633e+00 -7.282663583755493164e-01 7.282663583755493164e-01 -3.641331672668457031e+00 -7.282663583755493164e-01 -7.282663583755493164e-01 7.282663583755493164e-01 1.456532716751098633e+00 -1.456532716751098633e+00 2.184799194335937500e+00 4.369598388671875000e+00 -2.184799194335937500e+00
3.641331672668457031e+00 -2.913065433502197266e+00 3.568505096435546875e+01 3.568505096435546875e+01 -1.456532716751098633e+00 -2.913065433502197266e+00 2.184799194335937500e+00 -5.826130867004394531e+00 -7.282663583755493164e-01 -1.456532716751098633e+00 7.282663583755493164e-01 7.282663583755493164e-01 -7.282663583755493164e-01 -7.282663583755493164e-01 7.282663345336914062e+00 -5.097864627838134766e+00
2.913065433502197266e+00 -3.641331672668457031e+00 2.694585609436035156e+01 2.694585609436035156e+01 7.282663583755493164e-01 -4.369598388671875000e+00 4.369598388671875000e+00 -5.826130867004394531e+00 2.913065433502197266e+00 -3.641331672668457031e+00 3.641331672668457031e+00 -2.184799194335937500e+00 -2.184799194335937500e+00 -3.641331672668457031e+00 7.282663345336914062e+00 -4.369598388671875000e+00
3.641331672668457031e+00 -6.554397106170654297e+00 3.641331863403320312e+01 3.641331863403320312e+01 0.000000000000000000e+00 -8.739196777343750000e+00 5.826130867004394531e+00 -8.010930061340332031e+00 2.913065433502197266e+00 -5.826130867004394531e+00 3.641331672668457031e+00 -2.913065433502197266e+00 -2.184799194335937500e+00 -6.554397106170654297e+00 1.092399501800537109e+01 -6.554397106170654297e+00
-7.282663583755493164e-01 -3.641331672668457031e+00 2.548932266235351562e+01 2.548932266235351562e+01 -6.554397106170654297e+00 -7.282663345336914062e+00 2.184799194335937500e+00 -6.554397106170654297e+00 -2.184799194335937500e+00 -1.456532716751098633e+00 -2.184799194335937500e+00 2.184799194335937500e+00 -1.019572925567626953e+01 -9.467462539672851562e+00 8.010930061340332031e+00 -7.282663345336914062e+00
-2.184799194335937500e+00 -6.554397106170654297e+00 3.350025177001953125e+01 3.350025177001953125e+01 -8.739196777343750000e+00 -1.092399501800537109e+01 2.184799194335937500e+00 -9.467462539672851562e+00 -3.641331672668457031e+00 -2.913065433502197266e+00 -2.184799194335937500e+00 2.184799194335937500e+00 -1.310879421234130859e+01 -1.238052845001220703e+01 9.467462539672851562e+00 -1.019572925567626953e+01
-4.369598388671875000e+00 -2.184799194335937500e+00 2.184799003601074219e+01 2.184799003601074219e+01 -9.467462539672851562e+00 -5.826130867004394531e+00 -2.184799194335937500e+00 -5.826130867004394531e+00 -7.282663345336914062e+00 -1.456532716751098633e+00 -6.554397106170654297e+00 2.184799194335937500e+00 -1.165226173400878906e+01 -5.097864627838134766e+00 3.641331672668457031e+00 -4.369598388671875000e+00
-5.826130867004394531e+00 -3.641331672668457031e+00 2.985892105102539062e+01 2.985892105102539062e+01 -1.238052845001220703e+01 -8.739196777343750000e+00 -2.913065433502197266e+00 -7.282663345336914062e+00 -9.467462539672851562e+00 -2.184799194335937500e+00 -8.739196777343750000e+00 2.184799194335937500e+00 -1.602186012268066406e+01 -8.010930061340332031e+00 4.369598388671875000e+00 -6.554397106170654297e+00
-7.282663583755493164e-01 -7.282663583755493164e-01 2.184799003601074219e+01 2.184799003601074219e+01 -1.456532716751098633e+00 -2.913065433502197266e+00 1.456532716751098633e+00 -4.369598388671875000e+00 -1.456532716751098633e+00 -2.913065433502197266e+00 -2.184799194335937500e+00 -7.282663583755493164e-01 -2.913065433502197266e+00 1.456532716751098633e+00 2.184799194335937500e+00 7.282663583755493164e-01
-1.456532716751098633e+00 -2.184799194335937500e+00 3.131545257568359375e+01 3.131545257568359375e+01 -2.184799194335937500e+00 -5.826130867004394531e+00 1.456532716751098633e+00 -6.554397106170654297e+00 -2.184799194335937500e+00 -4.369598388671875000e+00 -2.913065433502197266e+00 -7.282663583755493164e-01 -4.369598388671875000e+00 -1.456532716751098633e+00 4.369598388671875000e+00 -2.184799194335937500e+00
-7.282663583755493164e-01 0.000000000000000000e+00 1.966319084167480469e+01 1.966319084167480469e+01 -2.184799194335937500e+00 -3.641331672668457031e+00 2.184799194335937500e+00 -3.641331672668457031e+00 0.000000000000000000e+00 -2.184799194335937500e+00 -7.282663583755493164e-01 7.282663583755493164e-01 -5.826130867004394531e+00 7.282663583755493164e-01 3.641331672668457031e+00 7.282663583755493164e-01
-7.282663583755493164e-01 -1.456532716751098633e+00 2.476105690002441406e+01 2.476105690002441406e+01 -2.184799194335937500e+00 -5.097864627838134766e+00 2.184799194335937500e+00 -5.826130867004394531e+00 -7.282663583755493164e-01 -3.641331672668457031e+00 -1.456532716751098633e+00 -7.282663583755493164e-01 -5.826130867004394531e+00 -1.456532716751098633e+00 3.641331672668457031e+00 -1.456532716751098633e+00
-7.282663583755493164e-01 -7.282663583755493164e-01 2.039145851135253906e+01 2.039145851135253906e+01 -3.641331672668457031e+00 -4.369598388671875000e+00 2.184799194335937500e+00 -2.913065433502197266e+00 -1.456532716751098633e+00 0.000000000000000000e+00 -1.456532716751098633e+00 2.913065433502197266e+00 -6.554397106170654297e+00 -4.369598388671875000e+00 5.826130867004394531e+00 -1.456532716751098633e+00
-7.282663583755493164e-01 -1.456532716751098633e+00 2.330452346801757812e+01 2.330452346801757812e+01 -3.641331672668457031e+00 -5.826130867004394531e+00 2.184799194335937500e+00 -2.913065433502197266e+00 -2.184799194335937500e+00 -7.282663583755493164e-01 -2.184799194335937500e+00 2.913065433502197266e+00 -6.554397106170654297e+00 -6.554397106170654297e+00 5.826130867004394531e+00 -2.184799194335937500e+00
-1.456532716751098633e+00 -7.282663583755493164e-01 2.039145851135253906e+01 2.039145851135253906e+01 -4.369598388671875000e+00 -5.826130867004394531e+00 2.184799194335937500e+00 -2.913065433502197266e+00 -2.184799194335937500e+00 -7.282663583755493164e-01 -2.913065433502197266e+00 3.641331672668457031e+00 -8.010930061340332031e+00 -4.369598388671875000e+00 5.826130867004394531e+00 0.000000000000000000e+00
-2.184799194335937500e+00 -7.282663583755493164e-01 2.403278923034667969e+01 2.403278923034667969e+01 -5.097864627838134766e+00 -6.554397106170654297e+00 1.456532716751098633e+00 -2.913065433502197266e+00 -3.641331672668457031e+00 -1.456532716751098633e+00 -4.369598388671875000e+00 2.913065433502197266e+00 -8.739196777343750000e+00 -5.826130867004394531e+00 5.097864627838134766e+00 0.000000000000000000e+00
1.456532716751098633e+00 -7.282663583755493164e-01 1.893492507934570312e+01 1.893492507934570312e+01 -1.456532716751098633e+00 -5.826130867004394531e+00 2.913065433502197266e+00 -2.184799194335937500e+00 -1.456532716751098633e+00 -1.456532716751098633e+00 -2.184799194335937500e+00 2.184799194335937500e+00 -1.456532716751098633e+00 -3.641331672668457031e+00 7.282663345336914062e+00 2.913065433502197266e+00
1.456532716751098633e+00 -7.282663583755493164e-01 2.257625770568847656e+01 2.257625770568847656e+01 -1.456532716751098633e+00 -7.282663345336914062e+00 3.641331672668457031e+00 -2.913065433502197266e+00 -2.184799194335937500e+00 -2.913065433502197266e+00 -2.913065433502197266e+00 1.456532716751098633e+00 -7.282663583755493164e-01 -5.097864627838134766e+00 8.739196777343750000e+00 3.641331672668457031e+00
2.184799194335937500e+00 -7.282663583755493164e-01 1.820665931701660156e+01 1.820665931701660156e+01 -2.913065433502197266e+00 -6.554397106170654297e+00 2.184799194335937500e+00 -3.641331672668457031e+00 -5.097864627838134766e+00 -2.184799194335937500e+00 -5.097864627838134766e+00 2.184799194335937500e+00 7.282663583755493164e-01 -5.097864627838134766e+00 9.467462539672851562e+00 2.913065433502197266e+00
2.913065433502197266e+00 0.000000000000000000e+00 2.039145851135253906e+01 2.039145851135253906e+01 -1.456532716751098633e+00 -7.282663345336914062e+00 2.913065433502197266e+00 -2.913065433502197266e+00 -4.369598388671875000e+00 -2.913065433502197266e+00 -4.369598388671875000e+00 2.184799194335937500e+00 2.184799194335937500e+00 -5.826130867004394531e+00 1.019572925567626953e+01 3.641331672668457031e+00
-1.456532716751098633e+00 0.000000000000000000e+00 2.257625770568847656e+01 2.257625770568847656e+01 -5.826130867004394531e+00 -1.456532716751098633e+00 -1.456532716751098633e+00 -5.826130867004394531e+00 -2.184799194335937500e+00 -1.456532716751098633e+00 0.000000000000000000e+00 2.184799194335937500e+00 -5.826130867004394531e+00 2.913065433502197266e+00 2.913065433502197266e+00 -5.826130867004394531e+00
-2.184799194335937500e+00 0.000000000000000000e+00 2.840238761901855469e+01 2.840238761901855469e+01 -6.554397106170654297e+00 -1.456532716751098633e+00 -7.282663583755493164e-01 -5.826130867004394531e+00 -2.184799194335937500e+00 -7.282663583755493164e-01 7.282663583755493164e-01 2.913065433502197266e+00 -8.010930061340332031e+00 2.913065433502197266e+00 4.369598388671875000e+00 -7.282663345336914062e+00
-2.184799194335937500e+00 -7.282663583755493164e-01 2.184799003601074219e+01 2.184799003601074219e+01 -5.097864627838134766e+00 -2.184799194335937500e+00 -7.282663583755493164e-01 -4.369598388671875000e+00 -7.282663583755493164e-01 -1.456532716751098633e+00 0.000000000000000000e+00 2.184799194335937500e+00 -9.467462539672851562e+00 7.282663583755493164e-01 1.456532716751098633e+00 -4.369598388671875000e+00
-2.913065433502197266e+00 -1.456532716751098633e+00 2.985892105102539062e+01 2.985892105102539062e+01 -6.554397106170654297e+00 -3.641331672668457031e+00 -7.282663583755493164e-01 -5.826130867004394531e+00 -1.456532716751098633e+00 -7.282663583755493164e-01 -7.282663583755493164e-01 2.913065433502197266e+00 -1.165226173400878906e+01 -1.456532716751098633e+00 7.282663583755493164e-01 -5.826130867004394531e+00
0.000000000000000000e+00 0.000000000000000000e+00 1.966319084167480469e+01 1.966319084167480469e+01 -2.913065433502197266e+00 -7.282663583755493164e-01 7.282663583755493164e-01 -2.913065433502197266e+00 0.000000000000000000e+00 -7.282663583755493164e-01 1.456532716751098633e+00 1.456532716751098633e+00 -5.097864627838134766e+00 2.184799194335937500e+00 2.184799194335937500e+00 -2.184799194335937500e+00
0.000000000000000000e+00 -7.282663583755493164e-01 2.548932266235351562e+01 2.548932266235351562e+01 -3.641331672668457031e+00 -1.456532716751098633e+00 7.282663583755493164e-01 -3.641331672668457031e+00 -7.282663583755493164e-01 -7.282663583755493164e-01 1.456532716751098633e+00 1.456532716751098633e+00 -5.826130867004394531e+00 7.282663583755493164e-01 2.913065433502197266e+00 -4.369598388671875000e+00
0.000000000000000000e+00 -7.282663583755493164e-01 1.820665931701660156e+01 1.820665931701660156e+01 -2.184799194335937500e+00 -7.282663583755493164e-01 0.000000000000000000e+00 -2.184799194335937500e+00 7.282663583755493164e-01 0.000000000000000000e+00 2.184799194335937500e+00 1.456532716751098633e+00 -3.641331672668457031e+00 7.282663583755493164e-01 2.913065433502197266e+00 -2.913065433502197266e+00
7.282663583755493164e-01 -2.184799194335937500e+00 2.257625770568847656e+01 2.257625770568847656e+01 -2.184799194335937500e+00 -2.184799194335937500e+00 -7.282663583755493164e-01 -2.913065433502197266e+00 0.000000000000000000e+00 -1.456532716751098633e+00 2.184799194335937500e+00 -7.282663583755493164e-01 -2.913065433502197266e+00 -1.456532716751098633e+00 2.184799194335937500e+00 -4.369598388671875000e+00
1.456532716751098633e+00 -1.456532716751098633e+00 1.966319084167480469e+01 1.966319084167480469e+01 0.000000000000000000e+00 -7.282663583755493164e-01 1.456532716751098633e+00 -2.184799194335937500e+00 2.184799194335937500e+00 0.000000000000000000e+00 2.913065433502197266e+00 7.282663583755493164e-01 -1.456532716751098633e+00 1.456532716751098633e+00 2.913065433502197266e+00 -2.184799194335937500e+00
1.456532716751098633e+00 -2.184799194335937500e+00 2.403278923034667969e+01 2.403278923034667969e+01 -7.282663583755493164e-01 -2.184799194335937500e+00 1.456532716751098633e+00 -2.913065433502197266e+00 1.456532716751098633e+00 -1.456532716751098633e+00 2.913065433502197266e+00 -1.456532716751098633e+00 -7.282663583755493164e-01 -1.456532716751098633e+00 2.913065433502197266e+00 -2.913065433502197266e+00
7.282663583755493164e-01 -2.184799194335937500e+00 2.184799003601074219e+01 2.184799003601074219e+01 -1.456532716751098633e+00 -1.456532716751098633e+00 -7.282663583755493164e-01 -2.913065433502197266e+00 0.000000000000000000e+00 -7.282663583755493164e-01 2.184799194335937500e+00 7.282663583755493164e-01 -7.282663583755493164e-01 7.282663583755493164e-01 2.184799194335937500e+00 -2.913065433502197266e+00
7.282663583755493164e-01 -3.641331672668457031e+00 2.767412185668945312e+01 2.767412185668945312e+01 -2.184799194335937500e+00 -2.913065433502197266e+00 -1.456532716751098633e+00 -4.369598388671875000e+00 -7.282663583755493164e-01 -2.184799194335937500e+00 1.456532716751098633e+00 -1.456532716751098633e+00 -7.282663583755493164e-01 -2.184799194335937500e+00 2.184799194335937500e+00 -4.369598388671875000e+00
2.913065433502197266e+00 -7.282663583755493164e-01 2.330452346801757812e+01 2.257625770568847656e+01 -2.184799194335937500e+00 -7.282663583755493164e-01 7.282663583755493164e-01 -2.184799194335937500e+00 0.000000000000000000e+00 2.184799194335937500e+00 2.184799194335937500e+00 2.913065433502197266e+00 -2.184799194335937500e+00 -2.184799194335937500e+00 5.826130867004394531e+00 -2.913065433502197266e+00
3.641331672668457031e+00 -2.184799194335937500e+00 2.913065338134765625e+01 2.913065338134765625e+01 -2.184799194335937500e+00 -2.913065433502197266e+00 2.184799194335937500e+00 -3.641331672668457031e+00 7.282663583755493164e-01 7.282663583755493164e-01 2.913065433502197266e+00 2.184799194335937500e+00 -2.184799194335937500e+00 -3.641331672668457031e+00 7.282663345336914062e+00 -4.369598388671875000e+00
1.456532716751098633e+00 -1.456532716751098633e+00 1.966319084167480469e+01 1.966319084167480469e+01 -7.282663583755493164e-01 -2.184799194335937500e+00 4.369598388671875000e+00 0.000000000000000000e+00 2.184799194335937500e+00 4.369598388671875000e+00 1.456532716751098633e+00 5.097864627838134766e+00 -5.097864627838134766e+00 -8.739196777343750000e+00 6.554397106170654297e+00 -4.369598388671875000e+00
2.184799194335937500e+00 -2.913065433502197266e+00 2.403278923034667969e+01 2.403278923034667969e+01 -7.282663583755493164e-01 -4.369598388671875000e+00 5.826130867004394531e+00 -1.456532716751098633e+00 2.913065433502197266e+00 3.641331672668457031e+00 2.184799194335937500e+00 5.097864627838134766e+00 -5.826130867004394531e+00 -1.092399501800537109e+01 8.739196777343750000e+00 -5.826130867004394531e+00
-2.184799194335937500e+00 -2.184799194335937500e+00 2.111972427368164062e+01 2.111972427368164062e+01 -5.097864627838134766e+00 -3.641331672668457031e+00 2.184799194335937500e+00 -2.184799194335937500e+00 -1.456532716751098633e+00 2.913065433502197266e+00 -2.184799194335937500e+00 5.097864627838134766e+00 -9.467462539672851562e+00 -8.010930061340332031e+00 5.097864627838134766e+00 -4.369598388671875000e+00
-2.184799194335937500e+00 -2.913065433502197266e+00 2.403278923034667969e+01 2.403278923034667969e+01 -5.826130867004394531e+00 -5.826130867004394531e+00 2.184799194335937500e+00 -2.913065433502197266e+00 -2.184799194335937500e+00 2.184799194335937500e+00 -2.913065433502197266e+00 4.369598388671875000e+00 -1.019572925567626953e+01 -1.019572925567626953e+01 5.097864627838134766e+00 -5.826130867004394531e+00
-3.641331672668457031e+00 -7.282663583755493164e-01 1.747839355468750000e+01 1.747839355468750000e+01 -5.097864627838134766e+00 -2.913065433502197266e+00 -7.282663583755493164e-01 -2.913065433502197266e+00 -3.641331672668457031e+00 -7.282663583755493164e-01 -5.097864627838134766e+00 1.456532716751098633e+00 -8.739196777343750000e+00 -1.456532716751098633e+00 1.456532716751098633e+00 -7.282663583755493164e-01
-4.369598388671875000e+00 -1.456532716751098633e+00 2.184799003601074219e+01 2.184799003601074219e+01 -5.826130867004394531e+00 -5.097864627838134766e+00 -7.282663583755493164e-01 -3.641331672668457031e+00 -5.097864627838134766e+00 -2.184799194335937500e+00 -6.554397106170654297e+00 7.282663583755493164e-01 -9.467462539672851562e+00 -2.913065433502197266e+00 2.184799194335937500e+00 -1.456532716751098633e+00
-1.456532716751098633e+00 2.184799194335937500e+00 1.893492507934570312e+01 1.893492507934570312e+01 -2.184799194335937500e+00 0.000000000000000000e+00 1.456532716751098633e+00 -7.282663583755493164e-01 -2.184799194335937500e+00 0.000000000000000000e+00 -3.641331672668457031e+00 2.184799194335937500e+00 -5.097864627838134766e+00 3.641331672668457031e+00 2.913065433502197266e+00 3.641331672668457031e+00
-1.456532716751098633e+00 1.456532716751098633e+00 2.621758842468261719e+01 2.621758842468261719e+01 -2.913065433502197266e+00 -2.184799194335937500e+00 2.184799194335937500e+00 -2.913065433502197266e+00 -3.641331672668457031e+00 -1.456532716751098633e+00 -4.369598388671875000e+00 2.184799194335937500e+00 -5.826130867004394531e+00 2.184799194335937500e+00 5.097864627838134766e+00 2.184799194335937500e+00
-7.282663583755493164e-01 1.456532716751098633e+00 2.039145851135253906e+01 2.039145851135253906e+01 -4.369598388671875000e+00 -1.456532716751098633e+00 7.282663583755493164e-01 -1.456532716751098633e+00 -2.913065433502197266e+00 7.282663583755493164e-01 -2.184799194335937500e+00 3.641331672668457031e+00 -5.826130867004394531e+00 0.000000000000000000e+00 5.826130867004394531e+00 2.184799194335937500e+00
-7.282663583755493164e-01 7.282663583755493164e-01 2.694585609436035156e+01 2.694585609436035156e+01 -5.097864627838134766e+00 -2.913065433502197266e+00 7.282663583755493164e-01 -2.184799194335937500e+00 -3.641331672668457031e+00 7.282663583755493164e-01 -3.641331672668457031e+00 3.641331672668457031e+00 -5.826130867004394531e+00 -2.184799194335937500e+00 6.554397106170654297e+00 7.282663583755493164e-01
-1.456532716751098633e+00 1.456532716751098633e+00 2.039145851135253906e+01 2.039145851135253906e+01 -3.641331672668457031e+00 -2.184799194335937500e+00 2.184799194335937500e+00 0.000000000000000000e+00 -2.184799194335937500e+00 2.184799194335937500e+00 -2.913065433502197266e+00 5.097864627838134766e+00 -5.826130867004394531e+00 -2.913065433502197266e+00 5.826130867004394531e+00 1.456532716751098633e+00
-1.456532716751098633e+00 1.456532716751098633e+00 2.548932266235351562e+01 2.548932266235351562e+01 -3.641331672668457031e+00 -2.913065433502197266e+00 1.456532716751098633e+00 7.282663583755493164e-01 -3.641331672668457031e+00 2.184799194335937500e+00 -4.369598388671875000e+00 5.097864627838134766e+00 -5.826130867004394531e+00 -4.369598388671875000e+00 5.826130867004394531e+00 2.184799194335937500e+00
-1.456532716751098633e+00 7.282663583755493164e-01 2.039145851135253906e+01 2.039145851135253906e+01 -3.641331672668457031e+00 -4.369598388671875000e+00 7.282663583755493164e-01 -2.184799194335937500e+00 -2.184799194335937500e+00 0.000000000000000000e+00 -2.913065433502197266e+00 3.641331672668457031e+00 -5.097864627838134766e+00 -2.913065433502197266e+00 4.369598388671875000e+00 1.456532716751098633e+00
-2.184799194335937500e+00 0.000000000000000000e+00 2.476105690002441406e+01 2.476105690002441406e+01 -4.369598388671875000e+00 -5.097864627838134766e+00 7.282663583755493164e-01 -2.184799194335937500e+00 -3.641331672668457031e+00 -1.456532716751098633e+00 -5.097864627838134766e+00 2.913065433502197266e+00 -5.826130867004394531e+00 -4.369598388671875000e+00 4.369598388671875000e+00 1.456532716751098633e+00
2.184799194335937500e+00 -7.282663583755493164e-01 1.966319084167480469e+01 1.966319084167480469e+01 7.282663583755493164e-01 -5.826130867004394531e+00 3.641331672668457031e+00 -3.641331672668457031e+00 -1.456532716751098633e+00 -2.913065433502197266e+00 -2.184799194335937500e+00 1.456532716751098633e+00 1.456532716751098633e+00 -3.641331672668457031e+00 8.010930061340332031e+00 2.913065433502197266e+00
2.913065433502197266e+00 -1.456532716751098633e+00 2.403278923034667969e+01 2.403278923034667969e+01 1.456532716751098633e+00 -8.010930061340332031e+00 5.097864627838134766e+00 -4.369598388671875000e+00 -1.456532716751098633e+00 -4.369598388671875000e+00 -2.184799194335937500e+00 7.282663583755493164e-01 2.184799194335937500e+00 -5.097864627838134766e+00 1.019572925567626953e+01 2.913065433502197266e+00
2.184799194335937500e+00 -1.456532716751098633e+00 1.893492507934570312e+01 1.893492507934570312e+01 -2.913065433502197266e+00 -7.282663345336914062e+00 2.184799194335937500e+00 -4.369598388671875000e+00 -5.097864627838134766e+00 -3.641331672668457031e+00 -5.097864627838134766e+00 1.456532716751098633e+00 7.282663583755493164e-01 -5.097864627838134766e+00 9.467462539672851562e+00 2.184799194335937500e+00
2.913065433502197266e+00 -7.282663583755493164e-01 2.039145851135253906e+01 2.039145851135253906e+01 -2.184799194335937500e+00 -7.282663345336914062e+00 2.184799194335937500e+00 -3.641331672668457031e+00 -5.097864627838134766e+00 -3.641331672668457031e+00 -4.369598388671875000e+00 1.456532716751098633e+00 2.184799194335937500e+00 -5.826130867004394531e+00 1.092399501800537109e+01 2.913065433502197266e+00
-2.184799194335937500e+00 0.000000000000000000e+00 2.184799003601074219e+01 2.184799003601074219e+01 -5.097864627838134766e+00 -1.456532716751098633e+00 -7.282663583755493164e-01 -4.369598388671875000e+00 -2.184799194335937500e+00 -7.282663583755493164e-01 -7.282663583755493164e-01 2.184799194335937500e+00 -6.554397106170654297e+00 2.913065433502197266e+00 2.913065433502197266e+00 -5.097864627838134766e+00
-2.184799194335937500e+00 7.282663583755493164e-01 2.767412185668945312e+01 2.767412185668945312e+01 -5.826130867004394531e+00 -7.282663583755493164e-01 -7.282663583755493164e-01 -4.369598388671875000e+00 -2.184799194335937500e+00 7.282663583755493164e-01 -7.282663583755493164e-01 2.913065433502197266e+00 -8.010930061340332031e+00 3.641331672668457031e+00 3.641331672668457031e+00 -5.826130867004394531e+00
-2.913065433502197266e+00 7.282663583755493164e-01 2.111972427368164062e+01 2.111972427368164062e+01 -5.097864627838134766e+00 -1.456532716751098633e+00 -1.456532716751098633e+00 -2.913065433502197266e+00 -2.184799194335937500e+00 -7.282663583755493164e-01 -1.456532716751098633e+00 2.913065433502197266e+00 -8.739196777343750000e+00 2.184799194335937500e+00 7.282663583755493164e-01 -2.184799194335937500e+00
-4.369598388671875000e+00 0.000000000000000000e+00 2.913065338134765625e+01 2.913065338134765625e+01 -6.554397106170654297e+00 -2.184799194335937500e+00 -1.456532716751098633e+00 -3.641331672668457031e+00 -2.184799194335937500e+00 0.000000000000000000e+00 -2.184799194335937500e+00 3.641331672668457031e+00 -1.165226173400878906e+01 7.282663583755493164e-01 7.282663583755493164e-01 -2.913065433502197266e+00
-7.282663583755493164e-01 1.456532716751098633e+00 2.039145851135253906e+01 2.039145851135253906e+01 -2.184799194335937500e+00 7.282663583755493164e-01 1.456532716751098633e+00 -2.184799194335937500e+00 7.282663583755493164e-01 -7.282663583755493164e-01 2.184799194335937500e+00 2.184799194335937500e+00 -5.826130867004394531e+00 4.369598388671875000e+00 2.913065433502197266e+00 -1.456532716751098633e+00
-7.282663583755493164e-01 7.282663583755493164e-01 2.694585609436035156e+01 2.694585609436035156e+01 -2.913065433502197266e+00 0.000000000000000000e+00 2.184799194335937500e+00 -3.641331672668457031e+00 1.456532716751098633e+00 0.000000000000000000e+00 2.184799194335937500e+00 2.913065433502197266e+00 -6.554397106170654297e+00 3.641331672668457031e+00 4.369598388671875000e+00 -2.184799194335937500e+00
0.000000000000000000e+00 1.456532716751098633e+00 1.893492507934570312e+01 1.893492507934570312e+01 -2.184799194335937500e+00 1.456532716751098633e+00 7.282663583755493164e-01 -7.282663583755493164e-01 2.184799194335937500e+00 7.282663583755493164e-01 3.641331672668457031e+00 2.184799194335937500e+00 -3.641331672668457031e+00 4.369598388671875000e+00 2.913065433502197266e+00 7.282663583755493164e-01
7.282663583755493164e-01 7.282663583755493164e-01 2.257625770568847656e+01 2.257625770568847656e+01 -2.184799194335937500e+00 1.456532716751098633e+00 7.282663583755493164e-01 -1.456532716751098633e+00 1.456532716751098633e+00 7.282663583755493164e-01 3.641331672668457031e+00 2.184799194335937500e+00 -2.913065433502197266e+00 3.641331672668457031e+00 4.369598388671875000e+00 0.000000000000000000e+00
7.282663583755493164e-01 0.000000000000000000e+00 1.893492507934570312e+01 1.893492507934570312e+01 -1.456532716751098633e+00 7.282663583755493164e-01 7.282663583755493164e-01 -1.456532716751098633e+00 2.184799194335937500e+00 -7.282663583755493164e-01 4.369598388671875000e+00 7.282663583755493164e-01 -2.184799194335937500e+00 4.369598388671875000e+00 2.184799194335937500e+00 -7.282663583755493164e-01
7.282663583755493164e-01 -7.282663583755493164e-01 2.257625770568847656e+01 2.257625770568847656e+01 -2.184799194335937500e+00 -7.282663583755493164e-01 7.282663583755493164e-01 -2.184799194335937500e+00 2.184799194335937500e+00 -2.184799194335937500e+00 4.369598388671875000e+00 -7.282663583755493164e-01 -2.184799194335937500e+00 2.913065433502197266e+00 2.184799194335937500e+00 -1.456532716751098633e+00
0.000000000000000000e+00 -7.282663583755493164e-01 2.039145851135253906e+01 2.039145851135253906e+01 -1.456532716751098633e+00 0.000000000000000000e+00 0.000000000000000000e+00 -2.913065433502197266e+00 2.184799194335937500e+00 -2.184799194335937500e+00 3.641331672668457031e+00 -7.282663583755493164e-01 -3.641331672668457031e+00 4.369598388671875000e+00 -7.282663583755493164e-01 -1.456532716751098633e+00
-7.282663583755493164e-01 -2.184799194335937500e+00 2.476105690002441406e+01 2.476105690002441406e+01 -2.184799194335937500e+00 -1.456532716751098633e+00 -7.282663583755493164e-01 -3.641331672668457031e+00 1.456532716751098633e+00 -2.913065433502197266e+00 3.641331672668457031e+00 -2.184799194335937500e+00 -4.369598388671875000e+00 3.641331672668457031e+00 0.000000000000000000e+00 -2.913065433502197266e+00
2.184799194335937500e+00 -2.184799194335937500e+00 2.184799003601074219e+01 2.184799003601074219e+01 -7.282663583755493164e-01 -2.184799194335937500e+00 7.282663583755493164e-01 -2.913065433502197266e+00 1.456532716751098633e+00 -2.184799194335937500e+00 2.913065433502197266e+00 0.000000000000000000e+00 -1.456532716751098633e+00 0.000000000000000000e+00 2.184799194335937500e+00 -2.184799194335937500e+00
2.184799194335937500e+00 -3.641331672668457031e+00 2.621758842468261719e+01 2.621758842468261719e+01 -1.456532716751098633e+00 -3.641331672668457031e+00 7.282663583755493164e-01 -4.369598388671875000e+00 1.456532716751098633e+00 -2.913065433502197266e+00 2.913065433502197266e+00 -2.184799194335937500e+00 -1.456532716751098633e+00 -2.184799194335937500e+00 2.913065433502197266e+00 -3.641331672668457031e+00
1.456532716751098633e+00 -2.913065433502197266e+00 2.039145851135253906e+01 2.039145851135253906e+01 0.000000000000000000e+00 -5.097864627838134766e+00 2.184799194335937500e+00 -4.369598388671875000e+00 0.000000000000000000e+00 -2.184799194335937500e+00 -7.282663583755493164e-01 -7.282663583755493164e-01 -2.184799194335937500e+00 -6.554397106170654297e+00 2.913065433502197266e+00 -3.641331672668457031e+00
1.456532716751098633e+00 -5.097864627838134766e+00 2.476105690002441406e+01 2.476105690002441406e+01 7.282663583755493164e-01 -7.282663345336914062e+00 2.184799194335937500e+00 -5.826130867004394531e+00 7.282663583755493164e-01 -3.641331672668457031e+00 -7.282663583755493164e-01 -2.184799194335937500e+00 -2.184799194335937500e+00 -9.467462539672851562e+00 3.641331672668457031e+00 -5.826130867004394531e+00
-1.456532716751098633e+00 -3.641331672668457031e+00 1.966319084167480469e+01 1.966319084167480469e+01 -1.456532716751098633e+00 -5.826130867004394531e+00 1.456532716751098633e+00 -5.097864627838134766e+00 -2.184799194335937500e+00 -2.913065433502197266e+00 -3.641331672668457031e+00 -1.456532716751098633e+00 -3.641331672668457031e+00 -5.826130867004394531e+00 2.184799194335937500e+00 -4.369598388671875000e+00
-1.456532716751098633e+00 -5.097864627838134766e+00 2.403278923034667969e+01 2.403278923034667969e+01 -1.456532716751098633e+00 -7.282663345336914062e+00 1.456532716751098633e+00 -5.826130867004394531e+00 -2.184799194335937500e+00 -4.369598388671875000e+00 -4.369598388671875000e+00 -2.184799194335937500e+00 -4.369598388671875000e+00 -8.739196777343750000e+00 2.913065433502197266e+00 -5.826130867004394531e+00
-7.282663583755493164e-01 -7.282663583755493164e-01 1.602186012268066406e+01 1.602186012268066406e+01 -7.282663583755493164e-01 -4.369598388671875000e+00 0.000000000000000000e+00 -3.641331672668457031e+00 -3.641331672668457031e+00 -3.641331672668457031e+00 -5.097864627838134766e+00 -1.456532716751098633e+00 2.184799194335937500e+00 0.000000000000000000e+00 2.913065433502197266e+00 2.184799194335937500e+00
-7.282663583755493164e-01 -1.456532716751098633e+00 1.820665931701660156e+01 1.820665931701660156e+01 0.000000000000000000e+00 -5.826130867004394531e+00 0.000000000000000000e+00 -4.369598388671875000e+00 -4.369598388671875000e+00 -5.826130867004394531e+00 -5.826130867004394531e+00 -2.913065433502197266e+00 2.913065433502197266e+00 -1.456532716751098633e+00 4.369598388671875000e+00 2.184799194335937500e+00
0.000000000000000000e+00 2.184799194335937500e+00 1.893492507934570312e+01 1.893492507934570312e+01 -7.282663583755493164e-01 -1.456532716751098633e+00 1.456532716751098633e+00 -7.282663583755493164e-01 -3.641331672668457031e+00 -2.184799194335937500e+00 -5.097864627838134766e+00 7.282663583755493164e-01 0.000000000000000000e+00 4.369598388671875000e+00 3.641331672668457031e+00 5.826130867004394531e+00
0.000000000000000000e+00 1.456532716751098633e+00 2.403278923034667969e+01 2.403278923034667969e+01 -7.282663583755493164e-01 -2.184799194335937500e+00 1.456532716751098633e+00 -2.184799194335937500e+00 -5.097864627838134766e+00 -2.913065433502197266e+00 -6.554397106170654297e+00 -7.282663583755493164e-01 1.456532716751098633e+00 3.641331672668457031e+00 5.826130867004394531e+00 5.826130867004394531e+00
-1.456532716751098633e+00 2.184799194335937500e+00 2.111972427368164062e+01 2.111972427368164062e+01 -4.369598388671875000e+00 -2.184799194335937500e+00 -7.282663583755493164e-01 -1.456532716751098633e+00 -5.097864627838134766e+00 -7.282663583755493164e-01 -4.369598388671875000e+00 2.913065433502197266e+00 -3.641331672668457031e+00 1.456532716751098633e+00 5.826130867004394531e+00 3.641331672668457031e+00
-7.282663583755493164e-01 1.456532716751098633e+00 2.548932266235351562e+01 2.548932266235351562e+01 -4.369598388671875000e+00 -2.913065433502197266e+00 -7.282663583755493164e-01 -2.184799194335937500e+00 -6.554397106170654297e+00 -1.456532716751098633e+00 -5.826130867004394531e+00 2.184799194335937500e+00 -2.184799194335937500e+00 7.282663583755493164e-01 7.282663345336914062e+00 3.641331672668457031e+00
-1.456532716751098633e+00 2.184799194335937500e+00 2.039145851135253906e+01 2.039145851135253906e+01 -5.826130867004394531e+00 -2.184799194335937500e+00 -7.282663583755493164e-01 0.000000000000000000e+00 -5.097864627838134766e+00 1.456532716751098633e+00 -5.826130867004394531e+00 4.369598388671875000e+00 -5.826130867004394531e+00 -1.456532716751098633e+00 5.097864627838134766e+00 3.641331672668457031e+00
-2.184799194335937500e+00 2.184799194335937500e+00 2.403278923034667969e+01 2.403278923034667969e+01 -5.826130867004394531e+00 -2.913065433502197266e+00 -7.282663583755493164e-01 7.282663583755493164e-01 -7.282663345336914062e+00 7.282663583755493164e-01 -7.282663345336914062e+00 4.369598388671875000e+00 -5.097864627838134766e+00 -2.184799194335937500e+00 5.826130867004394531e+00 4.369598388671875000e+00
-2.184799194335937500e+00 2.184799194335937500e+00 2.039145851135253906e+01 2.039145851135253906e+01 -3.641331672668457031e+00 -2.184799194335937500e+00 -7.282663583755493164e-01 7.282663583755493164e-01 -3.641331672668457031e+00 7.282663583755493164e-01 -5.097864627838134766e+00 3.641331672668457031e+00 -6.554397106170654297e+00 -7.282663583755493164e-01 1.456532716751098633e+00 4.369598388671875000e+00
-3.641331672668457031e+00 2.184799194335937500e+00 2.476105690002441406e+01 2.476105690002441406e+01 -4.369598388671875000e+00 -2.913065433502197266e+00 -7.282663583755493164e-01 7.282663583755493164e-01 -4.369598388671875000e+00 -7.282663583755493164e-01 -6.554397106170654297e+00 2.913065433502197266e+00 -7.282663345336914062e+00 -1.456532716751098633e+00 2.184799194335937500e+00 5.097864627838134766e+00
2.184799194335937500e+00 -7.282663583755493164e-01 1.820665931701660156e+01 1.820665931701660156e+01 -7.282663583755493164e-01 -5.826130867004394531e+00 3.641331672668457031e+00 -3.641331672668457031e+00 0.000000000000000000e+00 -3.641331672668457031e+00 -1.456532716751098633e+00 -7.282663583755493164e-01 -2.913065433502197266e+00 -2.184799194335937500e+00 5.826130867004394531e+00 2.184799194335937500e+00
2.913065433502197266e+00 -1.456532716751098633e+00 2.330452346801757812e+01 2.330452346801757812e+01 7.282663583755493164e-01 -7.282663345336914062e+00 5.097864627838134766e+00 -5.097864627838134766e+00 0.000000000000000000e+00 -5.826130867004394531e+00 -1.456532716751098633e+00 -1.456532716751098633e+00 -1.456532716751098633e+00 -2.913065433502197266e+00 8.010930061340332031e+00 3.641331672668457031e+00
2.184799194335937500e+00 -7.282663583755493164e-01 1.893492507934570312e+01 1.893492507934570312e+01 -4.369598388671875000e+00 -6.554397106170654297e+00 1.456532716751098633e+00 -4.369598388671875000e+00 -4.369598388671875000e+00 -1.456532716751098633e+00 -3.641331672668457031e+00 2.913065433502197266e+00 -2.184799194335937500e+00 -5.826130867004394531e+00 9.467462539672851562e+00 -7.282663583755493164e-01
2.913065433502197266e+00 -7.282663583755493164e-01 2.111972427368164062e+01 2.111972427368164062e+01 -2.913065433502197266e+00 -7.282663345336914062e+00 2.184799194335937500e+00 -3.641331672668457031e+00 -3.641331672668457031e+00 -1.456532716751098633e+00 -2.913065433502197266e+00 2.913065433502197266e+00 -7.282663583755493164e-01 -6.554397106170654297e+00 1.092399501800537109e+01 0.000000000000000000e+00
-2.184799194335937500e+00 7.282663583755493164e-01 2.403278923034667969e+01 2.403278923034667969e+01 -5.097864627838134766e+00 -1.456532716751098633e+00 -1.456532716751098633e+00 -4.369598388671875000e+00 -2.184799194335937500e+00 -7.282663583755493164e-01 0.000000000000000000e+00 2.184799194335937500e+00 -6.554397106170654297e+00 2.913065433502197266e+00 2.184799194335937500e+00 -3.641331672668457031e+00
-2.913065433502197266e+00 7.282663583755493164e-01 2.840238761901855469e+01 2.840238761901855469e+01 -6.554397106170654297e+00 -7.282663583755493164e-01 -1.456532716751098633e+00 -3.641331672668457031e+00 -2.184799194335937500e+00 7.282663583755493164e-01 -7.282663583755493164e-01 2.913065433502197266e+00 -8.010930061340332031e+00 3.641331672668457031e+00 2.184799194335937500e+00 -4.369598388671875000e+00
-3.641331672668457031e+00 1.456532716751098633e+00 2.257625770568847656e+01 2.257625770568847656e+01 -5.097864627838134766e+00 -2.184799194335937500e+00 -2.184799194335937500e+00 -3.641331672668457031e+00 -2.184799194335937500e+00 -2.184799194335937500e+00 -2.184799194335937500e+00 2.184799194335937500e+00 -8.739196777343750000e+00 3.641331672668457031e+00 -1.456532716751098633e+00 7.282663583755493164e-01
-5.826130867004394531e+00 7.282663583755493164e-01 2.913065338134765625e+01 2.913065338134765625e+01 -7.282663345336914062e+00 -2.184799194335937500e+00 -2.913065433502197266e+00 -3.641331672668457031e+00 -3.641331672668457031e+00 -1.456532716751098633e+00 -2.913065433502197266e+00 2.184799194335937500e+00 -1.092399501800537109e+01 2.913065433502197266e+00 -1.456532716751098633e+00 -7.282663583755493164e-01
-7.282663583755493164e-01 7.282663583755493164e-01 2.184799003601074219e+01 2.184799003601074219e+01 -2.184799194335937500e+00 -1.456532716751098633e+00 1.456532716751098633e+00 -3.641331672668457031e+00 1.456532716751098633e+00 -2.184799194335937500e+00 2.184799194335937500e+00 7.282663583755493164e-01 -5.826130867004394531e+00 5.097864627838134766e+00 2.184799194335937500e+00 0.000000000000000000e+00
-7.282663583755493164e-01 -7.282663583755493164e-01 2.913065338134765625e+01 2.913065338134765625e+01 -3.641331672668457031e+00 -2.184799194335937500e+00 1.456532716751098633e+00 -5.097864627838134766e+00 1.456532716751098633e+00 -2.184799194335937500e+00 2.184799194335937500e+00 7.282663583755493164e-01 -6.554397106170654297e+00 3.641331672668457031e+00 4.369598388671875000e+00 -2.184799194335937500e+00
1.456532716751098633e+00 -7.282663583755493164e-01 2.039145851135253906e+01 2.039145851135253906e+01 -1.456532716751098633e+00 0.000000000000000000e+00 2.184799194335937500e+00 -2.913065433502197266e+00 2.184799194335937500e+00 -1.456532716751098633e+00 4.369598388671875000e+00 7.282663583755493164e-01 -2.913065433502197266e+00 4.369598388671875000e+00 4.369598388671875000e+00 -1.456532716751098633e+00
2.184799194335937500e+00 -1.456532716751098633e+00 2.621758842468261719e+01 2.621758842468261719e+01 -2.184799194335937500e+00 -7.282663583755493164e-01 2.184799194335937500e+00 -3.641331672668457031e+00 2.184799194335937500e+00 -1.456532716751098633e+00 5.097864627838134766e+00 7.282663583755493164e-01 -2.913065433502197266e+00 3.641331672668457031e+00 5.097864627838134766e+00 -2.184799194335937500e+00
0.000000000000000000e+00 0.000000000000000000e+00 2.039145851135253906e+01 2.039145851135253906e+01 -2.913065433502197266e+00 1.456532716751098633e+00 -7.282663583755493164e-01 -2.184799194335937500e+00 1.456532716751098633e+00 0.000000000000000000e+00 3.641331672668457031e+00 1.456532716751098633e+00 -3.641331672668457031e+00 4.369598388671875000e+00 2.184799194335937500e+00 -2.184799194335937500e+00
-7.282663583755493164e-01 -7.282663583755493164e-01 2.257625770568847656e+01 2.257625770568847656e+01 -3.641331672668457031e+00 1.456532716751098633e+00 -2.184799194335937500e+00 -2.184799194335937500e+00 7.282663583755493164e-01 -7.282663583755493164e-01 3.641331672668457031e+00 0.000000000000000000e+00 -3.641331672668457031e+00 4.369598388671875000e+00 7.282663583755493164e-01 -2.184799194335937500e+00
-7.282663583755493164e-01 -1.456532716751098633e+00 2.184799003601074219e+01 2.184799003601074219e+01 -2.184799194335937500e+00 -7.282663583755493164e-01 7.282663583755493164e-01 -3.641331672668457031e+00 2.184799194335937500e+00 -2.184799194335937500e+00 3.641331672668457031e+00 -7.282663583755493164e-01 -5.826130867004394531e+00 4.369598388671875000e+00 7.282663583755493164e-01 -2.184799194335937500e+00
-1.456532716751098633e+00 -2.184799194335937500e+00 2.621758842468261719e+01 2.621758842468261719e+01 -2.913065433502197266e+00 -1.456532716751098633e+00 -7.282663583755493164e-01 -3.641331672668457031e+00 2.184799194335937500e+00 -2.913065433502197266e+00 3.641331672668457031e+00 -1.456532716751098633e+00 -5.826130867004394531e+00 3.641331672668457031e+00 -7.282663583755493164e-01 -2.184799194335937500e+00
7.282663583755493164e-01 0.000000000000000000e+00 2.039145851135253906e+01 2.039145851135253906e+01 -7.282663583755493164e-01 -7.282663583755493164e-01 7.282663583755493164e-01 -2.913065433502197266e+00 1.456532716751098633e+00 -2.184799194335937500e+00 2.184799194335937500e+00 -7.282663583755493164e-01 -2.184799194335937500e+00 4.369598388671875000e+00 0.000000000000000000e+00 -7.282663583755493164e-01
0.000000000000000000e+00 -7.282663583755493164e-01 2.403278923034667969e+01 2.403278923034667969e+01 -7.282663583755493164e-01 -7.282663583755493164e-01 -7.282663583755493164e-01 -2.913065433502197266e+00 1.456532716751098633e+00 -2.913065433502197266e+00 2.184799194335937500e+00 -1.456532716751098633e+00 -2.184799194335937500e+00 4.369598388671875000e+00 -7.282663583755493164e-01 -1.456532716751098633e+00
7.282663583755493164e-01 0.000000000000000000e+00 2.039145851135253906e+01 2.039145851135253906e+01 1.456532716751098633e+00 -1.456532716751098633e+00 -7.282663583755493164e-01 -2.184799194335937500e+00 -1.456532716751098633e+00 -3.641331672668457031e+00 -7.282663583755493164e-01 -2.913065433502197266e+00 4.369598388671875000e+00 4.369598388671875000e+00 1.456532716751098633e+00 2.913065433502197266e+00
7.282663583755493164e-01 -1.456532716751098633e+00 2.403278923034667969e+01 2.403278923034667969e+01 1.456532716751098633e+00 -1.456532716751098633e+00 -7.282663583755493164e-01 -1.456532716751098633e+00 -1.456532716751098633e+00 -3.641331672668457031e+00 -1.456532716751098633e+00 -3.641331672668457031e+00 5.097864627838134766e+00 2.913065433502197266e+00 1.456532716751098633e+00 2.913065433502197266e+00
-7.282663583755493164e-01 7.282663583755493164e-01 1.820665931701660156e+01 1.820665931701660156e+01 -1.456532716751098633e+00 -2.184799194335937500e+00 -2.184799194335937500e+00 -2.184799194335937500e+00 -3.641331672668457031e+00 -5.097864627838134766e+00 -2.913065433502197266e+00 -3.641331672668457031e+00 7.282663583755493164e-01 5.097864627838134766e+00 0.000000000000000000e+00 4.369598388671875000e+00
0.000000000000000000e+00 0.000000000000000000e+00 2.111972427368164062e+01 2.111972427368164062e+01 -1.456532716751098633e+00 -2.184799194335937500e+00 -2.184799194335937500e+00 -2.184799194335937500e+00 -3.641331672668457031e+00 -5.826130867004394531e+00 -3.641331672668457031e+00 -4.369598388671875000e+00 1.456532716751098633e+00 5.097864627838134766e+00 0.000000000000000000e+00 4.369598388671875000e+00
0.000000000000000000e+00 7.282663583755493164e-01 1.675012588500976562e+01 1.675012588500976562e+01 0.000000000000000000e+00 -2.913065433502197266e+00 -1.456532716751098633e+00 -2.913065433502197266e+00 -3.641331672668457031e+00 -5.826130867004394531e+00 -3.641331672668457031e+00 -3.641331672668457031e+00 3.641331672668457031e+00 4.369598388671875000e+00 1.456532716751098633e+00 5.826130867004394531e+00
7.282663583755493164e-01 0.000000000000000000e+00 2.039145851135253906e+01 2.039145851135253906e+01 7.282663583755493164e-01 -3.641331672668457031e+00 -1.456532716751098633e+00 -3.641331672668457031e+00 -3.641331672668457031e+00 -7.282663345336914062e+00 -3.641331672668457031e+00 -5.097864627838134766e+00 5.097864627838134766e+00 4.369598388671875000e+00 2.184799194335937500e+00 5.826130867004394531e+00
-7.282663583755493164e-01 7.282663583755493164e-01 1.820665931701660156e+01 1.820665931701660156e+01 -2.184799194335937500e+00 -2.184799194335937500e+00 -2.184799194335937500e+00 -1.456532716751098633e+00 -5.826130867004394531e+00 -3.641331672668457031e+00 -5.097864627838134766e+00 -2.184799194335937500e+00 2.184799194335937500e+00 3.641331672668457031e+00 2.184799194335937500e+00 5.826130867004394531e+00
-7.282663583755493164e-01 7.282663583755493164e-01 1.966319084167480469e+01 2.039145851135253906e+01 -2.184799194335937500e+00 -2.184799194335937500e+00 -2.184799194335937500e+00 -1.456532716751098633e+00 -5.826130867004394531e+00 -5.097864627838134766e+00 -5.826130867004394531e+00 -3.641331672668457031e+00 3.641331672668457031e+00 3.641331672668457031e+00 2.913065433502197266e+00 6.554397106170654297e+00
-2.184799194335937500e+00 -1.456532716751098633e+00 2.039145851135253906e+01 2.039145851135253906e+01 -5.097864627838134766e+00 -4.369598388671875000e+00 -2.913065433502197266e+00 -2.913065433502197266e+00 -6.554397106170654297e+00 -4.369598388671875000e+00 -5.826130867004394531e+00 -2.184799194335937500e+00 -2.184799194335937500e+00 0.000000000000000000e+00 2.184799194335937500e+00 2.913065433502197266e+00
-2.184799194335937500e+00 -2.184799194335937500e+00 2.403278923034667969e+01 2.403278923034667969e+01 -5.097864627838134766e+00 -5.097864627838134766e+00 -3.641331672668457031e+00 -2.913065433502197266e+00 -8.010930061340332031e+00 -5.826130867004394531e+00 -7.282663345336914062e+00 -3.641331672668457031e+00 -2.184799194335937500e+00 -7.282663583755493164e-01 2.184799194335937500e+00 3.641331672668457031e+00
-2.184799194335937500e+00 -7.282663583755493164e-01 1.966319084167480469e+01 1.966319084167480469e+01 -5.097864627838134766e+00 -3.641331672668457031e+00 -2.184799194335937500e+00 -2.184799194335937500e+00 -5.097864627838134766e+00 -2.184799194335937500e+00 -4.369598388671875000e+00 -7.282663583755493164e-01 -4.369598388671875000e+00 -7.282663583755493164e-01 2.184799194335937500e+00 2.184799194335937500e+00
-2.913065433502197266e+00 -1.456532716751098633e+00 2.403278923034667969e+01 2.403278923034667969e+01 -5.826130867004394531e+00 -4.369598388671875000e+00 -2.913065433502197266e+00 -2.184799194335937500e+00 -5.826130867004394531e+00 -3.641331672668457031e+00 -5.826130867004394531e+00 -1.456532716751098633e+00 -5.097864627838134766e+00 -1.456532716751098633e+00 1.456532716751098633e+00 2.913065433502197266e+00
-2.913065433502197266e+00 1.456532716751098633e+00 2.039145851135253906e+01 2.039145851135253906e+01 -2.913065433502197266e+00 -3.641331672668457031e+00 -7.282663583755493164e-01 -1.456532716751098633e+00 -2.184799194335937500e+00 -7.282663583755493164e-01 -2.913065433502197266e+00 2.184799194335937500e+00 -6.554397106170654297e+00 -1.456532716751098633e+00 -7.282663583755493164e-01 3.641331672668457031e+00
-3.641331672668457031e+00 1.456532716751098633e+00 2.621758842468261719e+01 2.621758842468261719e+01 -3.641331672668457031e+00 -3.641331672668457031e+00 -1.456532716751098633e+00 0.000000000000000000e+00 -2.913065433502197266e+00 -1.456532716751098633e+00 -4.369598388671875000e+00 2.184799194335937500e+00 -8.010930061340332031e+00 -2.184799194335937500e+00 -1.456532716751098633e+00 3.641331672668457031e+00
1.456532716751098633e+00 7.282663583755493164e-01 1.820665931701660156e+01 1.820665931701660156e+01 -1.456532716751098633e+00 -4.369598388671875000e+00 2.913065433502197266e+00 -2.184799194335937500e+00 1.456532716751098633e+00 -2.184799194335937500e+00 7.282663583755493164e-01 2.184799194335937500e+00 -4.369598388671875000e+00 -2.184799194335937500e+00 2.913065433502197266e+00 2.913065433502197266e+00
2.184799194335937500e+00 7.282663583755493164e-01 2.257625770568847656e+01 2.257625770568847656e+01 7.282663583755493164e-01 -5.826130867004394531e+00 4.369598388671875000e+00 -2.184799194335937500e+00 2.184799194335937500e+00 -2.184799194335937500e+00 1.456532716751098633e+00 1.456532716751098633e+00 -3.641331672668457031e+00 -2.913065433502197266e+00 4.369598388671875000e+00 4.369598388671875000e+00
1.456532716751098633e+00 -7.282663583755493164e-01 1.820665931701660156e+01 1.820665931701660156e+01 -4.369598388671875000e+00 -5.826130867004394531e+00 2.184799194335937500e+00 -3.641331672668457031e+00 -3.641331672668457031e+00 0.000000000000000000e+00 -2.913065433502197266e+00 3.641331672668457031e+00 -4.369598388671875000e+00 -5.826130867004394531e+00 8.739196777343750000e+00 -1.456532716751098633e+00
2.184799194335937500e+00 7.282663583755493164e-01 2.039145851135253906e+01 2.039145851135253906e+01 -3.641331672668457031e+00 -5.097864627838134766e+00 2.913065433502197266e+00 -2.184799194335937500e+00 -2.913065433502197266e+00 7.282663583755493164e-01 -2.184799194335937500e+00 4.369598388671875000e+00 -2.913065433502197266e+00 -5.826130867004394531e+00 9.467462539672851562e+00 0.000000000000000000e+00
-2.184799194335937500e+00 -1.456532716751098633e+00 2.403278923034667969e+01 2.403278923034667969e+01 -5.097864627838134766e+00 -2.913065433502197266e+00 7.282663583755493164e-01 -5.097864627838134766e+00 -1.456532716751098633e+00 -2.184799194335937500e+00 -7.282663583755493164e-01 1.456532716751098633e+00 -8.010930061340332031e+00 0.000000000000000000e+00 2.913065433502197266e+00 -5.097864627838134766e+00
-2.913065433502197266e+00 -1.456532716751098633e+00 2.985892105102539062e+01 2.985892105102539062e+01 -5.826130867004394531e+00 -2.913065433502197266e+00 7.282663583755493164e-01 -5.826130867004394531e+00 -1.456532716751098633e+00 -1.456532716751098633e+00 -7.282663583755493164e-01 2.184799194335937500e+00 -9.467462539672851562e+00 -7.282663583755493164e-01 2.913065433502197266e+00 -5.826130867004394531e+00
-3.641331672668457031e+00 -7.282663583755493164e-01 2.330452346801757812e+01 2.330452346801757812e+01 -5.826130867004394531e+00 -2.913065433502197266e+00 -7.282663583755493164e-01 -4.369598388671875000e+00 -2.184799194335937500e+00 -1.456532716751098633e+00 -2.184799194335937500e+00 2.184799194335937500e+00 -1.092399501800537109e+01 7.282663583755493164e-01 1.456532716751098633e+00 -2.184799194335937500e+00
-5.097864627838134766e+00 -1.456532716751098633e+00 2.913065338134765625e+01 2.913065338134765625e+01 -7.282663345336914062e+00 -4.369598388671875000e+00 -1.456532716751098633e+00 -5.097864627838134766e+00 -2.913065433502197266e+00 -2.184799194335937500e+00 -3.641331672668457031e+00 2.913065433502197266e+00 -1.310879421234130859e+01 -1.456532716751098633e+00 1.456532716751098633e+00 -2.184799194335937500e+00
-7.282663583755493164e-01 1.456532716751098633e+00 2.111972427368164062e+01 2.111972427368164062e+01 -2.184799194335937500e+00 -1.456532716751098633e+00 2.184799194335937500e+00 -2.913065433502197266e+00 1.456532716751098633e+00 -1.456532716751098633e+00 1.456532716751098633e+00 1.456532716751098633e+00 -7.282663345336914062e+00 3.641331672668457031e+00 2.184799194335937500e+00 7.282663583755493164e-01
-7.282663583755493164e-01 7.282663583755493164e-01 2.767412185668945312e+01 2.767412185668945312e+01 -2.913065433502197266e+00 -2.184799194335937500e+00 2.184799194335937500e+00 -4.369598388671875000e+00 1.456532716751098633e+00 -2.184799194335937500e+00 2.184799194335937500e+00 1.456532716751098633e+00 -8.739196777343750000e+00 2.913065433502197266e+00 2.913065433502197266e+00 -7.282663583755493164e-01
7.282663583755493164e-01 7.282663583755493164e-01 2.039145851135253906e+01 1.966319084167480469e+01 -1.456532716751098633e+00 -1.456532716751098633e+00 2.184799194335937500e+00 -2.184799194335937500e+00 1.456532716751098633e+00 -1.456532716751098633e+00 2.184799194335937500e+00 1.456532716751098633e+00 -3.641331672668457031e+00 2.184799194335937500e+00 4.369598388671875000e+00 -7.282663583755493164e-01
1.456532716751098633e+00 7.282663583755493164e-01 2.621758842468261719e+01 2.621758842468261719e+01 -2.184799194335937500e+00 -7.282663583755493164e-01 2.184799194335937500e+00 -2.184799194335937500e+00 1.456532716751098633e+00 -7.282663583755493164e-01 2.184799194335937500e+00 1.456532716751098633e+00 -3.641331672668457031e+00 2.184799194335937500e+00 5.826130867004394531e+00 -7.282663583755493164e-01
-7.282663583755493164e-01 1.456532716751098633e+00 1.893492507934570312e+01 1.893492507934570312e+01 -2.184799194335937500e+00 7.282663583755493164e-01 -1.456532716751098633e+00 -1.456532716751098633e+00 0.000000000000000000e+00 7.282663583755493164e-01 2.184799194335937500e+00 1.456532716751098633e+00 -2.913065433502197266e+00 4.369598388671875000e+00 7.282663583755493164e-01 -7.282663583755493164e-01
-1.456532716751098633e+00 1.456532716751098633e+00 2.111972427368164062e+01 2.111972427368164062e+01 -3.641331672668457031e+00 2.184799194335937500e+00 -2.913065433502197266e+00 0.000000000000000000e+00 -2.184799194335937500e+00 7.282663583755493164e-01 1.456532716751098633e+00 1.456532716751098633e+00 -2.913065433502197266e+00 5.826130867004394531e+00 -7.282663583755493164e-01 0.000000000000000000e+00
-2.184799194335937500e+00 0.000000000000000000e+00 2.039145851135253906e+01 2.039145851135253906e+01 -1.456532716751098633e+00 -7.282663583755493164e-01 -7.282663583755493164e-01 -2.913065433502197266e+00 1.456532716751098633e+00 -2.184799194335937500e+00 2.184799194335937500e+00 -7.282663583755493164e-01 -4.369598388671875000e+00 3.641331672668457031e+00 -2.184799194335937500e+00 -7.282663583755493164e-01
-2.913065433502197266e+00 7.282663583755493164e-01 2.330452346801757812e+01 2.330452346801757812e+01 -2.184799194335937500e+00 -7.282663583755493164e-01 -2.184799194335937500e+00 -2.184799194335937500e+00 -7.282663583755493164e-01 -2.184799194335937500e+00 7.282663583755493164e-01 -1.456532716751098633e+00 -4.369598388671875000e+00 4.369598388671875000e+00 -2.913065433502197266e+00 -7.282663583755493164e-01
7.282663583755493164e-01 1.456532716751098633e+00 1.675012588500976562e+01 1.675012588500976562e+01 2.184799194335937500e+00 -1.456532716751098633e+00 2.184799194335937500e+00 -2.184799194335937500e+00 1.456532716751098633e+00 -2.913065433502197266e+00 7.282663583755493164e-01 -7.282663583755493164e-01 2.184799194335937500e+00 4.369598388671875000e+00 2.913065433502197266e+00 3.641331672668457031e+00
7.282663583755493164e-01 1.456532716751098633e+00 1.820665931701660156e+01 1.820665931701660156e+01 2.184799194335937500e+00 -1.456532716751098633e+00 2.184799194335937500e+00 -1.456532716751098633e+00 1.456532716751098633e+00 -2.913065433502197266e+00 1.456532716751098633e+00 -1.456532716751098633e+00 2.184799194335937500e+00 3.641331672668457031e+00 2.184799194335937500e+00 3.641331672668457031e+00
7.282663583755493164e-01 7.282663583755493164e-01 1.747839355468750000e+01 1.675012588500976562e+01 1.456532716751098633e+00 -1.456532716751098633e+00 7.282663583755493164e-01 -2.184799194335937500e+00 -2.184799194335937500e+00 -2.913065433502197266e+00 -2.184799194335937500e+00 -1.456532716751098633e+00 5.826130867004394531e+00 3.641331672668457031e+00 3.641331672668457031e+00 4.369598388671875000e+00
7.282663583755493164e-01 7.282663583755493164e-01 2.039145851135253906e+01 2.039145851135253906e+01 2.184799194335937500e+00 -2.184799194335937500e+00 7.282663583755493164e-01 -2.184799194335937500e+00 -2.184799194335937500e+00 -4.369598388671875000e+00 -2.184799194335937500e+00 -2.184799194335937500e+00 6.554397106170654297e+00 2.913065433502197266e+00 4.369598388671875000e+00 5.097864627838134766e+00
0.000000000000000000e+00 1.456532716751098633e+00 1.602186012268066406e+01 1.602186012268066406e+01 -2.913065433502197266e+00 7.282663583755493164e-01 -2.184799194335937500e+00 -2.184799194335937500e+00 -2.184799194335937500e+00 -2.184799194335937500e+00 -7.282663583755493164e-01 -7.282663583755493164e-01 -7.282663583755493164e-01 6.554397106170654297e+00 7.282663583755493164e-01 2.913065433502197266e+00
1.456532716751098633e+00 1.456532716751098633e+00 2.039145851135253906e+01 2.039145851135253906e+01 -2.184799194335937500e+00 7.282663583755493164e-01 -2.184799194335937500e+00 -2.184799194335937500e+00 -2.184799194335937500e+00 -3.641331672668457031e+00 -7.282663583755493164e-01 -1.456532716751098633e+00 7.282663583755493164e-01 7.282663345336914062e+00 2.184799194335937500e+00 2.913065433502197266e+00
-7.282663583755493164e-01 1.456532716751098633e+00 1.747839355468750000e+01 1.747839355468750000e+01 -2.913065433502197266e+00 -1.456532716751098633e+00 -2.913065433502197266e+00 -2.184799194335937500e+00 -2.913065433502197266e+00 -3.641331672668457031e+00 -1.456532716751098633e+00 -2.184799194335937500e+00 0.000000000000000000e+00 5.826130867004394531e+00 0.000000000000000000e+00 2.913065433502197266e+00
7.282663583755493164e-01 1.456532716751098633e+00 2.039145851135253906e+01 2.039145851135253906e+01 -2.913065433502197266e+00 -7.282663583755493164e-01 -2.913065433502197266e+00 -2.913065433502197266e+00 -3.641331672668457031e+00 -5.097864627838134766e+00 -7.282663583755493164e-01 -2.913065433502197266e+00 1.456532716751098633e+00 7.282663345336914062e+00 1.456532716751098633e+00 2.913065433502197266e+00
-2.184799194335937500e+00 7.282663583755493164e-01 1.820665931701660156e+01 1.820665931701660156e+01 -5.097864627838134766e+00 -2.184799194335937500e+00 -2.913065433502197266e+00 -1.456532716751098633e+00 -5.826130867004394531e+00 -1.456532716751098633e+00 -5.097864627838134766e+00 7.282663583755493164e-01 -2.184799194335937500e+00 -7.282663583755493164e-01 2.913065433502197266e+00 1.456532716751098633e+00
-7.282663583755493164e-01 7.282663583755493164e-01 2.330452346801757812e+01 2.330452346801757812e+01 -5.097864627838134766e+00 -2.184799194335937500e+00 -2.184799194335937500e+00 -1.456532716751098633e+00 -5.826130867004394531e+00 -7.282663583755493164e-01 -4.369598388671875000e+00 1.456532716751098633e+00 -2.184799194335937500e+00 7.282663583755493164e-01 4.369598388671875000e+00 2.184799194335937500e+00
-2.184799194335937500e+00 1.456532716751098633e+00 1.820665931701660156e+01 1.820665931701660156e+01 -4.369598388671875000e+00 -1.456532716751098633e+00 -2.184799194335937500e+00 7.282663583755493164e-01 -5.826130867004394531e+00 2.184799194335937500e+00 -5.826130867004394531e+00 2.913065433502197266e+00 -3.641331672668457031e+00 -2.184799194335937500e+00 2.913065433502197266e+00 2.184799194335937500e+00
-2.184799194335937500e+00 2.184799194335937500e+00 2.184799003601074219e+01 2.184799003601074219e+01 -5.826130867004394531e+00 -7.282663583755493164e-01 -2.184799194335937500e+00 1.456532716751098633e+00 -5.826130867004394531e+00 2.913065433502197266e+00 -5.826130867004394531e+00 5.097864627838134766e+00 -4.369598388671875000e+00 -2.184799194335937500e+00 2.184799194335937500e+00 2.184799194335937500e+00
-7.282663583755493164e-01 7.282663583755493164e-01 1.966319084167480469e+01 1.966319084167480469e+01 -2.184799194335937500e+00 -2.184799194335937500e+00 1.456532716751098633e+00 -1.456532716751098633e+00 -7.282663583755493164e-01 7.282663583755493164e-01 -7.282663583755493164e-01 2.913065433502197266e+00 -5.097864627838134766e+00 -2.184799194335937500e+00 3.641331672668457031e+00 7.282663583755493164e-01
-2.184799194335937500e+00 1.456532716751098633e+00 2.403278923034667969e+01 2.403278923034667969e+01 -4.369598388671875000e+00 -2.184799194335937500e+00 -7.282663583755493164e-01 0.000000000000000000e+00 -2.913065433502197266e+00 1.456532716751098633e+00 -2.184799194335937500e+00 3.641331672668457031e+00 -6.554397106170654297e+00 -2.184799194335937500e+00 2.184799194335937500e+00 1.456532716751098633e+00
-1.456532716751098633e+00 0.000000000000000000e+00 2.111972427368164062e+01 2.111972427368164062e+01 -1.456532716751098633e+00 -3.641331672668457031e+00 2.184799194335937500e+00 -2.184799194335937500e+00 2.184799194335937500e+00 -7.282663583755493164e-01 1.456532716751098633e+00 2.913065433502197266e+00 -7.282663345336914062e+00 -1.456532716751098633e+00 1.456532716751098633e+00 7.282663583755493164e-01
-2.184799194335937500e+00 7.282663583755493164e-01 2.621758842468261719e+01 2.621758842468261719e+01 -2.184799194335937500e+00 -3.641331672668457031e+00 1.456532716751098633e+00 -2.184799194335937500e+00 7.282663583755493164e-01 -7.282663583755493164e-01 -7.282663583755493164e-01 2.913065433502197266e+00 -8.010930061340332031e+00 -1.456532716751098633e+00 1.456532716751098633e+00 7.282663583755493164e-01
1.456532716751098633e+00 7.282663583755493164e-01 1.893492507934570312e+01 1.820665931701660156e+01 -1.456532716751098633e+00 -4.369598388671875000e+00 2.913065433502197266e+00 -2.184799194335937500e+00 7.282663583755493164e-01 -1.456532716751098633e+00 0.000000000000000000e+00 2.913065433502197266e+00 -4.369598388671875000e+00 -2.184799194335937500e+00 4.369598388671875000e+00 3.641331672668457031e+00
2.184799194335937500e+00 7.282663583755493164e-01 2.257625770568847656e+01 2.257625770568847656e+01 -7.282663583755493164e-01 -5.826130867004394531e+00 4.369598388671875000e+00 -2.184799194335937500e+00 1.456532716751098633e+00 -2.184799194335937500e+00 0.000000000000000000e+00 2.184799194335937500e+00 -3.641331672668457031e+00 -2.913065433502197266e+00 5.826130867004394531e+00 4.369598388671875000e+00
7.282663583755493164e-01 0.000000000000000000e+00 1.893492507934570312e+01 1.893492507934570312e+01 -5.826130867004394531e+00 -5.826130867004394531e+00 1.456532716751098633e+00 -3.641331672668457031e+00 -4.369598388671875000e+00 0.000000000000000000e+00 -4.369598388671875000e+00 4.369598388671875000e+00 -5.826130867004394531e+00 -5.826130867004394531e+00 8.739196777343750000e+00 0.000000000000000000e+00
2.184799194335937500e+00 7.282663583755493164e-01 2.111972427368164062e+01 2.111972427368164062e+01 -4.369598388671875000e+00 -5.826130867004394531e+00 2.913065433502197266e+00 -2.184799194335937500e+00 -3.641331672668457031e+00 7.282663583755493164e-01 -2.913065433502197266e+00 5.097864627838134766e+00 -4.369598388671875000e+00 -5.826130867004394531e+00 9.467462539672851562e+00 1.456532716751098633e+00
-2.184799194335937500e+00 -1.456532716751098633e+00 2.476105690002441406e+01 2.476105690002441406e+01 -4.369598388671875000e+00 -3.641331672668457031e+00 7.282663583755493164e-01 -5.826130867004394531e+00 -7.282663583755493164e-01 -3.641331672668457031e+00 -7.282663583755493164e-01 0.000000000000000000e+00 -7.282663345336914062e+00 7.282663583755493164e-01 2.184799194335937500e+00 -4.369598388671875000e+00
-2.184799194335937500e+00 -2.184799194335937500e+00 3.131545257568359375e+01 3.131545257568359375e+01 -5.097864627838134766e+00 -4.369598388671875000e+00 1.456532716751098633e+00 -6.554397106170654297e+00 -1.456532716751098633e+00 -3.641331672668457031e+00 -7.282663583755493164e-01 0.000000000000000000e+00 -9.467462539672851562e+00 0.000000000000000000e+00 2.913065433502197266e+00 -5.826130867004394531e+00
-2.913065433502197266e+00 -1.456532716751098633e+00 2.403278923034667969e+01 2.403278923034667969e+01 -2.913065433502197266e+00 -4.369598388671875000e+00 1.456532716751098633e+00 -5.826130867004394531e+00 -7.282663583755493164e-01 -2.184799194335937500e+00 -1.456532716751098633e+00 2.184799194335937500e+00 -8.010930061340332031e+00 -7.282663583755493164e-01 1.456532716751098633e+00 -3.641331672668457031e+00
-3.641331672668457031e+00 -2.184799194335937500e+00 3.277198791503906250e+01 3.277198791503906250e+01 -4.369598388671875000e+00 -5.826130867004394531e+00 1.456532716751098633e+00 -6.554397106170654297e+00 -7.282663583755493164e-01 -2.913065433502197266e+00 -1.456532716751098633e+00 2.184799194335937500e+00 -1.019572925567626953e+01 -2.913065433502197266e+00 2.184799194335937500e+00 -5.097864627838134766e+00
-7.282663583755493164e-01 1.456532716751098633e+00 2.257625770568847656e+01 2.184799003601074219e+01 -7.282663583755493164e-01 -7.282663583755493164e-01 2.913065433502197266e+00 -3.641331672668457031e+00 2.913065433502197266e+00 -2.184799194335937500e+00 2.184799194335937500e+00 0.000000000000000000e+00 -5.826130867004394531e+00 5.097864627838134766e+00 1.456532716751098633e+00 -7.282663583755493164e-01
7.282663583755493164e-01 7.282663583755493164e-01 3.058718681335449219e+01 3.058718681335449219e+01 -1.456532716751098633e+00 -1.456532716751098633e+00 4.369598388671875000e+00 -5.097864627838134766e+00 2.913065433502197266e+00 -2.184799194335937500e+00 2.913065433502197266e+00 7.282663583755493164e-01 -7.282663345336914062e+00 5.097864627838134766e+00 3.641331672668457031e+00 -2.184799194335937500e+00
7.282663583755493164e-01 1.456532716751098633e+00 2.111972427368164062e+01 2.111972427368164062e+01 0.000000000000000000e+00 -7.282663583755493164e-01 4.369598388671875000e+00 -2.184799194335937500e+00 2.184799194335937500e+00 -7.282663583755493164e-01 1.456532716751098633e+00 1.456532716751098633e+00 -4.369598388671875000e+00 3.641331672668457031e+00 5.097864627838134766e+00 7.282663583755493164e-01
2.184799194335937500e+00 1.456532716751098633e+00 2.985892105102539062e+01 2.985892105102539062e+01 7.282663583755493164e-01 -7.282663583755493164e-01 5.826130867004394531e+00 -2.913065433502197266e+00 2.913065433502197266e+00 -7.282663583755493164e-01 2.913065433502197266e+00 2.184799194335937500e+00 -4.369598388671875000e+00 4.369598388671875000e+00 7.282663345336914062e+00 0.000000000000000000e+00
-7.282663583755493164e-01 1.456532716751098633e+00 2.039145851135253906e+01 2.039145851135253906e+01 -2.184799194335937500e+00 0.000000000000000000e+00 1.456532716751098633e+00 -1.456532716751098633e+00 -7.282663583755493164e-01 1.456532716751098633e+00 -7.282663583755493164e-01 2.913065433502197266e+00 -5.826130867004394531e+00 1.456532716751098633e+00 3.641331672668457031e+00 0.000000000000000000e+00
-7.282663583755493164e-01 1.456532716751098633e+00 2.548932266235351562e+01 2.548932266235351562e+01 -2.184799194335937500e+00 7.282663583755493164e-01 2.184799194335937500e+00 -7.282663583755493164e-01 0.000000000000000000e+00 2.184799194335937500e+00 0.000000000000000000e+00 3.641331672668457031e+00 -5.826130867004394531e+00 2.184799194335937500e+00 3.641331672668457031e+00 0.000000000000000000e+00
-2.184799194335937500e+00 7.282663583755493164e-01 2.111972427368164062e+01 2.111972427368164062e+01 -7.282663583755493164e-01 -1.456532716751098633e+00 2.184799194335937500e+00 -2.913065433502197266e+00 1.456532716751098633e+00 -1.456532716751098633e+00 -7.282663583755493164e-01 1.456532716751098633e+00 -6.554397106170654297e+00 2.913065433502197266e+00 1.456532716751098633e+00 0.000000000000000000e+00
-2.184799194335937500e+00 1.456532716751098633e+00 2.621758842468261719e+01 2.621758842468261719e+01 -1.456532716751098633e+00 -1.456532716751098633e+00 2.184799194335937500e+00 -2.913065433502197266e+00 1.456532716751098633e+00 -2.184799194335937500e+00 -1.456532716751098633e+00 7.282663583755493164e-01 -7.282663345336914062e+00 3.641331672668457031e+00 7.282663583755493164e-01 1.456532716751098633e+00
7.282663583755493164e-01 7.282663583755493164e-01 1.966319084167480469e+01 1.966319084167480469e+01 1.456532716751098633e+00 -2.913065433502197266e+00 2.184799194335937500e+00 -3.641331672668457031e+00 0.000000000000000000e+00 -4.369598388671875000e+00 -7.282663583755493164e-01 -1.456532716751098633e+00 2.184799194335937500e+00 4.369598388671875000e+00 5.826130867004394531e+00 3.641331672668457031e+00
0.000000000000000000e+00 7.282663583755493164e-01 2.403278923034667969e+01 2.403278923034667969e+01 1.456532716751098633e+00 -3.641331672668457031e+00 2.913065433502197266e+00 -4.369598388671875000e+00 7.282663583755493164e-01 -5.097864627838134766e+00 7.282663583755493164e-01 -1.456532716751098633e+00 2.184799194335937500e+00 4.369598388671875000e+00 5.826130867004394531e+00 3.641331672668457031e+00
7.282663583755493164e-01 7.282663583755493164e-01 1.966319084167480469e+01 1.966319084167480469e+01 -7.282663583755493164e-01 -2.184799194335937500e+00 1.456532716751098633e+00 -3.641331672668457031e+00 -2.184799194335937500e+00 -2.184799194335937500e+00 -2.184799194335937500e+00 7.282663583755493164e-01 2.184799194335937500e+00 2.184799194335937500e+00 5.826130867004394531e+00 1.456532716751098633e+00
7.282663583755493164e-01 0.000000000000000000e+00 2.621758842468261719e+01 2.621758842468261719e+01 -7.282663583755493164e-01 -2.913065433502197266e+00 1.456532716751098633e+00 -4.369598388671875000e+00 -2.184799194335937500e+00 -2.913065433502197266e+00 -2.184799194335937500e+00 7.282663583755493164e-01 1.456532716751098633e+00 2.184799194335937500e+00 6.554397106170654297e+00 7.282663583755493164e-01
2.184799194335937500e+00 7.282663583755493164e-01 1.820665931701660156e+01 1.820665931701660156e+01 -2.184799194335937500e+00 1.456532716751098633e+00 7.282663583755493164e-01 -4.369598388671875000e+00 7.282663583755493164e-01 -7.282663583755493164e-01 2.913065433502197266e+00 2.184799194335937500e+00 -1.456532716751098633e+00 6.554397106170654297e+00 5.826130867004394531e+00 -5.097864627838134766e+00
2.184799194335937500e+00 1.456532716751098633e+00 2.184799003601074219e+01 2.184799003601074219e+01 -2.184799194335937500e+00 1.456532716751098633e+00 7.282663583755493164e-01 -5.097864627838134766e+00 -7.282663583755493164e-01 -2.184799194335937500e+00 2.913065433502197266e+00 1.456532716751098633e+00 0.000000000000000000e+00 8.010930061340332031e+00 6.554397106170654297e+00 -5.097864627838134766e+00
7.282663583755493164e-01 -1.456532716751098633e+00 2.111972427368164062e+01 2.111972427368164062e+01 -3.641331672668457031e+00 -7.282663583755493164e-01 0.000000000000000000e+00 -6.554397106170654297e+00 1.456532716751098633e+00 -4.369598388671875000e+00 3.641331672668457031e+00 -2.184799194335937500e+00 -5.097864627838134766e+00 6.554397106170654297e+00 2.184799194335937500e+00 -5.826130867004394531e+00
2.184799194335937500e+00 -1.456532716751098633e+00 2.767412185668945312e+01 2.767412185668945312e+01 -3.641331672668457031e+00 -7.282663583755493164e-01 1.456532716751098633e+00 -8.010930061340332031e+00 1.456532716751098633e+00 -5.097864627838134766e+00 4.369598388671875000e+00 -2.184799194335937500e+00 -5.097864627838134766e+00 8.010930061340332031e+00 5.097864627838134766e+00 -5.826130867004394531e+00
7.282663583755493164e-01 7.282663583755493164e-01 2.184799003601074219e+01 2.184799003601074219e+01 7.282663583755493164e-01 -2.913065433502197266e+00 5.097864627838134766e+00 -2.913065433502197266e+00 2.184799194335937500e+00 0.000000000000000000e+00 1.456532716751098633e+00 2.913065433502197266e+00 -5.826130867004394531e+00 -1.456532716751098633e+00 5.826130867004394531e+00 -7.282663583755493164e-01
2.184799194335937500e+00 1.456532716751098633e+00 3.131545257568359375e+01 3.131545257568359375e+01 0.000000000000000000e+00 -2.913065433502197266e+00 7.282663345336914062e+00 -3.641331672668457031e+00 4.369598388671875000e+00 1.456532716751098633e+00 2.913065433502197266e+00 5.097864627838134766e+00 -7.282663345336914062e+00 -7.282663583755493164e-01 8.739196777343750000e+00 -1.456532716751098633e+00
-7.282663583755493164e-01 2.184799194335937500e+00 2.184799003601074219e+01 2.111972427368164062e+01 -1.456532716751098633e+00 -7.282663583755493164e-01 5.097864627838134766e+00 -7.282663583755493164e-01 7.282663583755493164e-01 4.369598388671875000e+00 -1.456532716751098633e+00 7.282663345336914062e+00 -6.554397106170654297e+00 -2.913065433502197266e+00 6.554397106170654297e+00 -7.282663583755493164e-01
7.282663583755493164e-01 2.913065433502197266e+00 3.058718681335449219e+01 3.058718681335449219e+01 -1.456532716751098633e+00 -7.282663583755493164e-01 6.554397106170654297e+00 -7.282663583755493164e-01 2.184799194335937500e+00 5.826130867004394531e+00 7.282663583755493164e-01 9.467462539672851562e+00 -8.739196777343750000e+00 -2.184799194335937500e+00 8.739196777343750000e+00 -7.282663583755493164e-01
-2.184799194335937500e+00 2.184799194335937500e+00 2.257625770568847656e+01 2.257625770568847656e+01 -2.184799194335937500e+00 -7.282663583755493164e-01 3.641331672668457031e+00 7.282663583755493164e-01 -7.282663583755493164e-01 5.097864627838134766e+00 -2.184799194335937500e+00 8.010930061340332031e+00 -8.739196777343750000e+00 -2.184799194335937500e+00 5.097864627838134766e+00 -7.282663583755493164e-01
-2.913065433502197266e+00 2.913065433502197266e+00 3.204372024536132812e+01 3.204372024536132812e+01 -3.641331672668457031e+00 0.000000000000000000e+00 3.641331672668457031e+00 7.282663583755493164e-01 -7.282663583755493164e-01 6.554397106170654297e+00 -2.184799194335937500e+00 1.019572925567626953e+01 -1.092399501800537109e+01 -1.456532716751098633e+00 5.826130867004394531e+00 0.000000000000000000e+00
-2.184799194335937500e+00 7.282663583755493164e-01 2.548932266235351562e+01 2.548932266235351562e+01 -1.456532716751098633e+00 -1.456532716751098633e+00 2.184799194335937500e+00 -2.913065433502197266e+00 2.184799194335937500e+00 7.282663583755493164e-01 2.184799194335937500e+00 3.641331672668457031e+00 -6.554397106170654297e+00 2.913065433502197266e+00 2.184799194335937500e+00 7.282663583755493164e-01
-2.184799194335937500e+00 7.282663583755493164e-01 3.422851943969726562e+01 3.422851943969726562e+01 -2.184799194335937500e+00 -1.456532716751098633e+00 2.913065433502197266e+00 -2.913065433502197266e+00 2.184799194335937500e+00 7.282663583755493164e-01 2.184799194335937500e+00 5.097864627838134766e+00 -8.010930061340332031e+00 2.913065433502197266e+00 3.641331672668457031e+00 -7.282663583755493164e-01
1.456532716751098633e+00 0.000000000000000000e+00 2.184799003601074219e+01 2.184799003601074219e+01 7.282663583755493164e-01 -4.369598388671875000e+00 3.641331672668457031e+00 -3.641331672668457031e+00 1.456532716751098633e+00 -2.913065433502197266e+00 7.282663583755493164e-01 1.456532716751098633e+00 -7.282663583755493164e-01 0.000000000000000000e+00 5.826130867004394531e+00 2.913065433502197266e+00
2.184799194335937500e+00 0.000000000000000000e+00 2.840238761901855469e+01 2.840238761901855469e+01 1.456532716751098633e+00 -5.826130867004394531e+00 5.097864627838134766e+00 -4.369598388671875000e+00 1.456532716751098633e+00 -3.641331672668457031e+00 7.282663583755493164e-01 1.456532716751098633e+00 -7.282663583755493164e-01 -7.282663583755493164e-01 7.282663345336914062e+00 2.913065433502197266e+00
7.282663583755493164e-01 0.000000000000000000e+00 2.184799003601074219e+01 2.184799003601074219e+01 -5.097864627838134766e+00 -5.826130867004394531e+00 1.456532716751098633e+00 -4.369598388671875000e+00 -5.097864627838134766e+00 -2.184799194335937500e+00 -4.369598388671875000e+00 2.913065433502197266e+00 -2.913065433502197266e+00 -2.184799194335937500e+00 9.467462539672851562e+00 7.282663583755493164e-01
2.184799194335937500e+00 7.282663583755493164e-01 2.621758842468261719e+01 2.621758842468261719e+01 -3.641331672668457031e+00 -5.826130867004394531e+00 2.913065433502197266e+00 -4.369598388671875000e+00 -4.369598388671875000e+00 -2.184799194335937500e+00 -3.641331672668457031e+00 2.913065433502197266e+00 -1.456532716751098633e+00 -2.184799194335937500e+00 1.165226173400878906e+01 1.456532716751098633e+00
-2.184799194335937500e+00 -1.456532716751098633e+00 2.257625770568847656e+01 2.257625770568847656e+01 -3.641331672668457031e+00 -3.641331672668457031e+00 0.000000000000000000e+00 -5.826130867004394531e+00 0.000000000000000000e+00 -3.641331672668457031e+00 7.282663583755493164e-01 -7.282663583755493164e-01 -7.282663345336914062e+00 -7.282663583755493164e-01 7.282663583755493164e-01 -5.097864627838134766e+00
-1.456532716751098633e+00 -2.184799194335937500e+00 2.840238761901855469e+01 2.840238761901855469e+01 -3.641331672668457031e+00 -4.369598388671875000e+00 1.456532716751098633e+00 -6.554397106170654297e+00 7.282663583755493164e-01 -2.913065433502197266e+00 1.456532716751098633e+00 0.000000000000000000e+00 -8.010930061340332031e+00 -1.456532716751098633e+00 1.456532716751098633e+00 -5.826130867004394531e+00
-1.456532716751098633e+00 -1.456532716751098633e+00 2.548932266235351562e+01 2.476105690002441406e+01 -2.184799194335937500e+00 -3.641331672668457031e+00 2.184799194335937500e+00 -5.826130867004394531e+00 1.456532716751098633e+00 -2.184799194335937500e+00 1.456532716751098633e+00 2.184799194335937500e+00 -6.554397106170654297e+00 -7.282663583755493164e-01 2.184799194335937500e+00 -5.097864627838134766e+00
-1.456532716751098633e+00 -2.184799194335937500e+00 3.568505096435546875e+01 3.568505096435546875e+01 -2.184799194335937500e+00 -5.826130867004394531e+00 2.184799194335937500e+00 -7.282663345336914062e+00 2.184799194335937500e+00 -2.184799194335937500e+00 2.184799194335937500e+00 2.913065433502197266e+00 -7.282663345336914062e+00 -2.184799194335937500e+00 3.641331672668457031e+00 -6.554397106170654297e+00
7.282663583755493164e-01 0.000000000000000000e+00 2.403278923034667969e+01 2.403278923034667969e+01 7.282663583755493164e-01 -2.913065433502197266e+00 3.641331672668457031e+00 -5.097864627838134766e+00 2.913065433502197266e+00 -2.184799194335937500e+00 2.913065433502197266e+00 2.184799194335937500e+00 -4.369598388671875000e+00 1.456532716751098633e+00 2.913065433502197266e+00 -2.913065433502197266e+00
1.456532716751098633e+00 -1.456532716751098633e+00 3.422851943969726562e+01 3.422851943969726562e+01 7.282663583755493164e-01 -5.097864627838134766e+00 5.826130867004394531e+00 -7.282663345336914062e+00 4.369598388671875000e+00 -2.913065433502197266e+00 3.641331672668457031e+00 2.184799194335937500e+00 -5.097864627838134766e+00 -1.456532716751098633e+00 6.554397106170654297e+00 -5.097864627838134766e+00
1.456532716751098633e+00 -7.282663583755493164e-01 2.257625770568847656e+01 2.257625770568847656e+01 7.282663583755493164e-01 -5.097864627838134766e+00 5.097864627838134766e+00 -5.097864627838134766e+00 2.913065433502197266e+00 -2.913065433502197266e+00 2.184799194335937500e+00 1.456532716751098633e+00 -5.826130867004394531e+00 -2.184799194335937500e+00 5.826130867004394531e+00 -1.456532716751098633e+00
2.184799194335937500e+00 -1.456532716751098633e+00 3.204372024536132812e+01 3.204372024536132812e+01 7.282663583755493164e-01 -7.282663345336914062e+00 6.554397106170654297e+00 -7.282663345336914062e+00 3.641331672668457031e+00 -5.097864627838134766e+00 2.184799194335937500e+00 1.456532716751098633e+00 -5.826130867004394531e+00 -4.369598388671875000e+00 8.010930061340332031e+00 -2.184799194335937500e+00
7.282663583755493164e-01 -7.282663583755493164e-01 2.257625770568847656e+01 2.184799003601074219e+01 0.000000000000000000e+00 -4.369598388671875000e+00 4.369598388671875000e+00 -5.097864627838134766e+00 2.913065433502197266e+00 -2.913065433502197266e+00 2.184799194335937500e+00 7.282663583755493164e-01 -5.826130867004394531e+00 -1.456532716751098633e+00 3.641331672668457031e+00 -1.456532716751098633e+00
7.282663583755493164e-01 -1.456532716751098633e+00 2.840238761901855469e+01 2.840238761901855469e+01 0.000000000000000000e+00 -5.826130867004394531e+00 5.097864627838134766e+00 -5.826130867004394531e+00 2.913065433502197266e+00 -5.097864627838134766e+00 2.184799194335937500e+00 -7.282663583755493164e-01 -6.554397106170654297e+00 -2.184799194335937500e+00 4.369598388671875000e+00 -1.456532716751098633e+00
-2.184799194335937500e+00 -7.282663583755493164e-01 2.257625770568847656e+01 2.257625770568847656e+01 -2.184799194335937500e+00 -4.369598388671875000e+00 7.282663583755493164e-01 -5.826130867004394531e+00 1.456532716751098633e+00 -5.097864627838134766e+00 0.000000000000000000e+00 -1.456532716751098633e+00 -7.282663345336914062e+00 2.913065433502197266e+00 -2.184799194335937500e+00 7.282663583755493164e-01
-2.184799194335937500e+00 -7.282663583755493164e-01 2.767412185668945312e+01 2.767412185668945312e+01 -2.184799194335937500e+00 -5.826130867004394531e+00 7.282663583755493164e-01 -5.826130867004394531e+00 7.282663583755493164e-01 -6.554397106170654297e+00 -7.282663583755493164e-01 -2.184799194335937500e+00 -8.010930061340332031e+00 2.184799194335937500e+00 -1.456532716751098633e+00 2.184799194335937500e+00
-2.184799194335937500e+00 -7.282663583755493164e-01 2.257625770568847656e+01 2.257625770568847656e+01 -2.913065433502197266e+00 -3.641331672668457031e+00 -2.184799194335937500e+00 -5.826130867004394531e+00 7.282663583755493164e-01 -5.097864627838134766e+00 1.456532716751098633e+00 -1.456532716751098633e+00 -5.826130867004394531e+00 3.641331672668457031e+00 -2.913065433502197266e+00 7.282663583755493164e-01
-2.913065433502197266e+00 -7.282663583755493164e-01 2.913065338134765625e+01 2.913065338134765625e+01 -3.641331672668457031e+00 -4.369598388671875000e+00 -2.184799194335937500e+00 -5.826130867004394531e+00 7.282663583755493164e-01 -5.826130867004394531e+00 1.456532716751098633e+00 -1.456532716751098633e+00 -7.282663345336914062e+00 2.913065433502197266e+00 -2.913065433502197266e+00 7.282663583755493164e-01
0.000000000000000000e+00 -1.456532716751098633e+00 1.966319084167480469e+01 1.966319084167480469e+01 -2.913065433502197266e+00 -2.913065433502197266e+00 0.000000000000000000e+00 -5.097864627838134766e+00 -1.456532716751098633e+00 -2.184799194335937500e+00 -7.282663583755493164e-01 7.282663583755493164e-01 -2.913065433502197266e+00 7.282663583755493164e-01 3.641331672668457031e+00 -3.641331672668457031e+00
-7.282663583755493164e-01 -2.184799194335937500e+00 2.694585609436035156e+01 2.694585609436035156e+01 -3.641331672668457031e+00 -3.641331672668457031e+00 7.282663583755493164e-01 -5.826130867004394531e+00 -1.456532716751098633e+00 -2.913065433502197266e+00 -7.282663583755493164e-01 7.282663583755493164e-01 -5.097864627838134766e+00 0.000000000000000000e+00 4.369598388671875000e+00 -5.097864627838134766e+00
7.282663583755493164e-01 -7.282663583755493164e-01 1.893492507934570312e+01 1.893492507934570312e+01 -3.641331672668457031e+00 -7.282663583755493164e-01 2.184799194335937500e+00 -4.369598388671875000e+00 0.000000000000000000e+00 2.184799194335937500e+00 2.184799194335937500e+00 4.369598388671875000e+00 -5.826130867004394531e+00 -7.282663583755493164e-01 6.554397106170654297e+00 -8.010930061340332031e+00
1.456532716751098633e+00 -1.456532716751098633e+00 2.476105690002441406e+01 2.476105690002441406e+01 -4.369598388671875000e+00 -2.184799194335937500e+00 2.184799194335937500e+00 -5.826130867004394531e+00 0.000000000000000000e+00 1.456532716751098633e+00 2.184799194335937500e+00 4.369598388671875000e+00 -5.826130867004394531e+00 -1.456532716751098633e+00 8.739196777343750000e+00 -9.467462539672851562e+00
0.000000000000000000e+00 -2.184799194335937500e+00 2.184799003601074219e+01 2.184799003601074219e+01 -3.641331672668457031e+00 -3.641331672668457031e+00 2.913065433502197266e+00 -7.282663345336914062e+00 2.184799194335937500e+00 -2.184799194335937500e+00 4.369598388671875000e+00 2.184799194335937500e+00 -8.739196777343750000e+00 -7.282663583755493164e-01 6.554397106170654297e+00 -8.739196777343750000e+00
2.184799194335937500e+00 -2.184799194335937500e+00 3.131545257568359375e+01 3.131545257568359375e+01 -3.641331672668457031e+00 -5.826130867004394531e+00 5.097864627838134766e+00 -9.467462539672851562e+00 2.913065433502197266e+00 -3.641331672668457031e+00 5.097864627838134766e+00 2.184799194335937500e+00 -8.739196777343750000e+00 -7.282663583755493164e-01 1.019572925567626953e+01 -9.467462539672851562e+00
1.456532716751098633e+00 -2.184799194335937500e+00 2.548932266235351562e+01 2.548932266235351562e+01 7.282663583755493164e-01 -8.010930061340332031e+00 8.010930061340332031e+00 -6.554397106170654297e+00 5.097864627838134766e+00 -3.641331672668457031e+00 2.913065433502197266e+00 2.184799194335937500e+00 -8.739196777343750000e+00 -5.826130867004394531e+00 8.010930061340332031e+00 -3.641331672668457031e+00
2.913065433502197266e+00 -2.184799194335937500e+00 3.641331863403320312e+01 3.641331863403320312e+01 7.282663583755493164e-01 -1.092399501800537109e+01 1.019572925567626953e+01 -9.467462539672851562e+00 5.826130867004394531e+00 -5.097864627838134766e+00 3.641331672668457031e+00 2.913065433502197266e+00 -9.467462539672851562e+00 -7.282663345336914062e+00 1.092399501800537109e+01 -3.641331672668457031e+00
0.000000000000000000e+00 0.000000000000000000e+00 2.476105690002441406e+01 2.476105690002441406e+01 -1.456532716751098633e+00 -6.554397106170654297e+00 6.554397106170654297e+00 -3.641331672668457031e+00 1.456532716751098633e+00 0.000000000000000000e+00 -2.184799194335937500e+00 5.826130867004394531e+00 -1.019572925567626953e+01 -8.010930061340332031e+00 7.282663345336914062e+00 -7.282663583755493164e-01
0.000000000000000000e+00 0.000000000000000000e+00 3.495678710937500000e+01 3.495678710937500000e+01 -2.184799194335937500e+00 -8.010930061340332031e+00 8.739196777343750000e+00 -3.641331672668457031e+00 1.456532716751098633e+00 7.282663583755493164e-01 -2.913065433502197266e+00 7.282663345336914062e+00 -1.165226173400878906e+01 -9.467462539672851562e+00 9.467462539672851562e+00 0.000000000000000000e+00
-1.456532716751098633e+00 0.000000000000000000e+00 2.403278923034667969e+01 2.403278923034667969e+01 -2.913065433502197266e+00 -6.554397106170654297e+00 5.097864627838134766e+00 -3.641331672668457031e+00 -7.282663583755493164e-01 1.456532716751098633e+00 -3.641331672668457031e+00 6.554397106170654297e+00 -1.092399501800537109e+01 -8.010930061340332031e+00 6.554397106170654297e+00 -7.282663583755493164e-01
-1.456532716751098633e+00 7.282663583755493164e-01 3.350025177001953125e+01 3.350025177001953125e+01 -3.641331672668457031e+00 -8.010930061340332031e+00 6.554397106170654297e+00 -3.641331672668457031e+00 -7.282663583755493164e-01 1.456532716751098633e+00 -5.097864627838134766e+00 8.010930061340332031e+00 -1.310879421234130859e+01 -9.467462539672851562e+00 8.010930061340332031e+00 7.282663583755493164e-01
-1.456532716751098633e+00 7.282663583755493164e-01 2.403278923034667969e+01 2.403278923034667969e+01 -1.456532716751098633e+00 -5.097864627838134766e+00 4.369598388671875000e+00 -2.184799194335937500e+00 1.456532716751098633e+00 2.184799194335937500e+00 -1.456532716751098633e+00 5.826130867004394531e+00 -8.739196777343750000e+00 -6.554397106170654297e+00 4.369598388671875000e+00 7.282663583755493164e-01
-2.184799194335937500e+00 7.282663583755493164e-01 3.277198791503906250e+01 3.277198791503906250e+01 -2.184799194335937500e+00 -6.554397106170654297e+00 5.826130867004394531e+00 -2.184799194335937500e+00 7.282663583755493164e-01 1.456532716751098633e+00 -2.913065433502197266e+00 6.554397106170654297e+00 -1.019572925567626953e+01 -7.282663345336914062e+00 5.826130867004394531e+00 2.184799194335937500e+00
1.456532716751098633e+00 -7.282663583755493164e-01 2.257625770568847656e+01 2.257625770568847656e+01 -1.456532716751098633e+00 -5.097864627838134766e+00 5.097864627838134766e+00 -2.184799194335937500e+00 0.000000000000000000e+00 0.000000000000000000e+00 -1.456532716751098633e+00 3.641331672668457031e+00 -3.641331672668457031e+00 -5.826130867004394531e+00 9.467462539672851562e+00 1.456532716751098633e+00
2.184799194335937500e+00 -1.456532716751098633e+00 3.131545257568359375e+01 3.131545257568359375e+01 -7.282663583755493164e-01 -7.282663345336914062e+00 6.554397106170654297e+00 -2.913065433502197266e+00 1.456532716751098633e+00 -1.456532716751098633e+00 -1.456532716751098633e+00 3.641331672668457031e+00 -4.369598388671875000e+00 -8.739196777343750000e+00 1.092399501800537109e+01 2.184799194335937500e+00
7.282663583755493164e-01 -1.456532716751098633e+00 2.039145851135253906e+01 2.039145851135253906e+01 -3.641331672668457031e+00 -5.097864627838134766e+00 2.184799194335937500e+00 -3.641331672668457031e+00 -2.913065433502197266e+00 -1.456532716751098633e+00 -2.913065433502197266e+00 2.184799194335937500e+00 -4.369598388671875000e+00 -4.369598388671875000e+00 7.282663345336914062e+00 -2.184799194335937500e+00
1.456532716751098633e+00 -1.456532716751098633e+00 2.548932266235351562e+01 2.548932266235351562e+01 -2.913065433502197266e+00 -5.826130867004394531e+00 3.641331672668457031e+00 -3.641331672668457031e+00 -2.184799194335937500e+00 -1.456532716751098633e+00 -2.184799194335937500e+00 2.913065433502197266e+00 -3.641331672668457031e+00 -5.097864627838134766e+00 9.467462539672851562e+00 -1.456532716751098633e+00
-1.456532716751098633e+00 1.456532716751098633e+00 2.257625770568847656e+01 2.257625770568847656e+01 -7.282663583755493164e-01 -7.282663583755493164e-01 1.456532716751098633e+00 -4.369598388671875000e+00 1.456532716751098633e+00 -1.456532716751098633e+00 7.282663583755493164e-01 2.184799194335937500e+00 -5.826130867004394531e+00 5.097864627838134766e+00 -2.184799194335937500e+00 -2.913065433502197266e+00
0.000000000000000000e+00 1.456532716751098633e+00 2.913065338134765625e+01 2.913065338134765625e+01 -7.282663583755493164e-01 -7.282663583755493164e-01 2.913065433502197266e+00 -4.369598388671875000e+00 2.184799194335937500e+00 -7.282663583755493164e-01 2.184799194335937500e+00 2.913065433502197266e+00 -5.097864627838134766e+00 5.097864627838134766e+00 1.456532716751098633e+00 -2.184799194335937500e+00
-2.184799194335937500e+00 1.456532716751098633e+00 2.330452346801757812e+01 2.330452346801757812e+01 -2.184799194335937500e+00 -7.282663583755493164e-01 -7.282663583755493164e-01 -4.369598388671875000e+00 7.282663583755493164e-01 0.000000000000000000e+00 1.456532716751098633e+00 4.369598388671875000e+00 -4.369598388671875000e+00 4.369598388671875000e+00 -7.282663583755493164e-01 -3.641331672668457031e+00
-7.282663583755493164e-01 1.456532716751098633e+00 3.277198791503906250e+01 3.277198791503906250e+01 -2.184799194335937500e+00 -1.456532716751098633e+00 2.184799194335937500e+00 -5.097864627838134766e+00 2.184799194335937500e+00 0.000000000000000000e+00 2.184799194335937500e+00 5.826130867004394531e+00 -4.369598388671875000e+00 2.913065433502197266e+00 4.369598388671875000e+00 -3.641331672668457031e+00
7.282663583755493164e-01 0.000000000000000000e+00 2.403278923034667969e+01 2.403278923034667969e+01 -7.282663583755493164e-01 -1.456532716751098633e+00 1.456532716751098633e+00 -5.097864627838134766e+00 1.456532716751098633e+00 -1.456532716751098633e+00 2.184799194335937500e+00 2.184799194335937500e+00 -2.184799194335937500e+00 3.641331672668457031e+00 2.184799194335937500e+00 -4.369598388671875000e+00
1.456532716751098633e+00 -7.282663583755493164e-01 3.204372024536132812e+01 3.204372024536132812e+01 -1.456532716751098633e+00 -2.913065433502197266e+00 3.641331672668457031e+00 -6.554397106170654297e+00 2.184799194335937500e+00 -2.184799194335937500e+00 3.641331672668457031e+00 2.184799194335937500e+00 -2.184799194335937500e+00 2.913065433502197266e+00 7.282663345336914062e+00 -5.826130867004394531e+00
0.000000000000000000e+00 -1.456532716751098633e+00 2.257625770568847656e+01 2.257625770568847656e+01 -2.184799194335937500e+00 -3.641331672668457031e+00 2.184799194335937500e+00 -5.826130867004394531e+00 7.282663583755493164e-01 -3.641331672668457031e+00 1.456532716751098633e+00 7.282663583755493164e-01 -4.369598388671875000e+00 1.456532716751098633e+00 3.641331672668457031e+00 -2.913065433502197266e+00
7.282663583755493164e-01 -2.184799194335937500e+00 3.204372024536132812e+01 3.204372024536132812e+01 -2.184799194335937500e+00 -5.826130867004394531e+00 3.641331672668457031e+00 -8.010930061340332031e+00 2.184799194335937500e+00 -5.826130867004394531e+00 2.184799194335937500e+00 0.000000000000000000e+00 -5.097864627838134766e+00 -1.456532716751098633e+00 6.554397106170654297e+00 -5.097864627838134766e+00
0.000000000000000000e+00 -1.456532716751098633e+00 2.330452346801757812e+01 2.330452346801757812e+01 -1.456532716751098633e+00 -4.369598388671875000e+00 2.184799194335937500e+00 -5.826130867004394531e+00 2.184799194335937500e+00 -5.097864627838134766e+00 1.456532716751098633e+00 -1.456532716751098633e+00 -5.826130867004394531e+00 7.282663583755493164e-01 2.913065433502197266e+00 -1.456532716751098633e+00
7.282663583755493164e-01 -2.913065433502197266e+00 3.131545257568359375e+01 3.131545257568359375e+01 -2.184799194335937500e+00 -6.554397106170654297e+00 3.641331672668457031e+00 -6.554397106170654297e+00 2.184799194335937500e+00 -6.554397106170654297e+00 1.456532716751098633e+00 -2.184799194335937500e+00 -6.554397106170654297e+00 -7.282663583755493164e-01 5.097864627838134766e+00 -1.456532716751098633e+00
-7.282663583755493164e-01 -7.282663583755493164e-01 2.403278923034667969e+01 2.403278923034667969e+01 -2.184799194335937500e+00 -3.641331672668457031e+00 2.184799194335937500e+00 -5.826130867004394531e+00 2.184799194335937500e+00 -4.369598388671875000e+00 1.456532716751098633e+00 -7.282663583755493164e-01 -7.282663345336914062e+00 4.369598388671875000e+00 2.184799194335937500e+00 -1.456532716751098633e+00
-7.282663583755493164e-01 -1.456532716751098633e+00 3.058718681335449219e+01 3.058718681335449219e+01 -2.913065433502197266e+00 -4.369598388671875000e+00 2.184799194335937500e+00 -5.826130867004394531e+00 1.456532716751098633e+00 -5.826130867004394531e+00 1.456532716751098633e+00 -1.456532716751098633e+00 -8.739196777343750000e+00 3.641331672668457031e+00 2.913065433502197266e+00 -7.282663583755493164e-01
-2.184799194335937500e+00 7.282663583755493164e-01 2.257625770568847656e+01 2.257625770568847656e+01 -2.184799194335937500e+00 -7.282663583755493164e-01 -7.282663583755493164e-01 -4.369598388671875000e+00 7.282663583755493164e-01 -2.184799194335937500e+00 7.282663583755493164e-01 1.456532716751098633e+00 -8.010930061340332031e+00 5.826130867004394531e+00 -3.641331672668457031e+00 -1.456532716751098633e+00
-2.184799194335937500e+00 1.456532716751098633e+00 2.913065338134765625e+01 2.913065338134765625e+01 -2.913065433502197266e+00 -7.282663583755493164e-01 7.282663583755493164e-01 -4.369598388671875000e+00 7.282663583755493164e-01 -2.184799194335937500e+00 7.282663583755493164e-01 2.184799194335937500e+00 -9.467462539672851562e+00 7.282663345336914062e+00 -2.184799194335937500e+00 -7.282663583755493164e-01
0.000000000000000000e+00 2.184799194335937500e+00 1.893492507934570312e+01 1.893492507934570312e+01 7.282663583755493164e-01 2.913065433502197266e+00 7.282663583755493164e-01 -7.282663583755493164e-01 1.456532716751098633e+00 1.456532716751098633e+00 7.282663583755493164e-01 2.913065433502197266e+00 -1.456532716751098633e+00 5.826130867004394531e+00 -7.282663583755493164e-01 0.000000000000000000e+00
1.456532716751098633e+00 2.913065433502197266e+00 2.476105690002441406e+01 2.476105690002441406e+01 0.000000000000000000e+00 2.913065433502197266e+00 2.913065433502197266e+00 -7.282663583755493164e-01 2.184799194335937500e+00 2.184799194335937500e+00 2.184799194335937500e+00 3.641331672668457031e+00 -2.184799194335937500e+00 6.554397106170654297e+00 2.913065433502197266e+00 -7.282663583755493164e-01
7.282663583755493164e-01 7.282663583755493164e-01 1.966319084167480469e+01 1.966319084167480469e+01 -1.456532716751098633e+00 7.282663583755493164e-01 1.456532716751098633e+00 -2.184799194335937500e+00 7.282663583755493164e-01 2.184799194335937500e+00 1.456532716751098633e+00 3.641331672668457031e+00 -2.184799194335937500e+00 7.282663583755493164e-01 3.641331672668457031e+00 -4.369598388671875000e+00
2.184799194335937500e+00 7.282663583755493164e-01 2.621758842468261719e+01 2.621758842468261719e+01 -1.456532716751098633e+00 7.282663583755493164e-01 3.641331672668457031e+00 -2.913065433502197266e+00 2.184799194335937500e+00 2.184799194335937500e+00 3.641331672668457031e+00 5.097864627838134766e+00 -1.456532716751098633e+00 7.282663583755493164e-01 8.010930061340332031e+00 -5.826130867004394531e+00
7.282663583755493164e-01 -7.282663583755493164e-01 2.257625770568847656e+01 2.257625770568847656e+01 -7.282663583755493164e-01 -2.184799194335937500e+00 2.913065433502197266e+00 -5.097864627838134766e+00 2.913065433502197266e+00 -7.282663583755493164e-01 2.913065433502197266e+00 2.913065433502197266e+00 -5.097864627838134766e+00 1.456532716751098633e+00 3.641331672668457031e+00 -5.826130867004394531e+00
2.184799194335937500e+00 -1.456532716751098633e+00 3.204372024536132812e+01 3.204372024536132812e+01 -7.282663583755493164e-01 -3.641331672668457031e+00 5.826130867004394531e+00 -7.282663345336914062e+00 4.369598388671875000e+00 -1.456532716751098633e+00 5.097864627838134766e+00 3.641331672668457031e+00 -5.097864627838134766e+00 7.282663583755493164e-01 9.467462539672851562e+00 -7.282663345336914062e+00
1.456532716751098633e+00 -2.184799194335937500e+00 2.548932266235351562e+01 2.548932266235351562e+01 -7.282663583755493164e-01 -5.826130867004394531e+00 5.826130867004394531e+00 -5.826130867004394531e+00 2.913065433502197266e+00 -2.913065433502197266e+00 1.456532716751098633e+00 2.184799194335937500e+00 -8.010930061340332031e+00 -4.369598388671875000e+00 7.282663345336914062e+00 -2.913065433502197266e+00
2.184799194335937500e+00 -3.641331672668457031e+00 3.714158248901367188e+01 3.714158248901367188e+01 -7.282663583755493164e-01 -1.019572925567626953e+01 9.467462539672851562e+00 -8.739196777343750000e+00 3.641331672668457031e+00 -5.097864627838134766e+00 2.184799194335937500e+00 2.184799194335937500e+00 -9.467462539672851562e+00 -8.010930061340332031e+00 1.165226173400878906e+01 -5.097864627838134766e+00
7.282663583755493164e-01 -2.184799194335937500e+00 2.621758842468261719e+01 2.621758842468261719e+01 -2.184799194335937500e+00 -7.282663345336914062e+00 5.826130867004394531e+00 -5.097864627838134766e+00 1.456532716751098633e+00 -2.184799194335937500e+00 -7.282663583755493164e-01 2.913065433502197266e+00 -9.467462539672851562e+00 -6.554397106170654297e+00 8.010930061340332031e+00 -2.184799194335937500e+00
0.000000000000000000e+00 -3.641331672668457031e+00 3.786985015869140625e+01 3.786985015869140625e+01 -3.641331672668457031e+00 -1.165226173400878906e+01 8.010930061340332031e+00 -8.010930061340332031e+00 1.456532716751098633e+00 -3.641331672668457031e+00 -1.456532716751098633e+00 3.641331672668457031e+00 -1.238052845001220703e+01 -1.092399501800537109e+01 1.092399501800537109e+01 -4.369598388671875000e+00
-7.282663583755493164e-01 -1.456532716751098633e+00 2.621758842468261719e+01 2.621758842468261719e+01 -2.184799194335937500e+00 -5.826130867004394531e+00 5.826130867004394531e+00 -2.913065433502197266e+00 7.282663583755493164e-01 1.456532716751098633e+00 -2.913065433502197266e+00 5.826130867004394531e+00 -9.467462539672851562e+00 -8.010930061340332031e+00 6.554397106170654297e+00 -7.282663583755493164e-01
-1.456532716751098633e+00 -2.184799194335937500e+00 3.786985015869140625e+01 3.786985015869140625e+01 -3.641331672668457031e+00 -9.467462539672851562e+00 8.010930061340332031e+00 -5.097864627838134766e+00 7.282663583755493164e-01 7.282663583755493164e-01 -3.641331672668457031e+00 7.282663345336914062e+00 -1.310879421234130859e+01 -1.092399501800537109e+01 9.467462539672851562e+00 -2.184799194335937500e+00
0.000000000000000000e+00 0.000000000000000000e+00 2.476105690002441406e+01 2.476105690002441406e+01 -7.282663583755493164e-01 -3.641331672668457031e+00 5.097864627838134766e+00 -7.282663583755493164e-01 7.282663583755493164e-01 2.913065433502197266e+00 -2.913065433502197266e+00 6.554397106170654297e+00 -8.010930061340332031e+00 -6.554397106170654297e+00 4.369598388671875000e+00 7.282663583755493164e-01
-7.282663583755493164e-01 -7.282663583755493164e-01 3.568505096435546875e+01 3.568505096435546875e+01 -2.184799194335937500e+00 -5.826130867004394531e+00 7.282663345336914062e+00 -1.456532716751098633e+00 7.282663583755493164e-01 2.913065433502197266e+00 -3.641331672668457031e+00 7.282663345336914062e+00 -1.019572925567626953e+01 -9.467462539672851562e+00 8.010930061340332031e+00 -7.282663583755493164e-01
0.000000000000000000e+00 7.282663583755493164e-01 2.257625770568847656e+01 2.257625770568847656e+01 -7.282663583755493164e-01 -3.641331672668457031e+00 5.097864627838134766e+00 -7.282663583755493164e-01 -7.282663583755493164e-01 2.184799194335937500e+00 -2.913065433502197266e+00 5.097864627838134766e+00 -5.826130867004394531e+00 -5.826130867004394531e+00 5.826130867004394531e+00 2.184799194335937500e+00
7.282663583755493164e-01 0.000000000000000000e+00 3.131545257568359375e+01 3.131545257568359375e+01 -2.184799194335937500e+00 -5.097864627838134766e+00 6.554397106170654297e+00 -1.456532716751098633e+00 0.000000000000000000e+00 1.456532716751098633e+00 -2.913065433502197266e+00 5.826130867004394531e+00 -7.282663345336914062e+00 -6.554397106170654297e+00 8.739196777343750000e+00 2.184799194335937500e+00
-1.456532716751098633e+00 7.282663583755493164e-01 2.111972427368164062e+01 2.111972427368164062e+01 -3.641331672668457031e+00 -2.913065433502197266e+00 2.184799194335937500e+00 -2.184799194335937500e+00 -2.913065433502197266e+00 1.456532716751098633e+00 -3.641331672668457031e+00 4.369598388671875000e+00 -5.826130867004394531e+00 -2.913065433502197266e+00 5.097864627838134766e+00 -7.282663583755493164e-01
-1.456532716751098633e+00 1.456532716751098633e+00 2.767412185668945312e+01 2.767412185668945312e+01 -3.641331672668457031e+00 -2.913065433502197266e+00 2.913065433502197266e+00 -1.456532716751098633e+00 -2.184799194335937500e+00 1.456532716751098633e+00 -2.913065433502197266e+00 5.826130867004394531e+00 -7.282663345336914062e+00 -2.913065433502197266e+00 6.554397106170654297e+00 0.000000000000000000e+00
-7.282663583755493164e-01 7.282663583755493164e-01 5.025037765502929688e+01 5.025037765502929688e+01 -8.010930061340332031e+00 -2.913065433502197266e+00 1.456532716751098633e+00 -6.554397106170654297e+00 -7.282663583755493164e-01 -7.282663583755493164e-01 1.456532716751098633e+00 5.826130867004394531e+00 -1.165226173400878906e+01 3.641331672668457031e+00 5.826130867004394531e+00 -5.097864627838134766e+00
-1.456532716751098633e+00 7.282663583755493164e-01 5.826130676269531250e+01 5.826130676269531250e+01 -8.739196777343750000e+00 -2.913065433502197266e+00 1.456532716751098633e+00 -7.282663345336914062e+00 -7.282663583755493164e-01 7.282663583755493164e-01 1.456532716751098633e+00 8.010930061340332031e+00 -1.383706092834472656e+01 3.641331672668457031e+00 5.826130867004394531e+00 -5.097864627838134766e+00
-2.184799194335937500e+00 1.456532716751098633e+00 6.918530273437500000e+01 6.918530273437500000e+01 -9.467462539672851562e+00 -3.641331672668457031e+00 2.184799194335937500e+00 -8.010930061340332031e+00 -7.282663583755493164e-01 2.184799194335937500e+00 1.456532716751098633e+00 1.019572925567626953e+01 -1.602186012268066406e+01 2.913065433502197266e+00 7.282663345336914062e+00 -5.097864627838134766e+00
-2.184799194335937500e+00 2.184799194335937500e+00 7.792449951171875000e+01 7.792449951171875000e+01 -9.467462539672851562e+00 -2.913065433502197266e+00 3.641331672668457031e+00 -7.282663345336914062e+00 0.000000000000000000e+00 3.641331672668457031e+00 2.184799194335937500e+00 1.383706092834472656e+01 -1.747839355468750000e+01 5.097864627838134766e+00 1.019572925567626953e+01 -3.641331672668457031e+00
-2.184799194335937500e+00 2.913065433502197266e+00 8.812023162841796875e+01 8.812023162841796875e+01 -9.467462539672851562e+00 -3.641331672668457031e+00 4.369598388671875000e+00 -8.010930061340332031e+00 0.000000000000000000e+00 6.554397106170654297e+00 2.184799194335937500e+00 1.820665931701660156e+01 -1.747839355468750000e+01 6.554397106170654297e+00 1.310879421234130859e+01 -2.913065433502197266e+00
-2.184799194335937500e+00 3.641331672668457031e+00 9.758769226074218750e+01 9.758769226074218750e+01 -1.165226173400878906e+01 -5.826130867004394531e+00 5.097864627838134766e+00 -1.019572925567626953e+01 -7.282663583755493164e-01 8.739196777343750000e+00 2.184799194335937500e+00 2.330452346801757812e+01 -2.039145851135253906e+01 5.097864627838134766e+00 1.747839355468750000e+01 -2.913065433502197266e+00
-7.282663583755493164e-01 2.184799194335937500e+00 4.005464935302734375e+01 4.005464935302734375e+01 -8.739196777343750000e+00 -2.184799194335937500e+00 0.000000000000000000e+00 -6.554397106170654297e+00 -2.184799194335937500e+00 2.913065433502197266e+00 1.456532716751098633e+00 1.019572925567626953e+01 -1.019572925567626953e+01 3.641331672668457031e+00 8.010930061340332031e+00 -4.369598388671875000e+00
-1.456532716751098633e+00 2.913065433502197266e+00 4.733731460571289062e+01 4.733731460571289062e+01 -9.467462539672851562e+00 -2.184799194335937500e+00 7.282663583755493164e-01 -6.554397106170654297e+00 -1.456532716751098633e+00 5.097864627838134766e+00 1.456532716751098633e+00 1.310879421234130859e+01 -1.165226173400878906e+01 4.369598388671875000e+00 8.010930061340332031e+00 -5.097864627838134766e+00
-2.184799194335937500e+00 3.641331672668457031e+00 5.680477523803710938e+01 5.680477523803710938e+01 -1.019572925567626953e+01 -2.184799194335937500e+00 7.282663583755493164e-01 -7.282663345336914062e+00 -7.282663583755493164e-01 7.282663345336914062e+00 2.184799194335937500e+00 1.675012588500976562e+01 -1.310879421234130859e+01 2.913065433502197266e+00 8.739196777343750000e+00 -6.554397106170654297e+00
-2.913065433502197266e+00 4.369598388671875000e+00 6.481570434570312500e+01 6.481570434570312500e+01 -1.092399501800537109e+01 -1.456532716751098633e+00 2.184799194335937500e+00 -6.554397106170654297e+00 0.000000000000000000e+00 1.019572925567626953e+01 2.184799194335937500e+00 2.039145851135253906e+01 -1.602186012268066406e+01 4.369598388671875000e+00 1.092399501800537109e+01 -4.369598388671875000e+00
-2.913065433502197266e+00 5.097864627838134766e+00 7.282663726806640625e+01 7.355490112304687500e+01 -1.165226173400878906e+01 -1.456532716751098633e+00 2.913065433502197266e+00 -5.826130867004394531e+00 7.282663583755493164e-01 1.310879421234130859e+01 2.913065433502197266e+00 2.403278923034667969e+01 -1.820665931701660156e+01 5.826130867004394531e+00 1.310879421234130859e+01 -2.913065433502197266e+00
-2.913065433502197266e+00 5.826130867004394531e+00 8.156583404541015625e+01 8.156583404541015625e+01 -1.238052845001220703e+01 -2.184799194335937500e+00 4.369598388671875000e+00 -6.554397106170654297e+00 7.282663583755493164e-01 1.602186012268066406e+01 2.913065433502197266e+00 2.840238761901855469e+01 -2.111972427368164062e+01 5.826130867004394531e+00 1.602186012268066406e+01 -2.913065433502197266e+00
1.456532716751098633e+00 1.456532716751098633e+00 4.588077926635742188e+01 4.588077926635742188e+01 -2.184799194335937500e+00 -3.641331672668457031e+00 4.369598388671875000e+00 -6.554397106170654297e+00 4.369598388671875000e+00 3.641331672668457031e+00 2.913065433502197266e+00 1.165226173400878906e+01 -1.019572925567626953e+01 -2.184799194335937500e+00 3.641331672668457031e+00 -6.554397106170654297e+00
1.456532716751098633e+00 2.913065433502197266e+00 5.389171218872070312e+01 5.389171218872070312e+01 -2.184799194335937500e+00 -3.641331672668457031e+00 5.826130867004394531e+00 -5.826130867004394531e+00 5.097864627838134766e+00 6.554397106170654297e+00 3.641331672668457031e+00 1.529359340667724609e+01 -1.165226173400878906e+01 -2.184799194335937500e+00 4.369598388671875000e+00 -6.554397106170654297e+00
7.282663583755493164e-01 4.369598388671875000e+00 6.481570434570312500e+01 6.481570434570312500e+01 -1.456532716751098633e+00 -2.913065433502197266e+00 7.282663345336914062e+00 -5.097864627838134766e+00 5.826130867004394531e+00 9.467462539672851562e+00 3.641331672668457031e+00 1.966319084167480469e+01 -1.310879421234130859e+01 -2.913065433502197266e+00 5.097864627838134766e+00 -7.282663345336914062e+00
7.282663583755493164e-01 5.097864627838134766e+00 7.355490112304687500e+01 7.355490112304687500e+01 -2.184799194335937500e+00 -7.282663583755493164e-01 7.282663345336914062e+00 -4.369598388671875000e+00 6.554397106170654297e+00 1.238052845001220703e+01 4.369598388671875000e+00 2.257625770568847656e+01 -1.456532669067382812e+01 -7.282663583755493164e-01 6.554397106170654297e+00 -5.097864627838134766e+00
0.000000000000000000e+00 7.282663345336914062e+00 8.302236175537109375e+01 8.302236175537109375e+01 -3.641331672668457031e+00 -7.282663583755493164e-01 8.010930061340332031e+00 -2.184799194335937500e+00 6.554397106170654297e+00 1.602186012268066406e+01 4.369598388671875000e+00 2.694585609436035156e+01 -1.747839355468750000e+01 2.184799194335937500e+00 8.739196777343750000e+00 -7.282663583755493164e-01
-7.282663583755493164e-01 8.739196777343750000e+00 9.176155853271484375e+01 9.176155853271484375e+01 -5.826130867004394531e+00 -7.282663583755493164e-01 9.467462539672851562e+00 -2.184799194335937500e+00 5.826130867004394531e+00 1.966319084167480469e+01 4.369598388671875000e+00 3.204372024536132812e+01 -2.111972427368164062e+01 2.913065433502197266e+00 1.383706092834472656e+01 1.456532716751098633e+00
0.000000000000000000e+00 2.184799194335937500e+00 4.952211380004882812e+01 4.952211380004882812e+01 7.282663583755493164e-01 7.282663583755493164e-01 4.369598388671875000e+00 -7.282663583755493164e-01 5.097864627838134766e+00 8.739196777343750000e+00 2.184799194335937500e+00 1.238052845001220703e+01 -1.019572925567626953e+01 -3.641331672668457031e+00 -5.097864627838134766e+00 -5.826130867004394531e+00
7.282663583755493164e-01 3.641331672668457031e+00 5.826130676269531250e+01 5.826130676269531250e+01 7.282663583755493164e-01 2.184799194335937500e+00 5.097864627838134766e+00 7.282663583755493164e-01 5.826130867004394531e+00 1.238052845001220703e+01 2.184799194335937500e+00 1.675012588500976562e+01 -1.165226173400878906e+01 -2.913065433502197266e+00 -3.641331672668457031e+00 -5.097864627838134766e+00
1.456532716751098633e+00 5.826130867004394531e+00 6.991357421875000000e+01 6.991357421875000000e+01 7.282663583755493164e-01 4.369598388671875000e+00 7.282663345336914062e+00 2.184799194335937500e+00 6.554397106170654297e+00 1.747839355468750000e+01 3.641331672668457031e+00 2.257625770568847656e+01 -1.310879421234130859e+01 -1.456532716751098633e+00 -1.456532716751098633e+00 -5.097864627838134766e+00
2.184799194335937500e+00 7.282663345336914062e+00 7.865276336669921875e+01 7.865276336669921875e+01 0.000000000000000000e+00 6.554397106170654297e+00 7.282663345336914062e+00 2.913065433502197266e+00 5.826130867004394531e+00 2.111972427368164062e+01 3.641331672668457031e+00 2.694585609436035156e+01 -1.383706092834472656e+01 1.456532716751098633e+00 1.456532716751098633e+00 -2.913065433502197266e+00
2.184799194335937500e+00 9.467462539672851562e+00 8.812023162841796875e+01 8.812023162841796875e+01 -1.456532716751098633e+00 7.282663345336914062e+00 7.282663345336914062e+00 4.369598388671875000e+00 5.097864627838134766e+00 2.476105690002441406e+01 3.641331672668457031e+00 3.204372024536132812e+01 -1.602186012268066406e+01 4.369598388671875000e+00 5.826130867004394531e+00 0.000000000000000000e+00
1.456532716751098633e+00 1.165226173400878906e+01 9.613115692138671875e+01 9.613115692138671875e+01 -5.097864627838134766e+00 5.826130867004394531e+00 8.739196777343750000e+00 3.641331672668457031e+00 3.641331672668457031e+00 2.840238761901855469e+01 3.641331672668457031e+00 3.859811782836914062e+01 -2.111972427368164062e+01 5.097864627838134766e+00 1.456532669067382812e+01 2.184799194335937500e+00
-1.456532716751098633e+00 1.456532716751098633e+00 4.806557846069335938e+01 4.806557846069335938e+01 -2.184799194335937500e+00 -2.184799194335937500e+00 1.456532716751098633e+00 -2.913065433502197266e+00 7.282663583755493164e-01 4.369598388671875000e+00 -7.282663583755493164e-01 9.467462539672851562e+00 -9.467462539672851562e+00 -4.369598388671875000e+00 -4.369598388671875000e+00 -5.826130867004394531e+00
-7.282663583755493164e-01 2.913065433502197266e+00 5.826130676269531250e+01 5.826130676269531250e+01 -2.913065433502197266e+00 -7.282663583755493164e-01 2.184799194335937500e+00 -2.184799194335937500e+00 1.456532716751098633e+00 8.739196777343750000e+00 -7.282663583755493164e-01 1.456532669067382812e+01 -1.165226173400878906e+01 -2.913065433502197266e+00 -2.913065433502197266e+00 -5.097864627838134766e+00
0.000000000000000000e+00 5.826130867004394531e+00 7.064183807373046875e+01 7.064183807373046875e+01 -2.913065433502197266e+00 7.282663583755493164e-01 4.369598388671875000e+00 -7.282663583755493164e-01 1.456532716751098633e+00 1.456532669067382812e+01 0.000000000000000000e+00 2.111972427368164062e+01 -1.238052845001220703e+01 -7.282663583755493164e-01 7.282663583755493164e-01 -4.369598388671875000e+00
7.282663583755493164e-01 8.010930061340332031e+00 8.010929870605468750e+01 8.010929870605468750e+01 -3.641331672668457031e+00 3.641331672668457031e+00 5.097864627838134766e+00 7.282663583755493164e-01 1.456532716751098633e+00 1.820665931701660156e+01 0.000000000000000000e+00 2.621758842468261719e+01 -1.383706092834472656e+01 2.184799194335937500e+00 4.369598388671875000e+00 -2.184799194335937500e+00
1.456532716751098633e+00 9.467462539672851562e+00 9.030503082275390625e+01 9.030503082275390625e+01 -5.097864627838134766e+00 4.369598388671875000e+00 5.826130867004394531e+00 1.456532716751098633e+00 0.000000000000000000e+00 2.257625770568847656e+01 0.000000000000000000e+00 3.131545257568359375e+01 -1.602186012268066406e+01 5.097864627838134766e+00 8.739196777343750000e+00 7.282663583755493164e-01
1.456532716751098633e+00 1.092399501800537109e+01 9.904422760009765625e+01 9.904422760009765625e+01 -9.467462539672851562e+00 2.913065433502197266e+00 7.282663345336914062e+00 7.282663583755493164e-01 -7.282663583755493164e-01 2.694585609436035156e+01 7.282663583755493164e-01 3.786985015869140625e+01 -2.111972427368164062e+01 6.554397106170654297e+00 1.820665931701660156e+01 2.184799194335937500e+00
7.282663583755493164e-01 2.184799194335937500e+00 5.097864532470703125e+01 5.097864532470703125e+01 -3.641331672668457031e+00 -4.369598388671875000e+00 5.826130867004394531e+00 -5.097864627838134766e+00 0.000000000000000000e+00 1.456532716751098633e+00 -1.456532716751098633e+00 1.019572925567626953e+01 -1.019572925567626953e+01 -7.282663583755493164e-01 7.282663345336914062e+00 -1.456532716751098633e+00
1.456532716751098633e+00 3.641331672668457031e+00 6.190264129638671875e+01 6.190264129638671875e+01 -3.641331672668457031e+00 -3.641331672668457031e+00 7.282663345336914062e+00 -4.369598388671875000e+00 0.000000000000000000e+00 5.097864627838134766e+00 -1.456532716751098633e+00 1.456532669067382812e+01 -1.092399501800537109e+01 0.000000000000000000e+00 8.739196777343750000e+00 -7.282663583755493164e-01
2.913065433502197266e+00 5.826130867004394531e+00 7.355490112304687500e+01 7.355490112304687500e+01 -2.913065433502197266e+00 -2.184799194335937500e+00 9.467462539672851562e+00 -2.913065433502197266e+00 7.282663583755493164e-01 1.019572925567626953e+01 -1.456532716751098633e+00 2.039145851135253906e+01 -1.238052845001220703e+01 1.456532716751098633e+00 1.238052845001220703e+01 7.282663583755493164e-01
3.641331672668457031e+00 7.282663345336914062e+00 8.156583404541015625e+01 8.156583404541015625e+01 -2.913065433502197266e+00 -7.282663583755493164e-01 1.165226173400878906e+01 -1.456532716751098633e+00 1.456532716751098633e+00 1.310879421234130859e+01 -2.184799194335937500e+00 2.403278923034667969e+01 -1.383706092834472656e+01 3.641331672668457031e+00 1.675012588500976562e+01 3.641331672668457031e+00
4.369598388671875000e+00 8.739196777343750000e+00 9.030503082275390625e+01 9.103329467773437500e+01 -4.369598388671875000e+00 0.000000000000000000e+00 1.238052845001220703e+01 -7.282663583755493164e-01 7.282663583755493164e-01 1.602186012268066406e+01 -2.184799194335937500e+00 2.840238761901855469e+01 -1.602186012268066406e+01 5.097864627838134766e+00 2.111972427368164062e+01 5.826130867004394531e+00
4.369598388671875000e+00 9.467462539672851562e+00 9.831595611572265625e+01 9.831595611572265625e+01 -7.282663345336914062e+00 -1.456532716751098633e+00 1.310879421234130859e+01 -2.184799194335937500e+00 0.000000000000000000e+00 1.966319084167480469e+01 -1.456532716751098633e+00 3.350025177001953125e+01 -2.039145851135253906e+01 4.369598388671875000e+00 2.548932266235351562e+01 4.369598388671875000e+00
-2.184799194335937500e+00 2.913065433502197266e+00 4.369598007202148438e+01 4.369598007202148438e+01 -8.739196777343750000e+00 -5.097864627838134766e+00 3.641331672668457031e+00 -2.184799194335937500e+00 -4.369598388671875000e+00 3.641331672668457031e+00 -5.826130867004394531e+00 1.165226173400878906e+01 -1.383706092834472656e+01 -2.913065433502197266e+00 9.467462539672851562e+00 3.641331672668457031e+00
-2.184799194335937500e+00 5.097864627838134766e+00 5.243517684936523438e+01 5.243517684936523438e+01 -9.467462539672851562e+00 -5.097864627838134766e+00 4.369598388671875000e+00 -1.456532716751098633e+00 -5.097864627838134766e+00 5.826130867004394531e+00 -6.554397106170654297e+00 1.529359340667724609e+01 -1.602186012268066406e+01 -2.184799194335937500e+00 1.019572925567626953e+01 5.097864627838134766e+00
-2.913065433502197266e+00 6.554397106170654297e+00 6.335917282104492188e+01 6.335917282104492188e+01 -1.019572925567626953e+01 -4.369598388671875000e+00 5.826130867004394531e+00 -1.456532716751098633e+00 -5.097864627838134766e+00 9.467462539672851562e+00 -7.282663345336914062e+00 2.039145851135253906e+01 -1.820665931701660156e+01 -1.456532716751098633e+00 1.310879421234130859e+01 5.826130867004394531e+00
-2.184799194335937500e+00 7.282663345336914062e+00 7.137010192871093750e+01 7.137010192871093750e+01 -1.092399501800537109e+01 -4.369598388671875000e+00 8.010930061340332031e+00 -7.282663583755493164e-01 -5.097864627838134766e+00 1.238052845001220703e+01 -7.282663345336914062e+00 2.403278923034667969e+01 -2.184799003601074219e+01 0.000000000000000000e+00 1.820665931701660156e+01 8.010930061340332031e+00
-2.184799194335937500e+00 8.010930061340332031e+00 8.229409790039062500e+01 8.229409790039062500e+01 -1.165226173400878906e+01 -4.369598388671875000e+00 1.019572925567626953e+01 0.000000000000000000e+00 -4.369598388671875000e+00 1.529359340667724609e+01 -6.554397106170654297e+00 2.840238761901855469e+01 -2.403278923034667969e+01 0.000000000000000000e+00 2.184799003601074219e+01 8.010930061340332031e+00
-2.184799194335937500e+00 8.739196777343750000e+00 9.248983001708984375e+01 9.248983001708984375e+01 -1.383706092834472656e+01 -5.097864627838134766e+00 1.092399501800537109e+01 -2.184799194335937500e+00 -5.097864627838134766e+00 1.820665931701660156e+01 -6.554397106170654297e+00 3.277198791503906250e+01 -2.767412185668945312e+01 -1.456532716751098633e+00 2.403278923034667969e+01 5.097864627838134766e+00
0.000000000000000000e+00 7.282663583755493164e-01 3.932638168334960938e+01 3.932638168334960938e+01 -6.554397106170654297e+00 -7.282663345336914062e+00 5.097864627838134766e+00 -3.641331672668457031e+00 -5.097864627838134766e+00 5.097864627838134766e+00 -5.097864627838134766e+00 1.238052845001220703e+01 -8.010930061340332031e+00 -9.467462539672851562e+00 1.383706092834472656e+01 -2.184799194335937500e+00
0.000000000000000000e+00 2.184799194335937500e+00 4.660904693603515625e+01 4.660904693603515625e+01 -8.010930061340332031e+00 -8.010930061340332031e+00 4.369598388671875000e+00 -4.369598388671875000e+00 -5.826130867004394531e+00 5.826130867004394531e+00 -5.826130867004394531e+00 1.456532669067382812e+01 -8.739196777343750000e+00 -1.092399501800537109e+01 1.456532669067382812e+01 -2.913065433502197266e+00
-7.282663583755493164e-01 2.913065433502197266e+00 5.607651138305664062e+01 5.607651138305664062e+01 -9.467462539672851562e+00 -9.467462539672851562e+00 3.641331672668457031e+00 -5.826130867004394531e+00 -8.010930061340332031e+00 6.554397106170654297e+00 -7.282663345336914062e+00 1.675012588500976562e+01 -1.092399501800537109e+01 -1.238052845001220703e+01 1.529359340667724609e+01 -4.369598388671875000e+00
-1.456532716751098633e+00 2.913065433502197266e+00 6.335917282104492188e+01 6.335917282104492188e+01 -1.092399501800537109e+01 -8.739196777343750000e+00 3.641331672668457031e+00 -5.097864627838134766e+00 -8.010930061340332031e+00 8.739196777343750000e+00 -8.010930061340332031e+00 1.966319084167480469e+01 -1.383706092834472656e+01 -1.092399501800537109e+01 1.675012588500976562e+01 -2.184799194335937500e+00
-2.913065433502197266e+00 2.913065433502197266e+00 7.209836578369140625e+01 7.209836578369140625e+01 -1.165226173400878906e+01 -8.739196777343750000e+00 3.641331672668457031e+00 -3.641331672668457031e+00 -8.010930061340332031e+00 1.092399501800537109e+01 -8.010930061340332031e+00 2.257625770568847656e+01 -1.602186012268066406e+01 -9.467462539672851562e+00 1.675012588500976562e+01 0.000000000000000000e+00
-3.641331672668457031e+00 3.641331672668457031e+00 7.938103485107421875e+01 7.938103485107421875e+01 -1.310879421234130859e+01 -8.739196777343750000e+00 4.369598388671875000e+00 -3.641331672668457031e+00 -8.010930061340332031e+00 1.383706092834472656e+01 -9.467462539672851562e+00 2.548932266235351562e+01 -1.966319084167480469e+01 -9.467462539672851562e+00 1.675012588500976562e+01 0.000000000000000000e+00
-2.184799194335937500e+00 1.456532716751098633e+00 3.641331863403320312e+01 3.641331863403320312e+01 -1.092399501800537109e+01 7.282663583755493164e-01 -2.184799194335937500e+00 -8.010930061340332031e+00 7.282663583755493164e-01 0.000000000000000000e+00 6.554397106170654297e+00 5.097864627838134766e+00 -1.238052845001220703e+01 8.739196777343750000e+00 4.369598388671875000e+00 -1.019572925567626953e+01
-2.913065433502197266e+00 1.456532716751098633e+00 4.151118087768554688e+01 4.151118087768554688e+01 -1.092399501800537109e+01 0.000000000000000000e+00 -2.184799194335937500e+00 -8.739196777343750000e+00 1.456532716751098633e+00 0.000000000000000000e+00 8.010930061340332031e+00 5.826130867004394531e+00 -1.383706092834472656e+01 8.010930061340332031e+00 4.369598388671875000e+00 -1.019572925567626953e+01
-2.913065433502197266e+00 1.456532716751098633e+00 4.952211380004882812e+01 4.952211380004882812e+01 -1.165226173400878906e+01 -1.456532716751098633e+00 -1.456532716751098633e+00 -1.019572925567626953e+01 2.184799194335937500e+00 7.282663583755493164e-01 8.739196777343750000e+00 8.010930061340332031e+00 -1.529359340667724609e+01 6.554397106170654297e+00 5.826130867004394531e+00 -1.165226173400878906e+01
-2.913065433502197266e+00 2.184799194335937500e+00 5.680477523803710938e+01 5.680477523803710938e+01 -1.092399501800537109e+01 -1.456532716751098633e+00 0.000000000000000000e+00 -1.019572925567626953e+01 4.369598388671875000e+00 2.913065433502197266e+00 1.019572925567626953e+01 1.092399501800537109e+01 -1.675012588500976562e+01 8.010930061340332031e+00 8.739196777343750000e+00 -1.019572925567626953e+01
-1.456532716751098633e+00 2.184799194335937500e+00 6.627223968505859375e+01 6.627223968505859375e+01 -1.092399501800537109e+01 -2.184799194335937500e+00 1.456532716751098633e+00 -1.165226173400878906e+01 5.826130867004394531e+00 5.097864627838134766e+00 1.092399501800537109e+01 1.529359340667724609e+01 -1.820665931701660156e+01 9.467462539672851562e+00 1.019572925567626953e+01 -1.019572925567626953e+01
0.000000000000000000e+00 2.184799194335937500e+00 7.792449951171875000e+01 7.792449951171875000e+01 -1.165226173400878906e+01 -3.641331672668457031e+00 3.641331672668457031e+00 -1.383706092834472656e+01 7.282663345336914062e+00 8.739196777343750000e+00 1.238052845001220703e+01 2.039145851135253906e+01 -1.966319084167480469e+01 9.467462539672851562e+00 1.529359340667724609e+01 -1.165226173400878906e+01
-7.282663583755493164e-01 2.184799194335937500e+00 3.641331863403320312e+01 3.641331863403320312e+01 -8.010930061340332031e+00 -7.282663583755493164e-01 2.913065433502197266e+00 -7.282663345336914062e+00 4.369598388671875000e+00 1.456532716751098633e+00 8.010930061340332031e+00 8.010930061340332031e+00 -1.529359340667724609e+01 6.554397106170654297e+00 8.010930061340332031e+00 -7.282663345336914062e+00
-7.282663583755493164e-01 2.913065433502197266e+00 4.442424774169921875e+01 4.442424774169921875e+01 -8.739196777343750000e+00 -7.282663583755493164e-01 3.641331672668457031e+00 -7.282663345336914062e+00 5.826130867004394531e+00 4.369598388671875000e+00 8.739196777343750000e+00 1.165226173400878906e+01 -1.675012588500976562e+01 5.826130867004394531e+00 8.739196777343750000e+00 -7.282663345336914062e+00
-1.456532716751098633e+00 4.369598388671875000e+00 5.461997604370117188e+01 5.461997604370117188e+01 -8.739196777343750000e+00 -1.456532716751098633e+00 5.097864627838134766e+00 -8.010930061340332031e+00 6.554397106170654297e+00 7.282663345336914062e+00 9.467462539672851562e+00 1.675012588500976562e+01 -1.893492507934570312e+01 4.369598388671875000e+00 1.019572925567626953e+01 -8.010930061340332031e+00
-1.456532716751098633e+00 4.369598388671875000e+00 6.190264129638671875e+01 6.190264129638671875e+01 -9.467462539672851562e+00 -7.282663583755493164e-01 7.282663345336914062e+00 -6.554397106170654297e+00 8.739196777343750000e+00 1.092399501800537109e+01 1.019572925567626953e+01 2.039145851135253906e+01 -2.111972427368164062e+01 5.826130867004394531e+00 1.383706092834472656e+01 -5.826130867004394531e+00
0.000000000000000000e+00 5.826130867004394531e+00 6.918530273437500000e+01 6.918530273437500000e+01 -9.467462539672851562e+00 -7.282663583755493164e-01 9.467462539672851562e+00 -7.282663345336914062e+00 1.019572925567626953e+01 1.383706092834472656e+01 1.238052845001220703e+01 2.548932266235351562e+01 -2.330452346801757812e+01 7.282663345336914062e+00 1.747839355468750000e+01 -5.097864627838134766e+00
1.456532716751098633e+00 7.282663345336914062e+00 7.719623565673828125e+01 7.719623565673828125e+01 -9.467462539672851562e+00 -2.184799194335937500e+00 1.238052845001220703e+01 -8.739196777343750000e+00 1.092399501800537109e+01 1.675012588500976562e+01 1.310879421234130859e+01 2.985892105102539062e+01 -2.476105690002441406e+01 6.554397106170654297e+00 2.111972427368164062e+01 -6.554397106170654297e+00
2.184799194335937500e+00 2.913065433502197266e+00 4.660904693603515625e+01 4.660904693603515625e+01 7.282663583755493164e-01 -3.641331672668457031e+00 8.739196777343750000e+00 -7.282663345336914062e+00 8.010930061340332031e+00 3.641331672668457031e+00 6.554397106170654297e+00 1.238052845001220703e+01 -1.092399501800537109e+01 -7.282663583755493164e-01 7.282663345336914062e+00 -9.467462539672851562e+00
3.641331672668457031e+00 3.641331672668457031e+00 5.534824371337890625e+01 5.534824371337890625e+01 1.456532716751098633e+00 -2.913065433502197266e+00 1.092399501800537109e+01 -7.282663345336914062e+00 9.467462539672851562e+00 6.554397106170654297e+00 8.010930061340332031e+00 1.675012588500976562e+01 -1.092399501800537109e+01 0.000000000000000000e+00 1.019572925567626953e+01 -9.467462539672851562e+00
5.097864627838134766e+00 5.826130867004394531e+00 6.627223968505859375e+01 6.627223968505859375e+01 2.184799194335937500e+00 -1.456532716751098633e+00 1.310879421234130859e+01 -5.826130867004394531e+00 1.092399501800537109e+01 1.092399501800537109e+01 8.739196777343750000e+00 2.184799003601074219e+01 -1.019572925567626953e+01 7.282663583755493164e-01 1.238052845001220703e+01 -8.739196777343750000e+00
5.097864627838134766e+00 8.010930061340332031e+00 7.573970031738281250e+01 7.573970031738281250e+01 1.456532716751098633e+00 7.282663583755493164e-01 1.310879421234130859e+01 -4.369598388671875000e+00 1.092399501800537109e+01 1.383706092834472656e+01 8.739196777343750000e+00 2.476105690002441406e+01 -1.092399501800537109e+01 2.913065433502197266e+00 1.456532669067382812e+01 -5.826130867004394531e+00
4.369598388671875000e+00 1.092399501800537109e+01 8.520716094970703125e+01 8.593543243408203125e+01 -7.282663583755493164e-01 7.282663583755493164e-01 1.238052845001220703e+01 -2.184799194335937500e+00 9.467462539672851562e+00 1.675012588500976562e+01 7.282663345336914062e+00 2.913065338134765625e+01 -1.383706092834472656e+01 5.097864627838134766e+00 1.675012588500976562e+01 0.000000000000000000e+00
3.641331672668457031e+00 1.310879421234130859e+01 9.248983001708984375e+01 9.248983001708984375e+01 -4.369598388671875000e+00 7.282663583755493164e-01 1.238052845001220703e+01 -1.456532716751098633e+00 7.282663345336914062e+00 1.966319084167480469e+01 6.554397106170654297e+00 3.422851943969726562e+01 -1.966319084167480469e+01 6.554397106170654297e+00 2.184799003601074219e+01 2.913065433502197266e+00
1.456532716751098633e+00 1.019572925567626953e+01 4.515251541137695312e+01 4.515251541137695312e+01 -4.369598388671875000e+00 4.369598388671875000e+00 1.019572925567626953e+01 3.641331672668457031e+00 4.369598388671875000e+00 1.456532669067382812e+01 2.913065433502197266e+00 2.184799003601074219e+01 -1.529359340667724609e+01 5.097864627838134766e+00 1.529359340667724609e+01 3.641331672668457031e+00
2.184799194335937500e+00 1.165226173400878906e+01 5.097864532470703125e+01 5.097864532470703125e+01 -2.184799194335937500e+00 5.826130867004394531e+00 1.238052845001220703e+01 5.097864627838134766e+00 6.554397106170654297e+00 1.675012588500976562e+01 4.369598388671875000e+00 2.476105690002441406e+01 -1.456532669067382812e+01 5.097864627838134766e+00 1.675012588500976562e+01 4.369598388671875000e+00
3.641331672668457031e+00 1.310879421234130859e+01 5.971784210205078125e+01 5.971784210205078125e+01 0.000000000000000000e+00 7.282663345336914062e+00 1.456532669067382812e+01 7.282663345336914062e+00 8.739196777343750000e+00 2.039145851135253906e+01 5.826130867004394531e+00 2.767412185668945312e+01 -1.310879421234130859e+01 6.554397106170654297e+00 1.820665931701660156e+01 5.826130867004394531e+00
3.641331672668457031e+00 1.456532669067382812e+01 6.772877502441406250e+01 6.772877502441406250e+01 0.000000000000000000e+00 8.010930061340332031e+00 1.529359340667724609e+01 8.739196777343750000e+00 9.467462539672851562e+00 2.257625770568847656e+01 6.554397106170654297e+00 2.985892105102539062e+01 -1.310879421234130859e+01 8.010930061340332031e+00 1.966319084167480469e+01 9.467462539672851562e+00
2.913065433502197266e+00 1.529359340667724609e+01 7.719623565673828125e+01 7.719623565673828125e+01 -7.282663583755493164e-01 8.010930061340332031e+00 1.456532669067382812e+01 1.019572925567626953e+01 8.739196777343750000e+00 2.548932266235351562e+01 5.826130867004394531e+00 3.204372024536132812e+01 -1.383706092834472656e+01 8.739196777343750000e+00 2.111972427368164062e+01 1.383706092834472656e+01
2.184799194335937500e+00 1.602186012268066406e+01 8.520716094970703125e+01 8.520716094970703125e+01 -2.913065433502197266e+00 6.554397106170654297e+00 1.383706092834472656e+01 1.019572925567626953e+01 5.826130867004394531e+00 2.767412185668945312e+01 2.913065433502197266e+00 3.495678710937500000e+01 -1.820665931701660156e+01 8.010930061340332031e+00 2.257625770568847656e+01 1.456532669067382812e+01
-1.456532716751098633e+00 1.310879421234130859e+01 4.806557846069335938e+01 4.806557846069335938e+01 -9.467462539672851562e+00 9.467462539672851562e+00 3.641331672668457031e+00 7.282663345336914062e+00 -3.641331672668457031e+00 1.675012588500976562e+01 -3.641331672668457031e+00 2.403278923034667969e+01 -1.456532669067382812e+01 1.165226173400878906e+01 1.238052845001220703e+01 6.554397106170654297e+00
-1.456532716751098633e+00 1.456532669067382812e+01 5.607651138305664062e+01 5.607651138305664062e+01 -1.019572925567626953e+01 1.165226173400878906e+01 3.641331672668457031e+00 8.739196777343750000e+00 -3.641331672668457031e+00 2.111972427368164062e+01 -4.369598388671875000e+00 2.840238761901855469e+01 -1.602186012268066406e+01 1.238052845001220703e+01 1.383706092834472656e+01 8.010930061340332031e+00
-2.913065433502197266e+00 1.675012588500976562e+01 6.408744049072265625e+01 6.408744049072265625e+01 -9.467462539672851562e+00 1.383706092834472656e+01 3.641331672668457031e+00 1.165226173400878906e+01 -2.913065433502197266e+00 2.476105690002441406e+01 -5.097864627838134766e+00 3.131545257568359375e+01 -1.602186012268066406e+01 1.456532669067382812e+01 1.238052845001220703e+01 9.467462539672851562e+00
-4.369598388671875000e+00 1.893492507934570312e+01 7.209836578369140625e+01 7.209836578369140625e+01 -9.467462539672851562e+00 1.529359340667724609e+01 2.913065433502197266e+00 1.383706092834472656e+01 -2.913065433502197266e+00 2.621758842468261719e+01 -5.097864627838134766e+00 3.277198791503906250e+01 -1.602186012268066406e+01 1.675012588500976562e+01 1.383706092834472656e+01 1.383706092834472656e+01
-5.826130867004394531e+00 2.039145851135253906e+01 8.229409790039062500e+01 8.229409790039062500e+01 -1.092399501800537109e+01 1.456532669067382812e+01 2.184799194335937500e+00 1.602186012268066406e+01 -4.369598388671875000e+00 2.913065338134765625e+01 -7.282663345336914062e+00 3.495678710937500000e+01 -1.820665931701660156e+01 1.747839355468750000e+01 1.456532669067382812e+01 1.966319084167480469e+01
-7.282663345336914062e+00 2.111972427368164062e+01 9.030503082275390625e+01 9.030503082275390625e+01 -1.310879421234130859e+01 1.383706092834472656e+01 7.282663583755493164e-01 1.602186012268066406e+01 -8.010930061340332031e+00 3.131545257568359375e+01 -1.092399501800537109e+01 3.786985015869140625e+01 -2.257625770568847656e+01 1.747839355468750000e+01 1.675012588500976562e+01 2.111972427368164062e+01
7.282663583755493164e-01 5.097864627838134766e+00 4.660904693603515625e+01 4.660904693603515625e+01 -1.456532716751098633e+00 -7.282663583755493164e-01 5.826130867004394531e+00 -1.456532716751098633e+00 -1.456532716751098633e+00 5.826130867004394531e+00 -5.097864627838134766e+00 1.238052845001220703e+01 -6.554397106170654297e+00 2.184799194335937500e+00 8.010930061340332031e+00 7.282663583755493164e-01
1.456532716751098633e+00 7.282663345336914062e+00 5.461997604370117188e+01 5.461997604370117188e+01 -1.456532716751098633e+00 7.282663583755493164e-01 6.554397106170654297e+00 -7.282663583755493164e-01 -1.456532716751098633e+00 8.739196777343750000e+00 -5.097864627838134766e+00 1.675012588500976562e+01 -6.554397106170654297e+00 3.641331672668457031e+00 8.739196777343750000e+00 1.456532716751098633e+00
1.456532716751098633e+00 9.467462539672851562e+00 6.335917282104492188e+01 6.408744049072265625e+01 -7.282663583755493164e-01 2.913065433502197266e+00 6.554397106170654297e+00 7.282663583755493164e-01 -1.456532716751098633e+00 1.238052845001220703e+01 -5.097864627838134766e+00 2.039145851135253906e+01 -6.554397106170654297e+00 5.826130867004394531e+00 1.019572925567626953e+01 2.184799194335937500e+00
7.282663583755493164e-01 1.165226173400878906e+01 7.282663726806640625e+01 7.282663726806640625e+01 -2.184799194335937500e+00 5.097864627838134766e+00 6.554397106170654297e+00 2.913065433502197266e+00 -2.184799194335937500e+00 1.456532669067382812e+01 -5.826130867004394531e+00 2.330452346801757812e+01 -7.282663345336914062e+00 8.739196777343750000e+00 1.310879421234130859e+01 5.826130867004394531e+00
0.000000000000000000e+00 1.383706092834472656e+01 8.375063323974609375e+01 8.447889709472656250e+01 -4.369598388671875000e+00 5.097864627838134766e+00 4.369598388671875000e+00 4.369598388671875000e+00 -4.369598388671875000e+00 1.747839355468750000e+01 -7.282663345336914062e+00 2.694585609436035156e+01 -9.467462539672851562e+00 1.019572925567626953e+01 1.456532669067382812e+01 8.739196777343750000e+00
-1.456532716751098633e+00 1.529359340667724609e+01 9.030503082275390625e+01 9.030503082275390625e+01 -8.739196777343750000e+00 5.097864627838134766e+00 2.184799194335937500e+00 3.641331672668457031e+00 -8.010930061340332031e+00 2.039145851135253906e+01 -1.019572925567626953e+01 3.131545257568359375e+01 -1.602186012268066406e+01 9.467462539672851562e+00 1.820665931701660156e+01 8.739196777343750000e+00
-2.913065433502197266e+00 5.097864627838134766e+00 3.786985015869140625e+01 3.786985015869140625e+01 -4.369598388671875000e+00 -6.554397106170654297e+00 7.282663345336914062e+00 0.000000000000000000e+00 -2.184799194335937500e+00 1.456532716751098633e+00 -8.010930061340332031e+00 8.739196777343750000e+00 -1.238052845001220703e+01 -5.097864627838134766e+00 8.010930061340332031e+00 8.739196777343750000e+00
-3.641331672668457031e+00 6.554397106170654297e+00 4.515251541137695312e+01 4.515251541137695312e+01 -5.097864627838134766e+00 -6.554397106170654297e+00 5.826130867004394531e+00 0.000000000000000000e+00 -3.641331672668457031e+00 2.913065433502197266e+00 -9.467462539672851562e+00 1.092399501800537109e+01 -1.310879421234130859e+01 -4.369598388671875000e+00 7.282663345336914062e+00 1.019572925567626953e+01
-5.097864627838134766e+00 7.282663345336914062e+00 5.389171218872070312e+01 5.389171218872070312e+01 -5.826130867004394531e+00 -6.554397106170654297e+00 6.554397106170654297e+00 0.000000000000000000e+00 -5.097864627838134766e+00 6.554397106170654297e+00 -1.092399501800537109e+01 1.456532669067382812e+01 -1.456532669067382812e+01 -4.369598388671875000e+00 9.467462539672851562e+00 9.467462539672851562e+00
-4.369598388671875000e+00 7.282663345336914062e+00 6.117437362670898438e+01 6.117437362670898438e+01 -7.282663345336914062e+00 -6.554397106170654297e+00 8.010930061340332031e+00 1.456532716751098633e+00 -5.826130867004394531e+00 8.739196777343750000e+00 -1.165226173400878906e+01 1.820665931701660156e+01 -1.820665931701660156e+01 -4.369598388671875000e+00 1.383706092834472656e+01 1.238052845001220703e+01
-3.641331672668457031e+00 7.282663345336914062e+00 7.064183807373046875e+01 7.137010192871093750e+01 -8.010930061340332031e+00 -6.554397106170654297e+00 8.010930061340332031e+00 2.184799194335937500e+00 -6.554397106170654297e+00 1.165226173400878906e+01 -1.165226173400878906e+01 2.184799003601074219e+01 -2.039145851135253906e+01 -3.641331672668457031e+00 1.675012588500976562e+01 1.238052845001220703e+01
-4.369598388671875000e+00 7.282663345336914062e+00 7.865276336669921875e+01 7.865276336669921875e+01 -1.019572925567626953e+01 -7.282663345336914062e+00 8.010930061340332031e+00 0.000000000000000000e+00 -7.282663345336914062e+00 1.529359340667724609e+01 -1.238052845001220703e+01 2.621758842468261719e+01 -2.403278923034667969e+01 -5.826130867004394531e+00 1.893492507934570312e+01 8.739196777343750000e+00
-2.913065433502197266e+00 0.000000000000000000e+00 2.985892105102539062e+01 2.985892105102539062e+01 -4.369598388671875000e+00 -1.019572925567626953e+01 2.184799194335937500e+00 -3.641331672668457031e+00 -4.369598388671875000e+00 -1.456532716751098633e+00 -6.554397106170654297e+00 3.641331672668457031e+00 -5.826130867004394531e+00 -1.165226173400878906e+01 5.826130867004394531e+00 2.184799194335937500e+00
-2.913065433502197266e+00 0.000000000000000000e+00 3.714158248901367188e+01 3.714158248901367188e+01 -5.097864627838134766e+00 -1.165226173400878906e+01 1.456532716751098633e+00 -4.369598388671875000e+00 -5.826130867004394531e+00 -1.456532716751098633e+00 -7.282663345336914062e+00 4.369598388671875000e+00 -5.826130867004394531e+00 -1.310879421234130859e+01 5.826130867004394531e+00 1.456532716751098633e+00
-2.913065433502197266e+00 0.000000000000000000e+00 4.442424774169921875e+01 4.442424774169921875e+01 -7.282663345336914062e+00 -1.310879421234130859e+01 2.184799194335937500e+00 -5.826130867004394531e+00 -8.010930061340332031e+00 0.000000000000000000e+00 -9.467462539672851562e+00 7.282663345336914062e+00 -8.010930061340332031e+00 -1.456532669067382812e+01 1.092399501800537109e+01 -7.282663583755493164e-01
-2.913065433502197266e+00 -7.282663583755493164e-01 5.025037765502929688e+01 5.025037765502929688e+01 -8.739196777343750000e+00 -1.383706092834472656e+01 3.641331672668457031e+00 -5.097864627838134766e+00 -8.739196777343750000e+00 2.184799194335937500e+00 -1.092399501800537109e+01 9.467462539672851562e+00 -1.092399501800537109e+01 -1.602186012268066406e+01 1.456532669067382812e+01 7.282663583755493164e-01
-2.184799194335937500e+00 -1.456532716751098633e+00 5.534824371337890625e+01 5.534824371337890625e+01 -9.467462539672851562e+00 -1.383706092834472656e+01 4.369598388671875000e+00 -5.097864627838134766e+00 -9.467462539672851562e+00 2.913065433502197266e+00 -1.165226173400878906e+01 1.165226173400878906e+01 -1.310879421234130859e+01 -1.602186012268066406e+01 1.529359340667724609e+01 0.000000000000000000e+00
-2.184799194335937500e+00 -2.184799194335937500e+00 5.971784210205078125e+01 5.971784210205078125e+01 -1.019572925567626953e+01 -1.383706092834472656e+01 4.369598388671875000e+00 -6.554397106170654297e+00 -9.467462539672851562e+00 5.826130867004394531e+00 -1.165226173400878906e+01 1.456532669067382812e+01 -1.529359340667724609e+01 -1.747839355468750000e+01 1.529359340667724609e+01 -2.913065433502197266e+00
-1.456532716751098633e+00 0.000000000000000000e+00 3.641331863403320312e+01 3.641331863403320312e+01 -9.467462539672851562e+00 -7.282663583755493164e-01 -4.369598388671875000e+00 -9.467462539672851562e+00 0.000000000000000000e+00 -5.097864627838134766e+00 7.282663345336914062e+00 -7.282663583755493164e-01 -7.282663345336914062e+00 9.467462539672851562e+00 7.282663583755493164e-01 -9.467462539672851562e+00
-1.456532716751098633e+00 -7.282663583755493164e-01 4.223944854736328125e+01 4.223944854736328125e+01 -9.467462539672851562e+00 -1.456532716751098633e+00 -4.369598388671875000e+00 -1.092399501800537109e+01 7.282663583755493164e-01 -5.826130867004394531e+00 8.739196777343750000e+00 -7.282663583755493164e-01 -8.010930061340332031e+00 8.739196777343750000e+00 7.282663583755493164e-01 -1.019572925567626953e+01
-7.282663583755493164e-01 -7.282663583755493164e-01 5.243517684936523438e+01 5.243517684936523438e+01 -9.467462539672851562e+00 -4.369598388671875000e+00 -2.913065433502197266e+00 -1.310879421234130859e+01 2.184799194335937500e+00 -5.826130867004394531e+00 9.467462539672851562e+00 7.282663583755493164e-01 -9.467462539672851562e+00 6.554397106170654297e+00 2.913065433502197266e+00 -1.092399501800537109e+01
0.000000000000000000e+00 -1.456532716751098633e+00 6.044610595703125000e+01 6.044610595703125000e+01 -8.010930061340332031e+00 -5.097864627838134766e+00 -1.456532716751098633e+00 -1.383706092834472656e+01 4.369598388671875000e+00 -4.369598388671875000e+00 1.165226173400878906e+01 2.913065433502197266e+00 -1.165226173400878906e+01 7.282663345336914062e+00 5.097864627838134766e+00 -9.467462539672851562e+00
7.282663583755493164e-01 -1.456532716751098633e+00 6.918530273437500000e+01 6.918530273437500000e+01 -7.282663345336914062e+00 -6.554397106170654297e+00 7.282663583755493164e-01 -1.602186012268066406e+01 6.554397106170654297e+00 -2.913065433502197266e+00 1.238052845001220703e+01 7.282663345336914062e+00 -1.383706092834472656e+01 8.010930061340332031e+00 7.282663345336914062e+00 -9.467462539672851562e+00
2.184799194335937500e+00 -1.456532716751098633e+00 8.156583404541015625e+01 8.156583404541015625e+01 -8.010930061340332031e+00 -9.467462539672851562e+00 4.369598388671875000e+00 -1.747839355468750000e+01 8.010930061340332031e+00 7.282663583755493164e-01 1.310879421234130859e+01 1.310879421234130859e+01 -1.602186012268066406e+01 6.554397106170654297e+00 1.456532669067382812e+01 -1.092399501800537109e+01
-7.282663583755493164e-01 0.000000000000000000e+00 3.859811782836914062e+01 3.859811782836914062e+01 -9.467462539672851562e+00 7.282663583755493164e-01 -2.913065433502197266e+00 -8.010930061340332031e+00 2.184799194335937500e+00 -2.913065433502197266e+00 8.739196777343750000e+00 1.456532716751098633e+00 -1.383706092834472656e+01 1.238052845001220703e+01 7.282663583755493164e-01 -7.282663345336914062e+00
-7.282663583755493164e-01 0.000000000000000000e+00 4.660904693603515625e+01 4.660904693603515625e+01 -8.739196777343750000e+00 7.282663583755493164e-01 -1.456532716751098633e+00 -9.467462539672851562e+00 4.369598388671875000e+00 -1.456532716751098633e+00 1.092399501800537109e+01 3.641331672668457031e+00 -1.529359340667724609e+01 1.310879421234130859e+01 1.456532716751098633e+00 -8.739196777343750000e+00
7.282663583755493164e-01 7.282663583755493164e-01 5.680477523803710938e+01 5.680477523803710938e+01 -8.010930061340332031e+00 -7.282663583755493164e-01 7.282663583755493164e-01 -1.092399501800537109e+01 7.282663345336914062e+00 0.000000000000000000e+00 1.383706092834472656e+01 6.554397106170654297e+00 -1.602186012268066406e+01 1.165226173400878906e+01 5.097864627838134766e+00 -9.467462539672851562e+00
1.456532716751098633e+00 7.282663583755493164e-01 6.481570434570312500e+01 6.481570434570312500e+01 -7.282663345336914062e+00 -1.456532716751098633e+00 3.641331672668457031e+00 -1.165226173400878906e+01 1.019572925567626953e+01 2.184799194335937500e+00 1.602186012268066406e+01 1.092399501800537109e+01 -1.747839355468750000e+01 1.165226173400878906e+01 8.739196777343750000e+00 -8.739196777343750000e+00
2.184799194335937500e+00 1.456532716751098633e+00 7.209836578369140625e+01 7.209836578369140625e+01 -5.826130867004394531e+00 -2.913065433502197266e+00 6.554397106170654297e+00 -1.383706092834472656e+01 1.238052845001220703e+01 5.097864627838134766e+00 1.820665931701660156e+01 1.529359340667724609e+01 -1.820665931701660156e+01 1.092399501800537109e+01 1.310879421234130859e+01 -1.019572925567626953e+01
4.369598388671875000e+00 2.184799194335937500e+00 8.083756256103515625e+01 8.083756256103515625e+01 -5.826130867004394531e+00 -5.826130867004394531e+00 1.019572925567626953e+01 -1.529359340667724609e+01 1.383706092834472656e+01 7.282663345336914062e+00 1.893492507934570312e+01 1.966319084167480469e+01 -1.966319084167480469e+01 8.739196777343750000e+00 1.820665931701660156e+01 -1.238052845001220703e+01
7.282663345336914062e+00 2.913065433502197266e+00 4.660904693603515625e+01 4.660904693603515625e+01 6.554397106170654297e+00 -3.641331672668457031e+00 1.529359340667724609e+01 -1.019572925567626953e+01 1.456532669067382812e+01 -7.282663583755493164e-01 1.383706092834472656e+01 8.739196777343750000e+00 -4.369598388671875000e+00 8.010930061340332031e+00 1.602186012268066406e+01 -4.369598388671875000e+00
9.467462539672851562e+00 3.641331672668457031e+00 5.243517684936523438e+01 5.243517684936523438e+01 8.739196777343750000e+00 -3.641331672668457031e+00 1.820665931701660156e+01 -1.019572925567626953e+01 1.747839355468750000e+01 1.456532716751098633e+00 1.602186012268066406e+01 1.165226173400878906e+01 -3.641331672668457031e+00 8.010930061340332031e+00 1.820665931701660156e+01 -5.097864627838134766e+00
1.092399501800537109e+01 3.641331672668457031e+00 5.971784210205078125e+01 5.971784210205078125e+01 1.092399501800537109e+01 -2.913065433502197266e+00 2.111972427368164062e+01 -1.019572925567626953e+01 1.966319084167480469e+01 4.369598388671875000e+00 1.747839355468750000e+01 1.456532669067382812e+01 -2.184799194335937500e+00 8.010930061340332031e+00 2.184799003601074219e+01 -5.826130867004394531e+00
1.165226173400878906e+01 4.369598388671875000e+00 6.700050354003906250e+01 6.700050354003906250e+01 1.092399501800537109e+01 -2.913065433502197266e+00 2.257625770568847656e+01 -9.467462539672851562e+00 1.966319084167480469e+01 7.282663345336914062e+00 1.675012588500976562e+01 1.675012588500976562e+01 -2.913065433502197266e+00 8.010930061340332031e+00 2.548932266235351562e+01 -4.369598388671875000e+00
1.238052845001220703e+01 5.097864627838134766e+00 7.501143646240234375e+01 7.573970031738281250e+01 9.467462539672851562e+00 -3.641331672668457031e+00 2.330452346801757812e+01 -8.739196777343750000e+00 1.820665931701660156e+01 1.019572925567626953e+01 1.675012588500976562e+01 1.966319084167480469e+01 -5.826130867004394531e+00 5.826130867004394531e+00 2.913065338134765625e+01 -2.184799194335937500e+00
1.238052845001220703e+01 5.826130867004394531e+00 8.156583404541015625e+01 8.156583404541015625e+01 7.282663345336914062e+00 -4.369598388671875000e+00 2.403278923034667969e+01 -8.739196777343750000e+00 1.747839355468750000e+01 1.238052845001220703e+01 1.602186012268066406e+01 2.330452346801757812e+01 -9.467462539672851562e+00 4.369598388671875000e+00 3.277198791503906250e+01 -2.184799194335937500e+00
8.010930061340332031e+00 1.092399501800537109e+01 4.515251541137695312e+01 4.515251541137695312e+01 -7.282663583755493164e-01 0.000000000000000000e+00 1.820665931701660156e+01 0.000000000000000000e+00 8.739196777343750000e+00 1.019572925567626953e+01 9.467462539672851562e+00 1.966319084167480469e+01 -1.165226173400878906e+01 6.554397106170654297e+00 2.767412185668945312e+01 4.369598388671875000e+00
8.739196777343750000e+00 1.019572925567626953e+01 4.588077926635742188e+01 4.588077926635742188e+01 -7.282663583755493164e-01 0.000000000000000000e+00 1.820665931701660156e+01 0.000000000000000000e+00 8.739196777343750000e+00 1.019572925567626953e+01 9.467462539672851562e+00 1.966319084167480469e+01 -1.165226173400878906e+01 5.826130867004394531e+00 2.840238761901855469e+01 4.369598388671875000e+00
8.739196777343750000e+00 9.467462539672851562e+00 4.806557846069335938e+01 4.806557846069335938e+01 -1.456532716751098633e+00 0.000000000000000000e+00 1.820665931701660156e+01 0.000000000000000000e+00 8.739196777343750000e+00 1.092399501800537109e+01 9.467462539672851562e+00 1.966319084167480469e+01 -1.165226173400878906e+01 5.097864627838134766e+00 2.913065338134765625e+01 3.641331672668457031e+00
8.739196777343750000e+00 8.739196777343750000e+00 5.243517684936523438e+01 5.243517684936523438e+01 -2.184799194335937500e+00 0.000000000000000000e+00 1.893492507934570312e+01 -7.282663583755493164e-01 8.010930061340332031e+00 1.165226173400878906e+01 8.739196777343750000e+00 1.966319084167480469e+01 -1.310879421234130859e+01 3.641331672668457031e+00 3.058718681335449219e+01 3.641331672668457031e+00
8.739196777343750000e+00 8.010930061340332031e+00 5.826130676269531250e+01 5.898957443237304688e+01 -2.913065433502197266e+00 -7.282663583755493164e-01 1.893492507934570312e+01 0.000000000000000000e+00 6.554397106170654297e+00 1.310879421234130859e+01 7.282663345336914062e+00 2.039145851135253906e+01 -1.456532669067382812e+01 2.184799194335937500e+00 3.204372024536132812e+01 3.641331672668457031e+00
8.739196777343750000e+00 7.282663345336914062e+00 6.554397583007812500e+01 6.554397583007812500e+01 -3.641331672668457031e+00 -2.913065433502197266e+00 1.893492507934570312e+01 -1.456532716751098633e+00 4.369598388671875000e+00 1.383706092834472656e+01 5.826130867004394531e+00 2.111972427368164062e+01 -1.675012588500976562e+01 7.282663583755493164e-01 3.350025177001953125e+01 3.641331672668457031e+00
-5.826130867004394531e+00 1.092399501800537109e+01 4.369598007202148438e+01 4.369598007202148438e+01 -1.675012588500976562e+01 7.282663583755493164e-01 2.184799194335937500e+00 -7.282663583755493164e-01 -5.826130867004394531e+00 1.019572925567626953e+01 -5.826130867004394531e+00 1.966319084167480469e+01 -2.621758842468261719e+01 6.554397106170654297e+00 1.310879421234130859e+01 4.369598388671875000e+00
-6.554397106170654297e+00 1.092399501800537109e+01 4.588077926635742188e+01 4.588077926635742188e+01 -1.675012588500976562e+01 7.282663583755493164e-01 2.184799194335937500e+00 0.000000000000000000e+00 -5.826130867004394531e+00 1.019572925567626953e+01 -5.826130867004394531e+00 1.966319084167480469e+01 -2.621758842468261719e+01 6.554397106170654297e+00 1.310879421234130859e+01 4.369598388671875000e+00
-7.282663345336914062e+00 1.019572925567626953e+01 5.097864532470703125e+01 5.097864532470703125e+01 -1.675012588500976562e+01 7.282663583755493164e-01 2.184799194335937500e+00 0.000000000000000000e+00 -5.826130867004394531e+00 1.092399501800537109e+01 -6.554397106170654297e+00 2.039145851135253906e+01 -2.694585609436035156e+01 5.826130867004394531e+00 1.238052845001220703e+01 4.369598388671875000e+00
-8.739196777343750000e+00 1.019572925567626953e+01 5.680477523803710938e+01 5.680477523803710938e+01 -1.747839355468750000e+01 0.000000000000000000e+00 2.184799194335937500e+00 0.000000000000000000e+00 -6.554397106170654297e+00 1.165226173400878906e+01 -6.554397106170654297e+00 2.111972427368164062e+01 -2.913065338134765625e+01 5.826130867004394531e+00 1.310879421234130859e+01 5.097864627838134766e+00
-9.467462539672851562e+00 1.019572925567626953e+01 6.554397583007812500e+01 6.554397583007812500e+01 -1.820665931701660156e+01 -7.282663583755493164e-01 2.913065433502197266e+00 7.282663583755493164e-01 -7.282663345336914062e+00 1.310879421234130859e+01 -8.010930061340332031e+00 2.257625770568847656e+01 -3.131545257568359375e+01 5.826130867004394531e+00 1.383706092834472656e+01 8.010930061340332031e+00
-9.467462539672851562e+00 1.092399501800537109e+01 7.501143646240234375e+01 7.501143646240234375e+01 -1.966319084167480469e+01 -2.184799194335937500e+00 3.641331672668457031e+00 0.000000000000000000e+00 -8.010930061340332031e+00 1.456532669067382812e+01 -9.467462539672851562e+00 2.548932266235351562e+01 -3.350025177001953125e+01 5.097864627838134766e+00 1.602186012268066406e+01 1.019572925567626953e+01
-6.554397106170654297e+00 4.369598388671875000e+00 4.369598007202148438e+01 4.369598007202148438e+01 -9.467462539672851562e+00 -7.282663583755493164e-01 7.282663583755493164e-01 -2.184799194335937500e+00 -8.010930061340332031e+00 5.826130867004394531e+00 -1.092399501800537109e+01 1.165226173400878906e+01 -1.602186012268066406e+01 3.641331672668457031e+00 5.097864627838134766e+00 2.184799194335937500e+00
-7.282663345336914062e+00 4.369598388671875000e+00 4.806557846069335938e+01 4.806557846069335938e+01 -1.092399501800537109e+01 -7.282663583755493164e-01 0.000000000000000000e+00 -2.184799194335937500e+00 -8.010930061340332031e+00 7.282663345336914062e+00 -1.238052845001220703e+01 1.383706092834472656e+01 -1.747839355468750000e+01 2.913065433502197266e+00 5.826130867004394531e+00 2.184799194335937500e+00
-8.739196777343750000e+00 5.097864627838134766e+00 5.389171218872070312e+01 5.389171218872070312e+01 -1.092399501800537109e+01 -7.282663583755493164e-01 0.000000000000000000e+00 -2.184799194335937500e+00 -8.010930061340332031e+00 8.010930061340332031e+00 -1.383706092834472656e+01 1.456532669067382812e+01 -1.893492507934570312e+01 3.641331672668457031e+00 4.369598388671875000e+00 2.184799194335937500e+00
-1.092399501800537109e+01 6.554397106170654297e+00 6.117437362670898438e+01 6.117437362670898438e+01 -1.238052845001220703e+01 -7.282663583755493164e-01 -1.456532716751098633e+00 -7.282663583755493164e-01 -8.739196777343750000e+00 8.739196777343750000e+00 -1.529359340667724609e+01 1.529359340667724609e+01 -2.039145851135253906e+01 4.369598388671875000e+00 4.369598388671875000e+00 5.097864627838134766e+00
-1.310879421234130859e+01 7.282663345336914062e+00 6.991357421875000000e+01 6.991357421875000000e+01 -1.383706092834472656e+01 -7.282663583755493164e-01 -3.641331672668457031e+00 2.184799194335937500e+00 -1.092399501800537109e+01 1.019572925567626953e+01 -1.747839355468750000e+01 1.747839355468750000e+01 -2.330452346801757812e+01 3.641331672668457031e+00 2.913065433502197266e+00 1.019572925567626953e+01
-1.456532669067382812e+01 8.739196777343750000e+00 7.573970031738281250e+01 7.573970031738281250e+01 -1.602186012268066406e+01 -7.282663583755493164e-01 -5.097864627838134766e+00 3.641331672668457031e+00 -1.383706092834472656e+01 1.238052845001220703e+01 -2.111972427368164062e+01 2.039145851135253906e+01 -2.694585609436035156e+01 2.913065433502197266e+00 2.913065433502197266e+00 1.238052845001220703e+01
-2.913065433502197266e+00 2.913065433502197266e+00 3.932638168334960938e+01 3.932638168334960938e+01 -1.456532716751098633e+00 -8.739196777343750000e+00 9.467462539672851562e+00 0.000000000000000000e+00 7.282663583755493164e-01 -1.456532716751098633e+00 -7.282663345336914062e+00 4.369598388671875000e+00 -1.310879421234130859e+01 -7.282663345336914062e+00 5.826130867004394531e+00 1.019572925567626953e+01
-3.641331672668457031e+00 3.641331672668457031e+00 4.515251541137695312e+01 4.515251541137695312e+01 -2.184799194335937500e+00 -1.019572925567626953e+01 8.010930061340332031e+00 -7.282663583755493164e-01 -7.282663583755493164e-01 -2.184799194335937500e+00 -8.739196777343750000e+00 5.097864627838134766e+00 -1.310879421234130859e+01 -7.282663345336914062e+00 4.369598388671875000e+00 1.019572925567626953e+01
-5.097864627838134766e+00 2.913065433502197266e+00 5.243517684936523438e+01 5.243517684936523438e+01 -3.641331672668457031e+00 -1.165226173400878906e+01 7.282663345336914062e+00 -2.184799194335937500e+00 -2.184799194335937500e+00 -1.456532716751098633e+00 -1.092399501800537109e+01 6.554397106170654297e+00 -1.529359340667724609e+01 -8.739196777343750000e+00 5.097864627838134766e+00 8.739196777343750000e+00
-5.826130867004394531e+00 2.913065433502197266e+00 6.117437362670898438e+01 6.117437362670898438e+01 -4.369598388671875000e+00 -1.165226173400878906e+01 8.010930061340332031e+00 -1.456532716751098633e+00 -2.913065433502197266e+00 0.000000000000000000e+00 -1.165226173400878906e+01 8.739196777343750000e+00 -1.820665931701660156e+01 -8.739196777343750000e+00 8.010930061340332031e+00 1.165226173400878906e+01
-6.554397106170654297e+00 2.913065433502197266e+00 7.137010192871093750e+01 7.137010192871093750e+01 -5.097864627838134766e+00 -1.310879421234130859e+01 7.282663345336914062e+00 -7.282663583755493164e-01 -4.369598388671875000e+00 2.184799194335937500e+00 -1.310879421234130859e+01 1.165226173400878906e+01 -2.039145851135253906e+01 -8.739196777343750000e+00 9.467462539672851562e+00 1.383706092834472656e+01
-7.282663345336914062e+00 2.913065433502197266e+00 7.938103485107421875e+01 7.938103485107421875e+01 -7.282663345336914062e+00 -1.456532669067382812e+01 8.010930061340332031e+00 -2.184799194335937500e+00 -5.826130867004394531e+00 5.826130867004394531e+00 -1.456532669067382812e+01 1.675012588500976562e+01 -2.476105690002441406e+01 -1.165226173400878906e+01 1.238052845001220703e+01 1.238052845001220703e+01
-3.641331672668457031e+00 7.282663583755493164e-01 3.204372024536132812e+01 3.204372024536132812e+01 -2.184799194335937500e+00 -1.092399501800537109e+01 2.913065433502197266e+00 -3.641331672668457031e+00 -2.913065433502197266e+00 -5.826130867004394531e+00 -7.282663345336914062e+00 0.000000000000000000e+00 -5.826130867004394531e+00 -8.739196777343750000e+00 2.184799194335937500e+00 5.826130867004394531e+00
-3.641331672668457031e+00 0.000000000000000000e+00 3.859811782836914062e+01 3.859811782836914062e+01 -2.184799194335937500e+00 -1.238052845001220703e+01 2.184799194335937500e+00 -5.097864627838134766e+00 -3.641331672668457031e+00 -5.826130867004394531e+00 -8.010930061340332031e+00 0.000000000000000000e+00 -5.097864627838134766e+00 -1.019572925567626953e+01 2.184799194335937500e+00 5.097864627838134766e+00
-2.913065433502197266e+00 -7.282663583755493164e-01 4.660904693603515625e+01 4.660904693603515625e+01 -3.641331672668457031e+00 -1.383706092834472656e+01 3.641331672668457031e+00 -6.554397106170654297e+00 -5.826130867004394531e+00 -4.369598388671875000e+00 -1.019572925567626953e+01 2.184799194335937500e+00 -6.554397106170654297e+00 -1.165226173400878906e+01 7.282663345336914062e+00 3.641331672668457031e+00
-2.184799194335937500e+00 -1.456532716751098633e+00 5.243517684936523438e+01 5.243517684936523438e+01 -5.097864627838134766e+00 -1.456532669067382812e+01 5.097864627838134766e+00 -5.826130867004394531e+00 -7.282663345336914062e+00 -2.913065433502197266e+00 -1.165226173400878906e+01 4.369598388671875000e+00 -9.467462539672851562e+00 -1.238052845001220703e+01 1.019572925567626953e+01 5.097864627838134766e+00
-2.184799194335937500e+00 -2.913065433502197266e+00 5.826130676269531250e+01 5.898957443237304688e+01 -5.097864627838134766e+00 -1.529359340667724609e+01 5.097864627838134766e+00 -5.826130867004394531e+00 -8.010930061340332031e+00 -2.184799194335937500e+00 -1.238052845001220703e+01 6.554397106170654297e+00 -1.165226173400878906e+01 -1.383706092834472656e+01 1.165226173400878906e+01 5.097864627838134766e+00
-2.184799194335937500e+00 -4.369598388671875000e+00 6.335917282104492188e+01 6.335917282104492188e+01 -6.554397106170654297e+00 -1.675012588500976562e+01 5.097864627838134766e+00 -7.282663345336914062e+00 -8.739196777343750000e+00 7.282663583755493164e-01 -1.310879421234130859e+01 9.467462539672851562e+00 -1.456532669067382812e+01 -1.602186012268066406e+01 1.310879421234130859e+01 3.641331672668457031e+00
-1.456532716751098633e+00 -2.184799194335937500e+00 3.641331863403320312e+01 3.641331863403320312e+01 -1.092399501800537109e+01 -1.456532716751098633e+00 -5.826130867004394531e+00 -1.238052845001220703e+01 0.000000000000000000e+00 -5.826130867004394531e+00 8.739196777343750000e+00 -7.282663583755493164e-01 -9.467462539672851562e+00 8.739196777343750000e+00 0.000000000000000000e+00 -1.383706092834472656e+01
-1.456532716751098633e+00 -2.184799194335937500e+00 4.223944854736328125e+01 4.223944854736328125e+01 -1.165226173400878906e+01 -2.913065433502197266e+00 -5.826130867004394531e+00 -1.456532669067382812e+01 7.282663583755493164e-01 -5.826130867004394531e+00 9.467462539672851562e+00 -7.282663583755493164e-01 -1.092399501800537109e+01 8.739196777343750000e+00 -7.282663583755493164e-01 -1.529359340667724609e+01
-1.456532716751098633e+00 -2.913065433502197266e+00 5.170691299438476562e+01 5.170691299438476562e+01 -1.165226173400878906e+01 -5.826130867004394531e+00 -5.097864627838134766e+00 -1.747839355468750000e+01 1.456532716751098633e+00 -5.826130867004394531e+00 1.019572925567626953e+01 7.282663583755493164e-01 -1.238052845001220703e+01 5.826130867004394531e+00 1.456532716751098633e+00 -1.675012588500976562e+01
-7.282663583755493164e-01 -3.641331672668457031e+00 5.898957443237304688e+01 5.898957443237304688e+01 -1.092399501800537109e+01 -7.282663345336914062e+00 -2.913065433502197266e+00 -1.820665931701660156e+01 3.641331672668457031e+00 -4.369598388671875000e+00 1.238052845001220703e+01 4.369598388671875000e+00 -1.529359340667724609e+01 5.826130867004394531e+00 3.641331672668457031e+00 -1.675012588500976562e+01
7.282663583755493164e-01 -3.641331672668457031e+00 6.772877502441406250e+01 6.772877502441406250e+01 -1.019572925567626953e+01 -8.739196777343750000e+00 -7.282663583755493164e-01 -2.039145851135253906e+01 5.826130867004394531e+00 -2.913065433502197266e+00 1.383706092834472656e+01 8.010930061340332031e+00 -1.675012588500976562e+01 5.826130867004394531e+00 6.554397106170654297e+00 -1.820665931701660156e+01
1.456532716751098633e+00 -3.641331672668457031e+00 7.865276336669921875e+01 7.865276336669921875e+01 -1.165226173400878906e+01 -1.092399501800537109e+01 2.184799194335937500e+00 -2.257625770568847656e+01 6.554397106170654297e+00 7.282663583755493164e-01 1.456532669067382812e+01 1.310879421234130859e+01 -1.893492507934570312e+01 3.641331672668457031e+00 1.310879421234130859e+01 -2.184799003601074219e+01
0.000000000000000000e+00 -1.456532716751098633e+00 4.223944854736328125e+01 4.223944854736328125e+01 -1.019572925567626953e+01 0.000000000000000000e+00 -3.641331672668457031e+00 -1.019572925567626953e+01 2.913065433502197266e+00 -5.826130867004394531e+00 1.092399501800537109e+01 -1.456532716751098633e+00 -1.383706092834472656e+01 1.602186012268066406e+01 7.282663583755493164e-01 -6.554397106170654297e+00
0.000000000000000000e+00 -2.184799194335937500e+00 5.097864532470703125e+01 5.097864532470703125e+01 -1.019572925567626953e+01 -1.456532716751098633e+00 -2.913065433502197266e+00 -1.238052845001220703e+01 5.097864627838134766e+00 -5.097864627838134766e+00 1.310879421234130859e+01 0.000000000000000000e+00 -1.529359340667724609e+01 1.602186012268066406e+01 1.456532716751098633e+00 -8.010930061340332031e+00
7.282663583755493164e-01 -2.913065433502197266e+00 6.117437362670898438e+01 6.117437362670898438e+01 -1.019572925567626953e+01 -4.369598388671875000e+00 -7.282663583755493164e-01 -1.529359340667724609e+01 6.554397106170654297e+00 -4.369598388671875000e+00 1.456532669067382812e+01 2.913065433502197266e+00 -1.747839355468750000e+01 1.310879421234130859e+01 5.097864627838134766e+00 -1.019572925567626953e+01
1.456532716751098633e+00 -4.369598388671875000e+00 6.700050354003906250e+01 6.700050354003906250e+01 -8.739196777343750000e+00 -6.554397106170654297e+00 2.913065433502197266e+00 -1.675012588500976562e+01 9.467462539672851562e+00 -2.913065433502197266e+00 1.747839355468750000e+01 5.826130867004394531e+00 -1.966319084167480469e+01 1.092399501800537109e+01 9.467462539672851562e+00 -1.165226173400878906e+01
2.913065433502197266e+00 -5.097864627838134766e+00 7.209836578369140625e+01 7.209836578369140625e+01 -8.010930061340332031e+00 -8.010930061340332031e+00 6.554397106170654297e+00 -2.039145851135253906e+01 1.238052845001220703e+01 -1.456532716751098633e+00 1.966319084167480469e+01 9.467462539672851562e+00 -2.039145851135253906e+01 8.739196777343750000e+00 1.456532669067382812e+01 -1.675012588500976562e+01
4.369598388671875000e+00 -5.097864627838134766e+00 8.010929870605468750e+01 8.010929870605468750e+01 -7.282663345336914062e+00 -1.092399501800537109e+01 1.019572925567626953e+01 -2.330452346801757812e+01 1.383706092834472656e+01 1.456532716751098633e+00 2.184799003601074219e+01 1.238052845001220703e+01 -2.111972427368164062e+01 5.826130867004394531e+00 1.820665931701660156e+01 -2.111972427368164062e+01
1.019572925567626953e+01 -4.369598388671875000e+00 5.025037765502929688e+01 5.025037765502929688e+01 6.554397106170654297e+00 -8.739196777343750000e+00 1.456532669067382812e+01 -1.383706092834472656e+01 1.602186012268066406e+01 -8.010930061340332031e+00 1.820665931701660156e+01 0.000000000000000000e+00 -4.369598388671875000e+00 7.282663345336914062e+00 1.602186012268066406e+01 -5.826130867004394531e+00
1.165226173400878906e+01 -5.097864627838134766e+00 5.607651138305664062e+01 5.607651138305664062e+01 7.282663345336914062e+00 -9.467462539672851562e+00 1.602186012268066406e+01 -1.529359340667724609e+01 1.747839355468750000e+01 -7.282663345336914062e+00 2.039145851135253906e+01 1.456532716751098633e+00 -5.097864627838134766e+00 6.554397106170654297e+00 1.747839355468750000e+01 -6.554397106170654297e+00
1.238052845001220703e+01 -5.826130867004394531e+00 6.335917282104492188e+01 6.335917282104492188e+01 7.282663345336914062e+00 -1.092399501800537109e+01 1.820665931701660156e+01 -1.675012588500976562e+01 1.893492507934570312e+01 -5.097864627838134766e+00 2.111972427368164062e+01 3.641331672668457031e+00 -5.826130867004394531e+00 5.097864627838134766e+00 2.039145851135253906e+01 -8.739196777343750000e+00
1.238052845001220703e+01 -7.282663345336914062e+00 6.991357421875000000e+01 6.991357421875000000e+01 7.282663345336914062e+00 -1.238052845001220703e+01 1.966319084167480469e+01 -1.893492507934570312e+01 1.966319084167480469e+01 -3.641331672668457031e+00 2.111972427368164062e+01 5.826130867004394531e+00 -7.282663345336914062e+00 2.184799194335937500e+00 2.184799003601074219e+01 -1.092399501800537109e+01
1.238052845001220703e+01 -7.282663345336914062e+00 7.573970031738281250e+01 7.573970031738281250e+01 5.826130867004394531e+00 -1.456532669067382812e+01 2.039145851135253906e+01 -2.111972427368164062e+01 1.966319084167480469e+01 -2.913065433502197266e+00 2.184799003601074219e+01 8.739196777343750000e+00 -1.019572925567626953e+01 -7.282663583755493164e-01 2.403278923034667969e+01 -1.383706092834472656e+01
1.092399501800537109e+01 -6.554397106170654297e+00 7.938103485107421875e+01 7.938103485107421875e+01 4.369598388671875000e+00 -1.529359340667724609e+01 2.111972427368164062e+01 -2.257625770568847656e+01 2.039145851135253906e+01 -2.184799194335937500e+00 2.257625770568847656e+01 1.019572925567626953e+01 -1.310879421234130859e+01 -2.184799194335937500e+00 2.403278923034667969e+01 -1.675012588500976562e+01
8.739196777343750000e+00 -5.097864627838134766e+00 4.296771621704101562e+01 4.296771621704101562e+01 -7.282663583755493164e-01 -1.529359340667724609e+01 1.820665931701660156e+01 -1.602186012268066406e+01 9.467462539672851562e+00 -7.282663345336914062e+00 1.019572925567626953e+01 2.913065433502197266e+00 -1.092399501800537109e+01 -8.739196777343750000e+00 2.767412185668945312e+01 -1.092399501800537109e+01
8.739196777343750000e+00 -5.097864627838134766e+00 4.296771621704101562e+01 4.296771621704101562e+01 -7.282663583755493164e-01 -1.529359340667724609e+01 1.820665931701660156e+01 -1.602186012268066406e+01 9.467462539672851562e+00 -7.282663345336914062e+00 1.019572925567626953e+01 2.913065433502197266e+00 -1.092399501800537109e+01 -8.739196777343750000e+00 2.767412185668945312e+01 -1.092399501800537109e+01
8.739196777343750000e+00 -5.097864627838134766e+00 4.733731460571289062e+01 4.733731460571289062e+01 -7.282663583755493164e-01 -1.529359340667724609e+01 1.893492507934570312e+01 -1.675012588500976562e+01 9.467462539672851562e+00 -5.826130867004394531e+00 1.019572925567626953e+01 3.641331672668457031e+00 -1.165226173400878906e+01 -9.467462539672851562e+00 2.840238761901855469e+01 -1.092399501800537109e+01
8.739196777343750000e+00 -5.097864627838134766e+00 5.389171218872070312e+01 5.389171218872070312e+01 -1.456532716751098633e+00 -1.529359340667724609e+01 1.966319084167480469e+01 -1.675012588500976562e+01 8.739196777343750000e+00 -4.369598388671875000e+00 9.467462539672851562e+00 5.826130867004394531e+00 -1.310879421234130859e+01 -1.019572925567626953e+01 2.985892105102539062e+01 -1.238052845001220703e+01
8.739196777343750000e+00 -4.369598388671875000e+00 6.335917282104492188e+01 6.335917282104492188e+01 -2.184799194335937500e+00 -1.529359340667724609e+01 1.966319084167480469e+01 -1.675012588500976562e+01 8.739196777343750000e+00 -2.184799194335937500e+00 9.467462539672851562e+00 9.467462539672851562e+00 -1.383706092834472656e+01 -1.092399501800537109e+01 3.058718681335449219e+01 -1.238052845001220703e+01
8.739196777343750000e+00 -2.184799194335937500e+00 7.355490112304687500e+01 7.355490112304687500e+01 -2.913065433502197266e+00 -1.529359340667724609e+01 2.039145851135253906e+01 -1.675012588500976562e+01 8.739196777343750000e+00 -7.282663583755493164e-01 9.467462539672851562e+00 1.310879421234130859e+01 -1.602186012268066406e+01 -1.019572925567626953e+01 3.204372024536132812e+01 -1.238052845001220703e+01
-6.554397106170654297e+00 -4.369598388671875000e+00 4.296771621704101562e+01 4.296771621704101562e+01 -1.602186012268066406e+01 -1.529359340667724609e+01 3.641331672668457031e+00 -1.602186012268066406e+01 -5.826130867004394531e+00 -7.282663345336914062e+00 -5.097864627838134766e+00 2.913065433502197266e+00 -2.621758842468261719e+01 -9.467462539672851562e+00 1.310879421234130859e+01 -1.019572925567626953e+01
-6.554397106170654297e+00 -4.369598388671875000e+00 4.296771621704101562e+01 4.296771621704101562e+01 -1.529359340667724609e+01 -1.529359340667724609e+01 3.641331672668457031e+00 -1.602186012268066406e+01 -5.097864627838134766e+00 -7.282663345336914062e+00 -5.826130867004394531e+00 2.913065433502197266e+00 -2.621758842468261719e+01 -9.467462539672851562e+00 1.310879421234130859e+01 -1.019572925567626953e+01
-6.554397106170654297e+00 -5.097864627838134766e+00 4.879384613037109375e+01 4.879384613037109375e+01 -1.602186012268066406e+01 -1.602186012268066406e+01 3.641331672668457031e+00 -1.602186012268066406e+01 -5.097864627838134766e+00 -5.826130867004394531e+00 -5.826130867004394531e+00 3.641331672668457031e+00 -2.694585609436035156e+01 -1.019572925567626953e+01 1.383706092834472656e+01 -1.019572925567626953e+01
-6.554397106170654297e+00 -5.097864627838134766e+00 5.461997604370117188e+01 5.461997604370117188e+01 -1.675012588500976562e+01 -1.675012588500976562e+01 4.369598388671875000e+00 -1.675012588500976562e+01 -5.097864627838134766e+00 -4.369598388671875000e+00 -5.826130867004394531e+00 5.826130867004394531e+00 -2.840238761901855469e+01 -1.165226173400878906e+01 1.456532669067382812e+01 -1.165226173400878906e+01
-5.826130867004394531e+00 -4.369598388671875000e+00 6.481570434570312500e+01 6.481570434570312500e+01 -1.675012588500976562e+01 -1.747839355468750000e+01 5.097864627838134766e+00 -1.747839355468750000e+01 -6.554397106170654297e+00 -2.184799194335937500e+00 -6.554397106170654297e+00 1.019572925567626953e+01 -2.840238761901855469e+01 -1.310879421234130859e+01 1.602186012268066406e+01 -1.310879421234130859e+01
-4.369598388671875000e+00 -3.641331672668457031e+00 7.792449951171875000e+01 7.792449951171875000e+01 -1.747839355468750000e+01 -1.893492507934570312e+01 5.826130867004394531e+00 -1.966319084167480469e+01 -6.554397106170654297e+00 0.000000000000000000e+00 -6.554397106170654297e+00 1.529359340667724609e+01 -2.985892105102539062e+01 -1.310879421234130859e+01 1.675012588500976562e+01 -1.383706092834472656e+01
-1.019572925567626953e+01 -4.369598388671875000e+00 5.461997604370117188e+01 5.461997604370117188e+01 -1.747839355468750000e+01 -1.893492507934570312e+01 -1.456532716751098633e+00 -1.529359340667724609e+01 -1.456532669067382812e+01 -8.739196777343750000e+00 -1.675012588500976562e+01 2.913065433502197266e+00 -2.476105690002441406e+01 -1.019572925567626953e+01 9.467462539672851562e+00 -2.184799194335937500e+00
-1.092399501800537109e+01 -5.097864627838134766e+00 5.680477523803710938e+01 5.680477523803710938e+01 -1.820665931701660156e+01 -1.966319084167480469e+01 -2.184799194335937500e+00 -1.602186012268066406e+01 -1.602186012268066406e+01 -8.739196777343750000e+00 -1.893492507934570312e+01 2.913065433502197266e+00 -2.548932266235351562e+01 -1.092399501800537109e+01 9.467462539672851562e+00 -2.184799194335937500e+00
-1.092399501800537109e+01 -5.097864627838134766e+00 6.263090515136718750e+01 6.263090515136718750e+01 -1.893492507934570312e+01 -2.039145851135253906e+01 -2.184799194335937500e+00 -1.675012588500976562e+01 -1.675012588500976562e+01 -8.010930061340332031e+00 -2.111972427368164062e+01 3.641331672668457031e+00 -2.694585609436035156e+01 -1.092399501800537109e+01 9.467462539672851562e+00 -1.456532716751098633e+00
-1.165226173400878906e+01 -5.826130867004394531e+00 6.991357421875000000e+01 6.991357421875000000e+01 -1.966319084167480469e+01 -2.184799003601074219e+01 -2.184799194335937500e+00 -1.675012588500976562e+01 -1.747839355468750000e+01 -7.282663345336914062e+00 -2.257625770568847656e+01 4.369598388671875000e+00 -2.913065338134765625e+01 -1.165226173400878906e+01 1.019572925567626953e+01 -1.456532716751098633e+00
-1.238052845001220703e+01 -5.826130867004394531e+00 7.865276336669921875e+01 7.865276336669921875e+01 -2.111972427368164062e+01 -2.257625770568847656e+01 -2.913065433502197266e+00 -1.675012588500976562e+01 -1.893492507934570312e+01 -5.826130867004394531e+00 -2.476105690002441406e+01 5.097864627838134766e+00 -3.204372024536132812e+01 -1.383706092834472656e+01 1.019572925567626953e+01 -7.282663583755493164e-01
-1.310879421234130859e+01 -5.826130867004394531e+00 8.593543243408203125e+01 8.593543243408203125e+01 -2.330452346801757812e+01 -2.403278923034667969e+01 -3.641331672668457031e+00 -1.602186012268066406e+01 -2.111972427368164062e+01 -4.369598388671875000e+00 -2.694585609436035156e+01 7.282663345336914062e+00 -3.350025177001953125e+01 -1.529359340667724609e+01 1.019572925567626953e+01 0.000000000000000000e+00
-3.641331672668457031e+00 -7.282663583755493164e-01 3.932638168334960938e+01 3.932638168334960938e+01 -2.184799194335937500e+00 -1.456532669067382812e+01 1.019572925567626953e+01 -5.826130867004394531e+00 0.000000000000000000e+00 -6.554397106170654297e+00 -7.282663345336914062e+00 1.456532716751098633e+00 -1.238052845001220703e+01 -1.019572925567626953e+01 1.165226173400878906e+01 6.554397106170654297e+00
-3.641331672668457031e+00 -7.282663583755493164e-01 4.442424774169921875e+01 4.442424774169921875e+01 -2.184799194335937500e+00 -1.675012588500976562e+01 9.467462539672851562e+00 -6.554397106170654297e+00 -7.282663583755493164e-01 -8.010930061340332031e+00 -8.739196777343750000e+00 1.456532716751098633e+00 -1.238052845001220703e+01 -1.165226173400878906e+01 1.165226173400878906e+01 7.282663345336914062e+00
-4.369598388671875000e+00 -1.456532716751098633e+00 5.316344451904296875e+01 5.316344451904296875e+01 -3.641331672668457031e+00 -1.966319084167480469e+01 1.019572925567626953e+01 -8.739196777343750000e+00 -2.184799194335937500e+00 -8.739196777343750000e+00 -1.165226173400878906e+01 2.184799194335937500e+00 -1.456532669067382812e+01 -1.456532669067382812e+01 1.383706092834472656e+01 5.826130867004394531e+00
-5.097864627838134766e+00 -1.456532716751098633e+00 6.190264129638671875e+01 6.190264129638671875e+01 -5.097864627838134766e+00 -2.039145851135253906e+01 1.165226173400878906e+01 -8.739196777343750000e+00 -2.913065433502197266e+00 -7.282663345336914062e+00 -1.238052845001220703e+01 4.369598388671875000e+00 -1.820665931701660156e+01 -1.602186012268066406e+01 1.820665931701660156e+01 8.010930061340332031e+00
-5.097864627838134766e+00 -2.184799194335937500e+00 7.209836578369140625e+01 7.209836578369140625e+01 -5.826130867004394531e+00 -2.184799003601074219e+01 1.165226173400878906e+01 -8.010930061340332031e+00 -3.641331672668457031e+00 -5.826130867004394531e+00 -1.310879421234130859e+01 7.282663345336914062e+00 -1.966319084167480469e+01 -1.675012588500976562e+01 1.966319084167480469e+01 9.467462539672851562e+00
-4.369598388671875000e+00 -2.184799194335937500e+00 8.229409790039062500e+01 8.229409790039062500e+01 -7.282663345336914062e+00 -2.330452346801757812e+01 1.165226173400878906e+01 -9.467462539672851562e+00 -5.826130867004394531e+00 -2.913065433502197266e+00 -1.529359340667724609e+01 1.165226173400878906e+01 -2.184799003601074219e+01 -2.039145851135253906e+01 2.184799003601074219e+01 7.282663345336914062e+00
-2.184799194335937500e+00 -2.184799194335937500e+00 3.350025177001953125e+01 3.350025177001953125e+01 -2.913065433502197266e+00 -1.383706092834472656e+01 5.097864627838134766e+00 -7.282663345336914062e+00 -4.369598388671875000e+00 -8.739196777343750000e+00 -7.282663345336914062e+00 -1.456532716751098633e+00 -5.826130867004394531e+00 -9.467462539672851562e+00 9.467462539672851562e+00 4.369598388671875000e+00
-1.456532716751098633e+00 -2.913065433502197266e+00 3.932638168334960938e+01 3.932638168334960938e+01 -3.641331672668457031e+00 -1.675012588500976562e+01 5.097864627838134766e+00 -9.467462539672851562e+00 -5.097864627838134766e+00 -1.019572925567626953e+01 -8.010930061340332031e+00 -2.184799194335937500e+00 -5.097864627838134766e+00 -1.165226173400878906e+01 1.019572925567626953e+01 2.913065433502197266e+00
-1.456532716751098633e+00 -3.641331672668457031e+00 4.660904693603515625e+01 4.660904693603515625e+01 -4.369598388671875000e+00 -1.893492507934570312e+01 5.826130867004394531e+00 -1.238052845001220703e+01 -6.554397106170654297e+00 -1.092399501800537109e+01 -1.019572925567626953e+01 -1.456532716751098633e+00 -6.554397106170654297e+00 -1.383706092834472656e+01 1.383706092834472656e+01 1.456532716751098633e+00
-7.282663583755493164e-01 -4.369598388671875000e+00 5.243517684936523438e+01 5.243517684936523438e+01 -5.097864627838134766e+00 -1.966319084167480469e+01 6.554397106170654297e+00 -1.238052845001220703e+01 -7.282663345336914062e+00 -1.092399501800537109e+01 -1.092399501800537109e+01 -7.282663583755493164e-01 -8.739196777343750000e+00 -1.456532669067382812e+01 1.529359340667724609e+01 2.913065433502197266e+00
-1.456532716751098633e+00 -5.097864627838134766e+00 5.753304290771484375e+01 5.826130676269531250e+01 -5.097864627838134766e+00 -2.111972427368164062e+01 6.554397106170654297e+00 -1.165226173400878906e+01 -8.010930061340332031e+00 -1.019572925567626953e+01 -1.165226173400878906e+01 7.282663583755493164e-01 -1.092399501800537109e+01 -1.602186012268066406e+01 1.529359340667724609e+01 3.641331672668457031e+00
-2.184799194335937500e+00 -5.826130867004394531e+00 6.335917282104492188e+01 6.335917282104492188e+01 -5.826130867004394531e+00 -2.257625770568847656e+01 7.282663345336914062e+00 -1.238052845001220703e+01 -8.739196777343750000e+00 -8.010930061340332031e+00 -1.310879421234130859e+01 2.913065433502197266e+00 -1.383706092834472656e+01 -1.820665931701660156e+01 1.602186012268066406e+01 2.913065433502197266e+00
-2.913065433502197266e+00 -4.369598388671875000e+00 4.005464935302734375e+01 4.005464935302734375e+01 -1.019572925567626953e+01 -3.641331672668457031e+00 -7.282663345336914062e+00 -1.456532669067382812e+01 -1.456532716751098633e+00 -9.467462539672851562e+00 5.826130867004394531e+00 -5.097864627838134766e+00 -8.010930061340332031e+00 6.554397106170654297e+00 -3.641331672668457031e+00 -1.456532669067382812e+01
-2.913065433502197266e+00 -5.097864627838134766e+00 4.733731460571289062e+01 4.733731460571289062e+01 -1.019572925567626953e+01 -5.826130867004394531e+00 -7.282663345336914062e+00 -1.675012588500976562e+01 -7.282663583755493164e-01 -9.467462539672851562e+00 7.282663345336914062e+00 -4.369598388671875000e+00 -8.739196777343750000e+00 5.826130867004394531e+00 -2.913065433502197266e+00 -1.602186012268066406e+01
-2.184799194335937500e+00 -5.826130867004394531e+00 5.826130676269531250e+01 5.826130676269531250e+01 -1.019572925567626953e+01 -1.019572925567626953e+01 -5.097864627838134766e+00 -1.966319084167480469e+01 0.000000000000000000e+00 -9.467462539672851562e+00 7.282663345336914062e+00 -2.184799194335937500e+00 -1.092399501800537109e+01 2.184799194335937500e+00 0.000000000000000000e+00 -1.820665931701660156e+01
-1.456532716751098633e+00 -6.554397106170654297e+00 6.700050354003906250e+01 6.700050354003906250e+01 -8.739196777343750000e+00 -1.092399501800537109e+01 -2.184799194335937500e+00 -2.039145851135253906e+01 2.913065433502197266e+00 -8.010930061340332031e+00 8.739196777343750000e+00 1.456532716751098633e+00 -1.383706092834472656e+01 7.282663583755493164e-01 3.641331672668457031e+00 -1.747839355468750000e+01
0.000000000000000000e+00 -6.554397106170654297e+00 7.646796417236328125e+01 7.646796417236328125e+01 -8.010930061340332031e+00 -1.383706092834472656e+01 7.282663583755493164e-01 -2.330452346801757812e+01 5.097864627838134766e+00 -5.826130867004394531e+00 1.019572925567626953e+01 5.826130867004394531e+00 -1.675012588500976562e+01 -7.282663583755493164e-01 8.010930061340332031e+00 -1.966319084167480469e+01
1.456532716751098633e+00 -6.554397106170654297e+00 8.739196014404296875e+01 8.739196014404296875e+01 -9.467462539672851562e+00 -1.747839355468750000e+01 4.369598388671875000e+00 -2.548932266235351562e+01 5.826130867004394531e+00 -1.456532716751098633e+00 1.092399501800537109e+01 1.238052845001220703e+01 -2.039145851135253906e+01 -3.641331672668457031e+00 1.602186012268066406e+01 -2.257625770568847656e+01
-7.282663583755493164e-01 -5.097864627838134766e+00 4.223944854736328125e+01 4.223944854736328125e+01 -8.010930061340332031e+00 -7.282663345336914062e+00 -2.184799194335937500e+00 -1.675012588500976562e+01 4.369598388671875000e+00 -1.165226173400878906e+01 9.467462539672851562e+00 -5.097864627838134766e+00 -1.383706092834472656e+01 8.010930061340332031e+00 -7.282663583755493164e-01 -1.165226173400878906e+01
-7.282663583755493164e-01 -5.097864627838134766e+00 5.170691299438476562e+01 5.170691299438476562e+01 -7.282663345336914062e+00 -8.739196777343750000e+00 -7.282663583755493164e-01 -1.893492507934570312e+01 6.554397106170654297e+00 -1.165226173400878906e+01 1.165226173400878906e+01 -3.641331672668457031e+00 -1.529359340667724609e+01 7.282663345336914062e+00 0.000000000000000000e+00 -1.238052845001220703e+01
0.000000000000000000e+00 -5.826130867004394531e+00 6.263090515136718750e+01 6.263090515136718750e+01 -7.282663345336914062e+00 -1.238052845001220703e+01 2.184799194335937500e+00 -2.111972427368164062e+01 8.010930061340332031e+00 -1.019572925567626953e+01 1.238052845001220703e+01 0.000000000000000000e+00 -1.820665931701660156e+01 3.641331672668457031e+00 3.641331672668457031e+00 -1.456532669067382812e+01
7.282663583755493164e-01 -5.826130867004394531e+00 6.845703887939453125e+01 6.845703887939453125e+01 -6.554397106170654297e+00 -1.383706092834472656e+01 6.554397106170654297e+00 -2.257625770568847656e+01 1.092399501800537109e+01 -8.739196777343750000e+00 1.456532669067382812e+01 4.369598388671875000e+00 -2.257625770568847656e+01 1.456532716751098633e+00 8.010930061340332031e+00 -1.456532669067382812e+01
2.184799194335937500e+00 -5.826130867004394531e+00 7.501143646240234375e+01 7.501143646240234375e+01 -6.554397106170654297e+00 -1.602186012268066406e+01 1.019572925567626953e+01 -2.548932266235351562e+01 1.310879421234130859e+01 -7.282663345336914062e+00 1.747839355468750000e+01 8.010930061340332031e+00 -2.621758842468261719e+01 -1.456532716751098633e+00 1.310879421234130859e+01 -1.893492507934570312e+01
3.641331672668457031e+00 -6.554397106170654297e+00 8.375063323974609375e+01 8.375063323974609375e+01 -7.282663345336914062e+00 -1.820665931701660156e+01 1.310879421234130859e+01 -2.767412185668945312e+01 1.456532669067382812e+01 -3.641331672668457031e+00 1.966319084167480469e+01 1.238052845001220703e+01 -2.767412185668945312e+01 -4.369598388671875000e+00 1.820665931701660156e+01 -2.330452346801757812e+01
-7.282663583755493164e-01 -7.282663345336914062e+00 5.971784210205078125e+01 5.971784210205078125e+01 -1.019572925567626953e+01 -6.554397106170654297e+00 -4.369598388671875000e+00 -1.456532669067382812e+01 1.456532716751098633e+00 -1.238052845001220703e+01 8.739196777343750000e+00 -7.282663345336914062e+00 -1.747839355468750000e+01 1.019572925567626953e+01 -2.184799194335937500e+00 -8.739196777343750000e+00
0.000000000000000000e+00 -8.739196777343750000e+00 6.845703887939453125e+01 6.845703887939453125e+01 -1.092399501800537109e+01 -8.739196777343750000e+00 -2.184799194335937500e+00 -1.675012588500976562e+01 3.641331672668457031e+00 -1.238052845001220703e+01 1.092399501800537109e+01 -5.826130867004394531e+00 -1.966319084167480469e+01 1.019572925567626953e+01 0.000000000000000000e+00 -9.467462539672851562e+00
2.184799194335937500e+00 -9.467462539672851562e+00 8.010929870605468750e+01 8.010929870605468750e+01 -9.467462539672851562e+00 -1.238052845001220703e+01 1.456532716751098633e+00 -1.966319084167480469e+01 5.097864627838134766e+00 -1.165226173400878906e+01 1.238052845001220703e+01 -2.913065433502197266e+00 -2.111972427368164062e+01 7.282663345336914062e+00 4.369598388671875000e+00 -1.165226173400878906e+01
3.641331672668457031e+00 -1.019572925567626953e+01 8.812023162841796875e+01 8.812023162841796875e+01 -8.010930061340332031e+00 -1.529359340667724609e+01 5.097864627838134766e+00 -2.330452346801757812e+01 8.010930061340332031e+00 -1.092399501800537109e+01 1.529359340667724609e+01 7.282663583755493164e-01 -2.184799003601074219e+01 2.913065433502197266e+00 9.467462539672851562e+00 -1.529359340667724609e+01
4.369598388671875000e+00 -1.092399501800537109e+01 9.321809387207031250e+01 9.321809387207031250e+01 -8.010930061340332031e+00 -1.966319084167480469e+01 8.739196777343750000e+00 -2.840238761901855469e+01 8.739196777343750000e+00 -1.238052845001220703e+01 1.602186012268066406e+01 3.641331672668457031e+00 -2.330452346801757812e+01 -2.184799194335937500e+00 1.456532669067382812e+01 -2.111972427368164062e+01
4.369598388671875000e+00 -1.019572925567626953e+01 1.005007553100585938e+02 1.005007553100585938e+02 -9.467462539672851562e+00 -2.330452346801757812e+01 1.165226173400878906e+01 -3.131545257568359375e+01 8.739196777343750000e+00 -1.165226173400878906e+01 1.747839355468750000e+01 7.282663345336914062e+00 -2.621758842468261719e+01 -5.097864627838134766e+00 2.039145851135253906e+01 -2.476105690002441406e+01
4.369598388671875000e+00 -1.310879421234130859e+01 5.243517684936523438e+01 5.243517684936523438e+01 -2.184799194335937500e+00 -2.476105690002441406e+01 1.238052845001220703e+01 -2.621758842468261719e+01 8.739196777343750000e+00 -2.184799003601074219e+01 9.467462539672851562e+00 -1.019572925567626953e+01 -1.675012588500976562e+01 -1.310879421234130859e+01 1.456532669067382812e+01 -1.602186012268066406e+01
5.826130867004394531e+00 -1.456532669067382812e+01 5.826130676269531250e+01 5.826130676269531250e+01 -2.184799194335937500e+00 -2.621758842468261719e+01 1.383706092834472656e+01 -2.840238761901855469e+01 1.019572925567626953e+01 -2.257625770568847656e+01 1.092399501800537109e+01 -1.092399501800537109e+01 -1.675012588500976562e+01 -1.456532669067382812e+01 1.675012588500976562e+01 -1.747839355468750000e+01
7.282663345336914062e+00 -1.456532669067382812e+01 6.772877502441406250e+01 6.772877502441406250e+01 -2.184799194335937500e+00 -2.694585609436035156e+01 1.456532669067382812e+01 -2.985892105102539062e+01 1.092399501800537109e+01 -2.184799003601074219e+01 1.238052845001220703e+01 -8.739196777343750000e+00 -1.747839355468750000e+01 -1.456532669067382812e+01 1.966319084167480469e+01 -1.893492507934570312e+01
8.010930061340332031e+00 -1.529359340667724609e+01 7.573970031738281250e+01 7.573970031738281250e+01 -2.913065433502197266e+00 -2.913065338134765625e+01 1.456532669067382812e+01 -3.204372024536132812e+01 1.165226173400878906e+01 -2.184799003601074219e+01 1.383706092834472656e+01 -7.282663345336914062e+00 -1.820665931701660156e+01 -1.675012588500976562e+01 2.111972427368164062e+01 -2.111972427368164062e+01
6.554397106170654297e+00 -1.529359340667724609e+01 8.447889709472656250e+01 8.520716094970703125e+01 -4.369598388671875000e+00 -3.058718681335449219e+01 1.383706092834472656e+01 -3.422851943969726562e+01 1.238052845001220703e+01 -2.330452346801757812e+01 1.456532669067382812e+01 -5.826130867004394531e+00 -1.893492507934570312e+01 -1.747839355468750000e+01 1.966319084167480469e+01 -2.403278923034667969e+01
5.097864627838134766e+00 -1.456532669067382812e+01 9.176155853271484375e+01 9.103329467773437500e+01 -7.282663345336914062e+00 -3.131545257568359375e+01 1.238052845001220703e+01 -3.641331863403320312e+01 1.092399501800537109e+01 -2.330452346801757812e+01 1.383706092834472656e+01 -4.369598388671875000e+00 -2.257625770568847656e+01 -1.820665931701660156e+01 1.820665931701660156e+01 -2.840238761901855469e+01
-3.641331672668457031e+00 -1.383706092834472656e+01 4.733731460571289062e+01 4.733731460571289062e+01 -1.165226173400878906e+01 -2.913065338134765625e+01 5.097864627838134766e+00 -2.621758842468261719e+01 -2.913065433502197266e+00 -2.184799003601074219e+01 -3.641331672668457031e+00 -8.739196777343750000e+00 -2.184799003601074219e+01 -2.111972427368164062e+01 1.383706092834472656e+01 -1.602186012268066406e+01
-3.641331672668457031e+00 -1.456532669067382812e+01 4.952211380004882812e+01 4.952211380004882812e+01 -1.092399501800537109e+01 -3.058718681335449219e+01 5.826130867004394531e+00 -2.767412185668945312e+01 -2.184799194335937500e+00 -2.184799003601074219e+01 -3.641331672668457031e+00 -9.467462539672851562e+00 -2.184799003601074219e+01 -2.330452346801757812e+01 1.310879421234130859e+01 -1.747839355468750000e+01
-4.369598388671875000e+00 -1.529359340667724609e+01 5.607651138305664062e+01 5.607651138305664062e+01 -1.165226173400878906e+01 -3.058718681335449219e+01 5.097864627838134766e+00 -2.840238761901855469e+01 -2.184799194335937500e+00 -2.111972427368164062e+01 -3.641331672668457031e+00 -8.739196777343750000e+00 -2.257625770568847656e+01 -2.403278923034667969e+01 1.310879421234130859e+01 -1.893492507934570312e+01
-5.097864627838134766e+00 -1.602186012268066406e+01 6.263090515136718750e+01 6.263090515136718750e+01 -1.238052845001220703e+01 -3.131545257568359375e+01 5.097864627838134766e+00 -2.913065338134765625e+01 -2.184799194335937500e+00 -2.039145851135253906e+01 -2.913065433502197266e+00 -6.554397106170654297e+00 -2.403278923034667969e+01 -2.476105690002441406e+01 1.383706092834472656e+01 -1.966319084167480469e+01
-5.826130867004394531e+00 -1.675012588500976562e+01 7.355490112304687500e+01 7.355490112304687500e+01 -1.383706092834472656e+01 -3.204372024536132812e+01 4.369598388671875000e+00 -3.058718681335449219e+01 -2.913065433502197266e+00 -1.820665931701660156e+01 -2.913065433502197266e+00 -4.369598388671875000e+00 -2.476105690002441406e+01 -2.403278923034667969e+01 1.310879421234130859e+01 -2.184799003601074219e+01
-5.826130867004394531e+00 -1.529359340667724609e+01 8.302236175537109375e+01 8.229409790039062500e+01 -1.602186012268066406e+01 -3.277198791503906250e+01 4.369598388671875000e+00 -3.204372024536132812e+01 -3.641331672668457031e+00 -1.675012588500976562e+01 -2.913065433502197266e+00 -7.282663583755493164e-01 -2.694585609436035156e+01 -2.403278923034667969e+01 1.456532669067382812e+01 -2.403278923034667969e+01
-2.913065433502197266e+00 -5.826130867004394531e+00 5.461997604370117188e+01 5.461997604370117188e+01 -5.097864627838134766e+00 -1.675012588500976562e+01 2.913065433502197266e+00 -1.165226173400878906e+01 -7.282663345336914062e+00 -1.383706092834472656e+01 -9.467462539672851562e+00 -5.097864627838134766e+00 -5.826130867004394531e+00 -5.826130867004394531e+00 1.310879421234130859e+01 2.913065433502197266e+00
-3.641331672668457031e+00 -6.554397106170654297e+00 6.117437362670898438e+01 6.117437362670898438e+01 -5.826130867004394531e+00 -1.893492507934570312e+01 2.913065433502197266e+00 -1.310879421234130859e+01 -8.010930061340332031e+00 -1.456532669067382812e+01 -1.165226173400878906e+01 -5.826130867004394531e+00 -7.282663345336914062e+00 -8.739196777343750000e+00 1.383706092834472656e+01 2.913065433502197266e+00
-5.097864627838134766e+00 -7.282663345336914062e+00 7.428316497802734375e+01 7.428316497802734375e+01 -8.010930061340332031e+00 -2.257625770568847656e+01 4.369598388671875000e+00 -1.529359340667724609e+01 -9.467462539672851562e+00 -1.602186012268066406e+01 -1.383706092834472656e+01 -4.369598388671875000e+00 -1.238052845001220703e+01 -1.165226173400878906e+01 1.747839355468750000e+01 2.913065433502197266e+00
-7.282663345336914062e+00 -7.282663345336914062e+00 8.593543243408203125e+01 8.593543243408203125e+01 -1.019572925567626953e+01 -2.403278923034667969e+01 4.369598388671875000e+00 -1.675012588500976562e+01 -1.019572925567626953e+01 -1.529359340667724609e+01 -1.456532669067382812e+01 -2.184799194335937500e+00 -1.602186012268066406e+01 -1.165226173400878906e+01 1.820665931701660156e+01 4.369598388671875000e+00
-9.467462539672851562e+00 -8.010930061340332031e+00 1.012290267944335938e+02 1.012290267944335938e+02 -1.310879421234130859e+01 -2.548932266235351562e+01 2.913065433502197266e+00 -1.747839355468750000e+01 -1.165226173400878906e+01 -1.310879421234130859e+01 -1.675012588500976562e+01 0.000000000000000000e+00 -1.966319084167480469e+01 -1.165226173400878906e+01 1.675012588500976562e+01 5.097864627838134766e+00
-1.165226173400878906e+01 -7.282663345336914062e+00 1.128812866210937500e+02 1.128812866210937500e+02 -1.675012588500976562e+01 -2.621758842468261719e+01 1.456532716751098633e+00 -1.820665931701660156e+01 -1.529359340667724609e+01 -1.165226173400878906e+01 -2.039145851135253906e+01 3.641331672668457031e+00 -2.330452346801757812e+01 -1.238052845001220703e+01 1.747839355468750000e+01 5.097864627838134766e+00
-3.641331672668457031e+00 7.282663583755493164e-01 3.350025177001953125e+01 3.350025177001953125e+01 -5.826130867004394531e+00 -9.467462539672851562e+00 2.913065433502197266e+00 -4.369598388671875000e+00 -3.641331672668457031e+00 -5.826130867004394531e+00 -5.826130867004394531e+00 1.456532716751098633e+00 -8.739196777343750000e+00 -2.913065433502197266e+00 9.467462539672851562e+00 5.097864627838134766e+00
-4.369598388671875000e+00 1.456532716751098633e+00 3.859811782836914062e+01 3.859811782836914062e+01 -5.826130867004394531e+00 -1.092399501800537109e+01 2.913065433502197266e+00 -5.826130867004394531e+00 -3.641331672668457031e+00 -5.826130867004394531e+00 -6.554397106170654297e+00 1.456532716751098633e+00 -9.467462539672851562e+00 -3.641331672668457031e+00 1.019572925567626953e+01 5.826130867004394531e+00
-5.097864627838134766e+00 1.456532716751098633e+00 4.952211380004882812e+01 4.952211380004882812e+01 -7.282663345336914062e+00 -1.456532669067382812e+01 5.097864627838134766e+00 -8.739196777343750000e+00 -5.097864627838134766e+00 -5.826130867004394531e+00 -8.739196777343750000e+00 4.369598388671875000e+00 -1.310879421234130859e+01 -6.554397106170654297e+00 1.456532669067382812e+01 4.369598388671875000e+00
-5.097864627838134766e+00 7.282663583755493164e-01 5.971784210205078125e+01 5.971784210205078125e+01 -8.739196777343750000e+00 -1.602186012268066406e+01 8.010930061340332031e+00 -8.739196777343750000e+00 -4.369598388671875000e+00 -2.913065433502197266e+00 -8.739196777343750000e+00 8.739196777343750000e+00 -1.747839355468750000e+01 -8.010930061340332031e+00 2.039145851135253906e+01 5.097864627838134766e+00
-4.369598388671875000e+00 0.000000000000000000e+00 6.991357421875000000e+01 7.064183807373046875e+01 -9.467462539672851562e+00 -1.675012588500976562e+01 9.467462539672851562e+00 -1.019572925567626953e+01 -4.369598388671875000e+00 -7.282663583755493164e-01 -8.739196777343750000e+00 1.238052845001220703e+01 -2.039145851135253906e+01 -9.467462539672851562e+00 2.330452346801757812e+01 4.369598388671875000e+00
-2.913065433502197266e+00 -1.456532716751098633e+00 8.156583404541015625e+01 8.156583404541015625e+01 -1.019572925567626953e+01 -1.820665931701660156e+01 1.165226173400878906e+01 -1.165226173400878906e+01 -4.369598388671875000e+00 3.641331672668457031e+00 -8.010930061340332031e+00 1.747839355468750000e+01 -2.257625770568847656e+01 -1.238052845001220703e+01 2.621758842468261719e+01 7.282663583755493164e-01
1.456532716751098633e+00 -2.184799194335937500e+00 4.005464935302734375e+01 4.005464935302734375e+01 -7.282663583755493164e-01 -1.383706092834472656e+01 8.010930061340332031e+00 -5.097864627838134766e+00 -3.641331672668457031e+00 -7.282663345336914062e+00 -6.554397106170654297e+00 -7.282663583755493164e-01 0.000000000000000000e+00 -9.467462539672851562e+00 1.602186012268066406e+01 8.010930061340332031e+00
2.184799194335937500e+00 -2.184799194335937500e+00 4.660904693603515625e+01 4.660904693603515625e+01 -7.282663583755493164e-01 -1.602186012268066406e+01 8.739196777343750000e+00 -6.554397106170654297e+00 -3.641331672668457031e+00 -8.739196777343750000e+00 -6.554397106170654297e+00 -1.456532716751098633e+00 7.282663583755493164e-01 -1.165226173400878906e+01 1.820665931701660156e+01 8.010930061340332031e+00
2.913065433502197266e+00 -2.913065433502197266e+00 5.534824371337890625e+01 5.534824371337890625e+01 -2.184799194335937500e+00 -2.039145851135253906e+01 1.092399501800537109e+01 -1.019572925567626953e+01 -4.369598388671875000e+00 -1.092399501800537109e+01 -8.010930061340332031e+00 -7.282663583755493164e-01 -2.184799194335937500e+00 -1.456532669067382812e+01 2.330452346801757812e+01 5.826130867004394531e+00
2.913065433502197266e+00 -2.913065433502197266e+00 6.335917282104492188e+01 6.335917282104492188e+01 -2.184799194335937500e+00 -2.111972427368164062e+01 1.165226173400878906e+01 -1.092399501800537109e+01 -4.369598388671875000e+00 -1.092399501800537109e+01 -8.739196777343750000e+00 1.456532716751098633e+00 -5.826130867004394531e+00 -1.456532669067382812e+01 2.476105690002441406e+01 7.282663345336914062e+00
2.913065433502197266e+00 -3.641331672668457031e+00 7.209836578369140625e+01 7.209836578369140625e+01 -2.184799194335937500e+00 -2.257625770568847656e+01 1.310879421234130859e+01 -1.165226173400878906e+01 -3.641331672668457031e+00 -1.019572925567626953e+01 -8.739196777343750000e+00 3.641331672668457031e+00 -9.467462539672851562e+00 -1.529359340667724609e+01 2.476105690002441406e+01 8.010930061340332031e+00
2.184799194335937500e+00 -3.641331672668457031e+00 8.010929870605468750e+01 8.010929870605468750e+01 -2.913065433502197266e+00 -2.403278923034667969e+01 1.383706092834472656e+01 -1.310879421234130859e+01 -3.641331672668457031e+00 -7.282663345336914062e+00 -1.019572925567626953e+01 7.282663345336914062e+00 -1.310879421234130859e+01 -1.747839355468750000e+01 2.476105690002441406e+01 5.826130867004394531e+00
-2.913065433502197266e+00 -2.184799194335937500e+00 4.005464935302734375e+01 4.005464935302734375e+01 -2.913065433502197266e+00 -2.184799194335937500e+00 -6.554397106170654297e+00 -1.019572925567626953e+01 0.000000000000000000e+00 -1.092399501800537109e+01 4.369598388671875000e+00 -8.739196777343750000e+00 7.282663583755493164e-01 9.467462539672851562e+00 -9.467462539672851562e+00 -6.554397106170654297e+00
-2.913065433502197266e+00 -2.913065433502197266e+00 4.733731460571289062e+01 4.733731460571289062e+01 -2.184799194335937500e+00 -3.641331672668457031e+00 -6.554397106170654297e+00 -1.165226173400878906e+01 1.456532716751098633e+00 -1.165226173400878906e+01 5.826130867004394531e+00 -8.010930061340332031e+00 0.000000000000000000e+00 8.739196777343750000e+00 -8.739196777343750000e+00 -6.554397106170654297e+00
-2.184799194335937500e+00 -3.641331672668457031e+00 5.826130676269531250e+01 5.826130676269531250e+01 -2.184799194335937500e+00 -7.282663345336914062e+00 -4.369598388671875000e+00 -1.456532669067382812e+01 2.184799194335937500e+00 -1.092399501800537109e+01 5.826130867004394531e+00 -5.826130867004394531e+00 -2.184799194335937500e+00 5.826130867004394531e+00 -4.369598388671875000e+00 -8.739196777343750000e+00
-7.282663583755493164e-01 -4.369598388671875000e+00 6.845703887939453125e+01 6.845703887939453125e+01 -7.282663583755493164e-01 -8.010930061340332031e+00 -1.456532716751098633e+00 -1.529359340667724609e+01 4.369598388671875000e+00 -9.467462539672851562e+00 7.282663345336914062e+00 -1.456532716751098633e+00 -5.097864627838134766e+00 5.097864627838134766e+00 -7.282663583755493164e-01 -8.010930061340332031e+00
7.282663583755493164e-01 -4.369598388671875000e+00 7.792449951171875000e+01 7.792449951171875000e+01 -7.282663583755493164e-01 -1.092399501800537109e+01 1.456532716751098633e+00 -1.893492507934570312e+01 6.554397106170654297e+00 -7.282663345336914062e+00 8.010930061340332031e+00 2.913065433502197266e+00 -9.467462539672851562e+00 2.913065433502197266e+00 3.641331672668457031e+00 -1.019572925567626953e+01
1.456532716751098633e+00 -3.641331672668457031e+00 8.957675933837890625e+01 8.957675933837890625e+01 -3.641331672668457031e+00 -1.529359340667724609e+01 5.097864627838134766e+00 -2.184799003601074219e+01 6.554397106170654297e+00 -3.641331672668457031e+00 8.739196777343750000e+00 1.092399501800537109e+01 -1.529359340667724609e+01 -7.282663583755493164e-01 1.310879421234130859e+01 -1.383706092834472656e+01
1.456532716751098633e+00 -2.184799194335937500e+00 3.495678710937500000e+01 3.495678710937500000e+01 2.913065433502197266e+00 -2.913065433502197266e+00 -7.282663583755493164e-01 -9.467462539672851562e+00 1.019572925567626953e+01 -1.019572925567626953e+01 1.238052845001220703e+01 -8.010930061340332031e+00 -1.456532716751098633e+00 8.739196777343750000e+00 -1.019572925567626953e+01 -5.097864627838134766e+00
1.456532716751098633e+00 -2.184799194335937500e+00 4.369598007202148438e+01 4.369598007202148438e+01 2.913065433502197266e+00 -4.369598388671875000e+00 0.000000000000000000e+00 -1.165226173400878906e+01 1.165226173400878906e+01 -1.019572925567626953e+01 1.456532669067382812e+01 -6.554397106170654297e+00 -2.184799194335937500e+00 9.467462539672851562e+00 -1.019572925567626953e+01 -5.097864627838134766e+00
2.184799194335937500e+00 -2.184799194335937500e+00 5.680477523803710938e+01 5.680477523803710938e+01 2.913065433502197266e+00 -8.010930061340332031e+00 2.184799194335937500e+00 -1.456532669067382812e+01 1.238052845001220703e+01 -8.739196777343750000e+00 1.456532669067382812e+01 -3.641331672668457031e+00 -5.097864627838134766e+00 6.554397106170654297e+00 -6.554397106170654297e+00 -7.282663345336914062e+00
3.641331672668457031e+00 -2.913065433502197266e+00 6.554397583007812500e+01 6.554397583007812500e+01 3.641331672668457031e+00 -1.019572925567626953e+01 5.097864627838134766e+00 -1.675012588500976562e+01 1.529359340667724609e+01 -8.010930061340332031e+00 1.675012588500976562e+01 0.000000000000000000e+00 -1.019572925567626953e+01 5.097864627838134766e+00 -2.184799194335937500e+00 -8.010930061340332031e+00
5.097864627838134766e+00 -2.913065433502197266e+00 7.355490112304687500e+01 7.428316497802734375e+01 3.641331672668457031e+00 -1.238052845001220703e+01 8.010930061340332031e+00 -2.039145851135253906e+01 1.747839355468750000e+01 -7.282663345336914062e+00 1.893492507934570312e+01 3.641331672668457031e+00 -1.529359340667724609e+01 2.913065433502197266e+00 2.184799194335937500e+00 -1.165226173400878906e+01
5.826130867004394531e+00 -4.369598388671875000e+00 8.375063323974609375e+01 8.375063323974609375e+01 7.282663583755493164e-01 -1.675012588500976562e+01 1.092399501800537109e+01 -2.257625770568847656e+01 1.820665931701660156e+01 -2.913065433502197266e+00 1.966319084167480469e+01 1.019572925567626953e+01 -2.039145851135253906e+01 -1.456532716751098633e+00 9.467462539672851562e+00 -1.529359340667724609e+01
0.000000000000000000e+00 0.000000000000000000e+00 4.078291702270507812e+01 4.078291702270507812e+01 -7.282663583755493164e-01 -1.456532716751098633e+00 -7.282663583755493164e-01 -8.010930061340332031e+00 9.467462539672851562e+00 -9.467462539672851562e+00 1.238052845001220703e+01 -6.554397106170654297e+00 -7.282663345336914062e+00 1.383706092834472656e+01 -6.554397106170654297e+00 -2.184799194335937500e+00
-7.282663583755493164e-01 0.000000000000000000e+00 4.952211380004882812e+01 4.952211380004882812e+01 -1.456532716751098633e+00 -2.913065433502197266e+00 -7.282663583755493164e-01 -1.019572925567626953e+01 1.092399501800537109e+01 -1.019572925567626953e+01 1.383706092834472656e+01 -5.826130867004394531e+00 -8.739196777343750000e+00 1.383706092834472656e+01 -6.554397106170654297e+00 -2.913065433502197266e+00
-7.282663583755493164e-01 -1.456532716751098633e+00 6.190264129638671875e+01 6.190264129638671875e+01 -2.184799194335937500e+00 -7.282663345336914062e+00 2.184799194335937500e+00 -1.383706092834472656e+01 1.092399501800537109e+01 -9.467462539672851562e+00 1.310879421234130859e+01 -3.641331672668457031e+00 -1.310879421234130859e+01 9.467462539672851562e+00 -1.456532716751098633e+00 -5.826130867004394531e+00
7.282663583755493164e-01 -2.184799194335937500e+00 6.991357421875000000e+01 6.991357421875000000e+01 -2.184799194335937500e+00 -9.467462539672851562e+00 6.554397106170654297e+00 -1.529359340667724609e+01 1.383706092834472656e+01 -9.467462539672851562e+00 1.456532669067382812e+01 -7.282663583755493164e-01 -1.893492507934570312e+01 5.826130867004394531e+00 3.641331672668457031e+00 -5.826130867004394531e+00
2.184799194335937500e+00 -2.184799194335937500e+00 7.719623565673828125e+01 7.792449951171875000e+01 -2.184799194335937500e+00 -1.310879421234130859e+01 1.019572925567626953e+01 -1.893492507934570312e+01 1.602186012268066406e+01 -9.467462539672851562e+00 1.602186012268066406e+01 2.184799194335937500e+00 -2.330452346801757812e+01 2.184799194335937500e+00 8.739196777343750000e+00 -9.467462539672851562e+00
2.913065433502197266e+00 -4.369598388671875000e+00 8.593543243408203125e+01 8.593543243408203125e+01 -3.641331672668457031e+00 -1.747839355468750000e+01 1.238052845001220703e+01 -2.184799003601074219e+01 1.602186012268066406e+01 -6.554397106170654297e+00 1.675012588500976562e+01 6.554397106170654297e+00 -2.694585609436035156e+01 -2.913065433502197266e+00 1.383706092834472656e+01 -1.383706092834472656e+01
0.000000000000000000e+00 -1.456532716751098633e+00 5.534824371337890625e+01 5.534824371337890625e+01 7.282663583755493164e-01 7.282663583755493164e-01 -2.913065433502197266e+00 -5.097864627838134766e+00 2.184799194335937500e+00 -1.238052845001220703e+01 4.369598388671875000e+00 -1.310879421234130859e+01 0.000000000000000000e+00 1.602186012268066406e+01 -7.282663345336914062e+00 4.369598388671875000e+00
0.000000000000000000e+00 -1.456532716751098633e+00 6.554397583007812500e+01 6.554397583007812500e+01 0.000000000000000000e+00 0.000000000000000000e+00 -2.184799194335937500e+00 -5.826130867004394531e+00 2.913065433502197266e+00 -1.310879421234130859e+01 4.369598388671875000e+00 -1.238052845001220703e+01 -7.282663583755493164e-01 1.747839355468750000e+01 -5.826130867004394531e+00 5.826130867004394531e+00
7.282663583755493164e-01 -1.456532716751098633e+00 8.010929870605468750e+01 8.010929870605468750e+01 -2.184799194335937500e+00 -2.184799194335937500e+00 7.282663583755493164e-01 -8.010930061340332031e+00 2.184799194335937500e+00 -1.238052845001220703e+01 3.641331672668457031e+00 -9.467462539672851562e+00 -5.097864627838134766e+00 1.675012588500976562e+01 1.456532716751098633e+00 5.097864627838134766e+00
7.282663583755493164e-01 -2.184799194335937500e+00 9.176155853271484375e+01 9.176155853271484375e+01 -2.913065433502197266e+00 -4.369598388671875000e+00 3.641331672668457031e+00 -9.467462539672851562e+00 2.184799194335937500e+00 -1.238052845001220703e+01 3.641331672668457031e+00 -5.826130867004394531e+00 -8.739196777343750000e+00 1.456532669067382812e+01 8.739196777343750000e+00 4.369598388671875000e+00
0.000000000000000000e+00 -2.184799194335937500e+00 1.034138259887695312e+02 1.034138259887695312e+02 -4.369598388671875000e+00 -8.739196777343750000e+00 5.097864627838134766e+00 -1.383706092834472656e+01 1.456532716751098633e+00 -1.310879421234130859e+01 2.184799194335937500e+00 -1.456532716751098633e+00 -1.165226173400878906e+01 1.165226173400878906e+01 1.383706092834472656e+01 2.184799194335937500e+00
0.000000000000000000e+00 -2.184799194335937500e+00 1.128812866210937500e+02 1.128812866210937500e+02 -8.010930061340332031e+00 -1.383706092834472656e+01 5.826130867004394531e+00 -1.820665931701660156e+01 -1.456532716751098633e+00 -1.165226173400878906e+01 7.282663583755493164e-01 4.369598388671875000e+00 -1.602186012268066406e+01 5.826130867004394531e+00 1.893492507934570312e+01 -2.184799194335937500e+00
2.184799194335937500e+00 -7.282663583755493164e-01 5.170691299438476562e+01 5.170691299438476562e+01 0.000000000000000000e+00 -2.913065433502197266e+00 1.456532716751098633e+00 -3.641331672668457031e+00 -2.913065433502197266e+00 -1.092399501800537109e+01 -2.913065433502197266e+00 -8.739196777343750000e+00 2.913065433502197266e+00 1.238052845001220703e+01 4.369598388671875000e+00 1.165226173400878906e+01
2.184799194335937500e+00 -7.282663583755493164e-01 5.971784210205078125e+01 5.971784210205078125e+01 -7.282663583755493164e-01 -4.369598388671875000e+00 7.282663583755493164e-01 -4.369598388671875000e+00 -3.641331672668457031e+00 -1.165226173400878906e+01 -3.641331672668457031e+00 -8.739196777343750000e+00 2.913065433502197266e+00 1.310879421234130859e+01 5.097864627838134766e+00 1.383706092834472656e+01
2.184799194335937500e+00 -1.456532716751098633e+00 7.355490112304687500e+01 7.355490112304687500e+01 -2.184799194335937500e+00 -6.554397106170654297e+00 2.184799194335937500e+00 -6.554397106170654297e+00 -5.097864627838134766e+00 -1.092399501800537109e+01 -5.097864627838134766e+00 -5.826130867004394531e+00 -7.282663583755493164e-01 1.238052845001220703e+01 1.019572925567626953e+01 1.383706092834472656e+01
1.456532716751098633e+00 -2.184799194335937500e+00 8.447889709472656250e+01 8.447889709472656250e+01 -3.641331672668457031e+00 -8.739196777343750000e+00 3.641331672668457031e+00 -8.739196777343750000e+00 -5.097864627838134766e+00 -1.092399501800537109e+01 -5.097864627838134766e+00 -2.913065433502197266e+00 -4.369598388671875000e+00 1.092399501800537109e+01 1.529359340667724609e+01 1.383706092834472656e+01
0.000000000000000000e+00 -1.456532716751098633e+00 9.540289306640625000e+01 9.540289306640625000e+01 -6.554397106170654297e+00 -1.165226173400878906e+01 2.913065433502197266e+00 -1.238052845001220703e+01 -6.554397106170654297e+00 -1.238052845001220703e+01 -5.826130867004394531e+00 0.000000000000000000e+00 -7.282663345336914062e+00 9.467462539672851562e+00 1.675012588500976562e+01 9.467462539672851562e+00
-7.282663583755493164e-01 -1.456532716751098633e+00 1.041420898437500000e+02 1.041420898437500000e+02 -1.019572925567626953e+01 -1.456532669067382812e+01 2.184799194335937500e+00 -1.602186012268066406e+01 -1.019572925567626953e+01 -1.165226173400878906e+01 -8.739196777343750000e+00 3.641331672668457031e+00 -1.092399501800537109e+01 4.369598388671875000e+00 1.893492507934570312e+01 2.913065433502197266e+00
1.456532716751098633e+00 1.456532716751098633e+00 3.932638168334960938e+01 3.932638168334960938e+01 -1.456532716751098633e+00 -5.826130867004394531e+00 0.000000000000000000e+00 -2.913065433502197266e+00 -7.282663345336914062e+00 -1.019572925567626953e+01 -7.282663345336914062e+00 -5.826130867004394531e+00 7.282663345336914062e+00 9.467462539672851562e+00 1.092399501800537109e+01 1.675012588500976562e+01
1.456532716751098633e+00 1.456532716751098633e+00 4.588077926635742188e+01 4.588077926635742188e+01 -1.456532716751098633e+00 -7.282663345336914062e+00 0.000000000000000000e+00 -3.641331672668457031e+00 -8.739196777343750000e+00 -1.092399501800537109e+01 -8.739196777343750000e+00 -5.826130867004394531e+00 8.010930061340332031e+00 1.019572925567626953e+01 1.238052845001220703e+01 1.893492507934570312e+01
0.000000000000000000e+00 7.282663583755493164e-01 5.607651138305664062e+01 5.607651138305664062e+01 -2.913065433502197266e+00 -1.019572925567626953e+01 1.456532716751098633e+00 -5.097864627838134766e+00 -9.467462539672851562e+00 -9.467462539672851562e+00 -1.092399501800537109e+01 -2.913065433502197266e+00 5.826130867004394531e+00 8.739196777343750000e+00 1.675012588500976562e+01 1.820665931701660156e+01
-7.282663583755493164e-01 0.000000000000000000e+00 6.627223968505859375e+01 6.627223968505859375e+01 -4.369598388671875000e+00 -1.238052845001220703e+01 4.369598388671875000e+00 -7.282663345336914062e+00 -9.467462539672851562e+00 -8.010930061340332031e+00 -1.165226173400878906e+01 7.282663583755493164e-01 0.000000000000000000e+00 6.554397106170654297e+00 2.111972427368164062e+01 1.893492507934570312e+01
-1.456532716751098633e+00 -7.282663583755493164e-01 7.719623565673828125e+01 7.719623565673828125e+01 -5.826130867004394531e+00 -1.529359340667724609e+01 5.826130867004394531e+00 -1.019572925567626953e+01 -1.019572925567626953e+01 -8.010930061340332031e+00 -1.310879421234130859e+01 3.641331672668457031e+00 -5.097864627838134766e+00 2.913065433502197266e+00 2.257625770568847656e+01 1.602186012268066406e+01
-1.456532716751098633e+00 -1.456532716751098633e+00 8.739196014404296875e+01 8.739196014404296875e+01 -8.010930061340332031e+00 -1.820665931701660156e+01 6.554397106170654297e+00 -1.238052845001220703e+01 -1.238052845001220703e+01 -7.282663345336914062e+00 -1.529359340667724609e+01 6.554397106170654297e+00 -8.739196777343750000e+00 -2.913065433502197266e+00 2.330452346801757812e+01 1.165226173400878906e+01
-3.641331672668457031e+00 7.282663583755493164e-01 3.131545257568359375e+01 3.131545257568359375e+01 -3.641331672668457031e+00 -8.010930061340332031e+00 -7.282663583755493164e-01 -2.913065433502197266e+00 -6.554397106170654297e+00 -1.019572925567626953e+01 -8.010930061340332031e+00 -5.826130867004394531e+00 -7.282663583755493164e-01 3.641331672668457031e+00 5.097864627838134766e+00 1.310879421234130859e+01
-3.641331672668457031e+00 2.184799194335937500e+00 3.786985015869140625e+01 3.786985015869140625e+01 -3.641331672668457031e+00 -9.467462539672851562e+00 -7.282663583755493164e-01 -3.641331672668457031e+00 -6.554397106170654297e+00 -1.092399501800537109e+01 -8.739196777343750000e+00 -5.097864627838134766e+00 -7.282663583755493164e-01 2.913065433502197266e+00 6.554397106170654297e+00 1.383706092834472656e+01
-3.641331672668457031e+00 1.456532716751098633e+00 4.879384613037109375e+01 4.879384613037109375e+01 -4.369598388671875000e+00 -1.310879421234130859e+01 2.184799194335937500e+00 -5.826130867004394531e+00 -7.282663345336914062e+00 -9.467462539672851562e+00 -1.092399501800537109e+01 -1.456532716751098633e+00 -3.641331672668457031e+00 7.282663583755493164e-01 1.165226173400878906e+01 1.310879421234130859e+01
-3.641331672668457031e+00 7.282663583755493164e-01 5.826130676269531250e+01 5.826130676269531250e+01 -5.097864627838134766e+00 -1.456532669067382812e+01 5.826130867004394531e+00 -6.554397106170654297e+00 -6.554397106170654297e+00 -7.282663345336914062e+00 -1.165226173400878906e+01 2.184799194335937500e+00 -8.739196777343750000e+00 -1.456532716751098633e+00 1.747839355468750000e+01 1.383706092834472656e+01
-2.184799194335937500e+00 7.282663583755493164e-01 6.918530273437500000e+01 6.918530273437500000e+01 -5.826130867004394531e+00 -1.602186012268066406e+01 8.739196777343750000e+00 -8.739196777343750000e+00 -5.826130867004394531e+00 -5.826130867004394531e+00 -1.165226173400878906e+01 6.554397106170654297e+00 -1.310879421234130859e+01 -3.641331672668457031e+00 2.111972427368164062e+01 1.238052845001220703e+01
-7.282663583755493164e-01 -7.282663583755493164e-01 7.938103485107421875e+01 7.938103485107421875e+01 -6.554397106170654297e+00 -1.893492507934570312e+01 1.092399501800537109e+01 -1.165226173400878906e+01 -5.826130867004394531e+00 -2.184799194335937500e+00 -1.092399501800537109e+01 1.092399501800537109e+01 -1.529359340667724609e+01 -8.010930061340332031e+00 2.403278923034667969e+01 8.010930061340332031e+00
1.456532716751098633e+00 -1.456532716751098633e+00 4.223944854736328125e+01 4.223944854736328125e+01 2.184799194335937500e+00 -1.165226173400878906e+01 7.282663345336914062e+00 -2.913065433502197266e+00 -1.456532716751098633e+00 -1.092399501800537109e+01 -6.554397106170654297e+00 -6.554397106170654297e+00 7.282663583755493164e-01 -4.369598388671875000e+00 8.739196777343750000e+00 1.310879421234130859e+01
1.456532716751098633e+00 -2.184799194335937500e+00 4.952211380004882812e+01 4.952211380004882812e+01 2.184799194335937500e+00 -1.383706092834472656e+01 8.010930061340332031e+00 -5.097864627838134766e+00 -1.456532716751098633e+00 -1.238052845001220703e+01 -7.282663345336914062e+00 -6.554397106170654297e+00 7.282663583755493164e-01 -5.097864627838134766e+00 1.019572925567626953e+01 1.310879421234130859e+01
2.184799194335937500e+00 -2.184799194335937500e+00 5.971784210205078125e+01 5.971784210205078125e+01 7.282663583755493164e-01 -1.747839355468750000e+01 9.467462539672851562e+00 -8.739196777343750000e+00 -3.641331672668457031e+00 -1.383706092834472656e+01 -8.739196777343750000e+00 -5.097864627838134766e+00 -2.184799194335937500e+00 -8.010930061340332031e+00 1.602186012268066406e+01 1.092399501800537109e+01
2.184799194335937500e+00 -3.641331672668457031e+00 6.845703887939453125e+01 6.845703887939453125e+01 0.000000000000000000e+00 -1.893492507934570312e+01 1.092399501800537109e+01 -9.467462539672851562e+00 -3.641331672668457031e+00 -1.310879421234130859e+01 -9.467462539672851562e+00 -2.913065433502197266e+00 -5.826130867004394531e+00 -8.010930061340332031e+00 1.893492507934570312e+01 1.238052845001220703e+01
1.456532716751098633e+00 -3.641331672668457031e+00 7.792449951171875000e+01 7.792449951171875000e+01 -7.282663583755493164e-01 -2.111972427368164062e+01 1.165226173400878906e+01 -1.165226173400878906e+01 -3.641331672668457031e+00 -1.238052845001220703e+01 -9.467462539672851562e+00 0.000000000000000000e+00 -8.739196777343750000e+00 -9.467462539672851562e+00 1.966319084167480469e+01 1.092399501800537109e+01
7.282663583755493164e-01 -3.641331672668457031e+00 8.593543243408203125e+01 8.593543243408203125e+01 -2.184799194335937500e+00 -2.257625770568847656e+01 1.238052845001220703e+01 -1.383706092834472656e+01 -3.641331672668457031e+00 -1.019572925567626953e+01 -1.019572925567626953e+01 4.369598388671875000e+00 -1.310879421234130859e+01 -1.310879421234130859e+01 2.039145851135253906e+01 7.282663345336914062e+00
-2.184799194335937500e+00 0.000000000000000000e+00 4.369598007202148438e+01 4.369598007202148438e+01 -1.456532716751098633e+00 7.282663583755493164e-01 -4.369598388671875000e+00 -4.369598388671875000e+00 0.000000000000000000e+00 -2.913065433502197266e+00 2.184799194335937500e+00 -1.456532716751098633e+00 7.282663583755493164e-01 7.282663345336914062e+00 -6.554397106170654297e+00 -2.913065433502197266e+00
-2.184799194335937500e+00 -7.282663583755493164e-01 5.097864532470703125e+01 5.097864532470703125e+01 -7.282663583755493164e-01 0.000000000000000000e+00 -3.641331672668457031e+00 -5.097864627838134766e+00 1.456532716751098633e+00 -2.913065433502197266e+00 2.913065433502197266e+00 -7.282663583755493164e-01 0.000000000000000000e+00 6.554397106170654297e+00 -6.554397106170654297e+00 -2.184799194335937500e+00
-2.184799194335937500e+00 -1.456532716751098633e+00 6.117437362670898438e+01 6.117437362670898438e+01 -7.282663583755493164e-01 -2.913065433502197266e+00 -2.184799194335937500e+00 -7.282663345336914062e+00 1.456532716751098633e+00 -1.456532716751098633e+00 2.913065433502197266e+00 2.184799194335937500e+00 -2.184799194335937500e+00 3.641331672668457031e+00 -3.641331672668457031e+00 -4.369598388671875000e+00
-2.184799194335937500e+00 -2.913065433502197266e+00 6.918530273437500000e+01 6.918530273437500000e+01 0.000000000000000000e+00 -3.641331672668457031e+00 0.000000000000000000e+00 -8.010930061340332031e+00 2.913065433502197266e+00 0.000000000000000000e+00 3.641331672668457031e+00 5.097864627838134766e+00 -5.826130867004394531e+00 1.456532716751098633e+00 0.000000000000000000e+00 -3.641331672668457031e+00
-1.456532716751098633e+00 -2.913065433502197266e+00 7.719623565673828125e+01 7.719623565673828125e+01 0.000000000000000000e+00 -6.554397106170654297e+00 2.913065433502197266e+00 -9.467462539672851562e+00 4.369598388671875000e+00 2.184799194335937500e+00 4.369598388671875000e+00 1.019572925567626953e+01 -1.019572925567626953e+01 -7.282663583755493164e-01 4.369598388671875000e+00 -5.097864627838134766e+00
-1.456532716751098633e+00 -2.184799194335937500e+00 8.593543243408203125e+01 8.593543243408203125e+01 -2.184799194335937500e+00 -9.467462539672851562e+00 5.826130867004394531e+00 -1.165226173400878906e+01 5.097864627838134766e+00 5.826130867004394531e+00 4.369598388671875000e+00 1.602186012268066406e+01 -1.529359340667724609e+01 -4.369598388671875000e+00 1.092399501800537109e+01 -7.282663345336914062e+00
-7.282663583755493164e-01 -7.282663583755493164e-01 3.641331863403320312e+01 3.641331863403320312e+01 1.456532716751098633e+00 -2.184799194335937500e+00 -1.456532716751098633e+00 -7.282663345336914062e+00 9.467462539672851562e+00 -6.554397106170654297e+00 1.165226173400878906e+01 -5.097864627838134766e+00 -2.913065433502197266e+00 6.554397106170654297e+00 -1.092399501800537109e+01 -4.369598388671875000e+00
-7.282663583755493164e-01 0.000000000000000000e+00 4.588077926635742188e+01 4.588077926635742188e+01 2.184799194335937500e+00 -3.641331672668457031e+00 -7.282663583755493164e-01 -9.467462539672851562e+00 1.092399501800537109e+01 -7.282663345336914062e+00 1.310879421234130859e+01 -3.641331672668457031e+00 -3.641331672668457031e+00 7.282663345336914062e+00 -1.092399501800537109e+01 -4.369598388671875000e+00
1.456532716751098633e+00 -7.282663583755493164e-01 5.898957443237304688e+01 5.898957443237304688e+01 2.184799194335937500e+00 -6.554397106170654297e+00 2.184799194335937500e+00 -1.238052845001220703e+01 1.165226173400878906e+01 -5.097864627838134766e+00 1.456532669067382812e+01 0.000000000000000000e+00 -5.826130867004394531e+00 5.097864627838134766e+00 -4.369598388671875000e+00 -6.554397106170654297e+00
2.913065433502197266e+00 -1.456532716751098633e+00 6.918530273437500000e+01 6.918530273437500000e+01 2.184799194335937500e+00 -8.739196777343750000e+00 5.826130867004394531e+00 -1.383706092834472656e+01 1.456532669067382812e+01 -3.641331672668457031e+00 1.602186012268066406e+01 4.369598388671875000e+00 -1.165226173400878906e+01 2.913065433502197266e+00 1.456532716751098633e+00 -5.826130867004394531e+00
5.097864627838134766e+00 -2.184799194335937500e+00 7.792449951171875000e+01 7.792449951171875000e+01 2.184799194335937500e+00 -1.165226173400878906e+01 9.467462539672851562e+00 -1.675012588500976562e+01 1.675012588500976562e+01 -2.184799194335937500e+00 1.747839355468750000e+01 8.010930061340332031e+00 -1.747839355468750000e+01 -7.282663583755493164e-01 6.554397106170654297e+00 -9.467462539672851562e+00
5.826130867004394531e+00 -2.913065433502197266e+00 8.812023162841796875e+01 8.812023162841796875e+01 7.282663583755493164e-01 -1.602186012268066406e+01 1.383706092834472656e+01 -1.893492507934570312e+01 1.747839355468750000e+01 2.913065433502197266e+00 1.747839355468750000e+01 1.456532669067382812e+01 -2.257625770568847656e+01 -5.826130867004394531e+00 1.456532669067382812e+01 -1.310879421234130859e+01
-1.456532716751098633e+00 0.000000000000000000e+00 4.151118087768554688e+01 4.151118087768554688e+01 -2.184799194335937500e+00 -1.456532716751098633e+00 -2.913065433502197266e+00 -9.467462539672851562e+00 8.010930061340332031e+00 -1.238052845001220703e+01 1.238052845001220703e+01 -9.467462539672851562e+00 -6.554397106170654297e+00 1.675012588500976562e+01 -8.739196777343750000e+00 -2.184799194335937500e+00
-1.456532716751098633e+00 0.000000000000000000e+00 5.097864532470703125e+01 5.097864532470703125e+01 -3.641331672668457031e+00 -3.641331672668457031e+00 -3.641331672668457031e+00 -1.238052845001220703e+01 8.739196777343750000e+00 -1.310879421234130859e+01 1.310879421234130859e+01 -9.467462539672851562e+00 -7.282663345336914062e+00 1.747839355468750000e+01 -8.739196777343750000e+00 -3.641331672668457031e+00
-7.282663583755493164e-01 -1.456532716751098633e+00 6.263090515136718750e+01 6.263090515136718750e+01 -5.097864627838134766e+00 -7.282663345336914062e+00 -2.184799194335937500e+00 -1.747839355468750000e+01 8.010930061340332031e+00 -1.238052845001220703e+01 1.238052845001220703e+01 -7.282663345336914062e+00 -1.165226173400878906e+01 1.456532669067382812e+01 -3.641331672668457031e+00 -7.282663345336914062e+00
0.000000000000000000e+00 -2.913065433502197266e+00 7.209836578369140625e+01 7.209836578369140625e+01 -5.826130867004394531e+00 -9.467462539672851562e+00 1.456532716751098633e+00 -1.893492507934570312e+01 9.467462539672851562e+00 -1.165226173400878906e+01 1.383706092834472656e+01 -2.913065433502197266e+00 -1.747839355468750000e+01 1.238052845001220703e+01 1.456532716751098633e+00 -7.282663345336914062e+00
1.456532716751098633e+00 -3.641331672668457031e+00 8.229409790039062500e+01 8.229409790039062500e+01 -5.826130867004394531e+00 -1.310879421234130859e+01 4.369598388671875000e+00 -2.257625770568847656e+01 1.092399501800537109e+01 -1.019572925567626953e+01 1.456532669067382812e+01 1.456532716751098633e+00 -2.257625770568847656e+01 8.739196777343750000e+00 6.554397106170654297e+00 -1.165226173400878906e+01
2.913065433502197266e+00 -5.097864627838134766e+00 9.394635772705078125e+01 9.394635772705078125e+01 -7.282663345336914062e+00 -1.747839355468750000e+01 8.739196777343750000e+00 -2.621758842468261719e+01 1.310879421234130859e+01 -5.826130867004394531e+00 1.602186012268066406e+01 8.010930061340332031e+00 -2.767412185668945312e+01 3.641331672668457031e+00 1.383706092834472656e+01 -1.675012588500976562e+01
0.000000000000000000e+00 -2.913065433502197266e+00 4.515251541137695312e+01 4.515251541137695312e+01 -2.184799194335937500e+00 -2.913065433502197266e+00 -2.184799194335937500e+00 -1.092399501800537109e+01 4.369598388671875000e+00 -1.383706092834472656e+01 9.467462539672851562e+00 -1.238052845001220703e+01 0.000000000000000000e+00 1.747839355468750000e+01 -7.282663583755493164e-01 -1.456532716751098633e+00
-7.282663583755493164e-01 -3.641331672668457031e+00 5.243517684936523438e+01 5.243517684936523438e+01 -2.913065433502197266e+00 -3.641331672668457031e+00 -2.913065433502197266e+00 -1.310879421234130859e+01 5.097864627838134766e+00 -1.456532669067382812e+01 1.019572925567626953e+01 -1.238052845001220703e+01 0.000000000000000000e+00 1.820665931701660156e+01 -1.456532716751098633e+00 -1.456532716751098633e+00
-1.456532716751098633e+00 -5.097864627838134766e+00 6.190264129638671875e+01 6.190264129638671875e+01 -4.369598388671875000e+00 -6.554397106170654297e+00 -1.456532716751098633e+00 -1.602186012268066406e+01 4.369598388671875000e+00 -1.383706092834472656e+01 9.467462539672851562e+00 -1.092399501800537109e+01 -3.641331672668457031e+00 1.602186012268066406e+01 2.184799194335937500e+00 -3.641331672668457031e+00
-1.456532716751098633e+00 -5.826130867004394531e+00 6.918530273437500000e+01 6.918530273437500000e+01 -4.369598388671875000e+00 -8.010930061340332031e+00 7.282663583755493164e-01 -1.675012588500976562e+01 6.554397106170654297e+00 -1.310879421234130859e+01 9.467462539672851562e+00 -8.010930061340332031e+00 -9.467462539672851562e+00 1.456532669067382812e+01 7.282663345336914062e+00 -2.913065433502197266e+00
-1.456532716751098633e+00 -5.826130867004394531e+00 7.719623565673828125e+01 7.719623565673828125e+01 -4.369598388671875000e+00 -1.092399501800537109e+01 4.369598388671875000e+00 -2.039145851135253906e+01 8.739196777343750000e+00 -1.310879421234130859e+01 1.019572925567626953e+01 -5.097864627838134766e+00 -1.602186012268066406e+01 1.092399501800537109e+01 1.019572925567626953e+01 -5.826130867004394531e+00
0.000000000000000000e+00 -5.826130867004394531e+00 8.666369628906250000e+01 8.666369628906250000e+01 -5.097864627838134766e+00 -1.529359340667724609e+01 8.010930061340332031e+00 -2.257625770568847656e+01 9.467462539672851562e+00 -9.467462539672851562e+00 1.019572925567626953e+01 0.000000000000000000e+00 -1.893492507934570312e+01 5.826130867004394531e+00 1.456532669067382812e+01 -8.739196777343750000e+00
3.641331672668457031e+00 -7.282663583755493164e-01 4.151118087768554688e+01 4.151118087768554688e+01 -1.456532716751098633e+00 -5.097864627838134766e+00 2.184799194335937500e+00 -8.739196777343750000e+00 -2.913065433502197266e+00 -1.310879421234130859e+01 -1.456532716751098633e+00 -8.739196777343750000e+00 4.369598388671875000e+00 1.529359340667724609e+01 1.092399501800537109e+01 8.010930061340332031e+00
3.641331672668457031e+00 -7.282663583755493164e-01 4.660904693603515625e+01 4.660904693603515625e+01 -1.456532716751098633e+00 -5.826130867004394531e+00 2.184799194335937500e+00 -9.467462539672851562e+00 -2.913065433502197266e+00 -1.310879421234130859e+01 -1.456532716751098633e+00 -8.739196777343750000e+00 5.097864627838134766e+00 1.675012588500976562e+01 1.092399501800537109e+01 8.739196777343750000e+00
2.184799194335937500e+00 -1.456532716751098633e+00 5.389171218872070312e+01 5.389171218872070312e+01 -7.282663583755493164e-01 -6.554397106170654297e+00 2.184799194335937500e+00 -1.092399501800537109e+01 -2.913065433502197266e+00 -1.238052845001220703e+01 -2.184799194335937500e+00 -7.282663345336914062e+00 5.826130867004394531e+00 1.675012588500976562e+01 1.165226173400878906e+01 8.739196777343750000e+00
1.456532716751098633e+00 -1.456532716751098633e+00 6.263090515136718750e+01 6.263090515136718750e+01 -1.456532716751098633e+00 -8.010930061340332031e+00 3.641331672668457031e+00 -1.165226173400878906e+01 -2.913065433502197266e+00 -1.165226173400878906e+01 -3.641331672668457031e+00 -5.097864627838134766e+00 2.184799194335937500e+00 1.602186012268066406e+01 1.529359340667724609e+01 1.019572925567626953e+01
7.282663583755493164e-01 -1.456532716751098633e+00 7.355490112304687500e+01 7.355490112304687500e+01 -2.184799194335937500e+00 -1.019572925567626953e+01 5.097864627838134766e+00 -1.238052845001220703e+01 -3.641331672668457031e+00 -1.092399501800537109e+01 -4.369598388671875000e+00 -1.456532716751098633e+00 -2.913065433502197266e+00 1.310879421234130859e+01 1.747839355468750000e+01 1.019572925567626953e+01
7.282663583755493164e-01 -1.456532716751098633e+00 8.375063323974609375e+01 8.375063323974609375e+01 -3.641331672668457031e+00 -1.310879421234130859e+01 6.554397106170654297e+00 -1.383706092834472656e+01 -3.641331672668457031e+00 -7.282663345336914062e+00 -5.097864627838134766e+00 2.913065433502197266e+00 -6.554397106170654297e+00 8.010930061340332031e+00 1.966319084167480469e+01 8.010930061340332031e+00
7.282663583755493164e-01 1.456532716751098633e+00 3.350025177001953125e+01 3.350025177001953125e+01 -4.369598388671875000e+00 -5.826130867004394531e+00 3.641331672668457031e+00 -2.913065433502197266e+00 -5.097864627838134766e+00 -4.369598388671875000e+00 -5.826130867004394531e+00 7.282663583755493164e-01 -1.456532716751098633e+00 2.184799194335937500e+00 1.383706092834472656e+01 8.739196777343750000e+00
7.282663583755493164e-01 2.184799194335937500e+00 3.859811782836914062e+01 3.859811782836914062e+01 -3.641331672668457031e+00 -6.554397106170654297e+00 3.641331672668457031e+00 -3.641331672668457031e+00 -5.826130867004394531e+00 -5.097864627838134766e+00 -5.826130867004394531e+00 0.000000000000000000e+00 0.000000000000000000e+00 2.913065433502197266e+00 1.310879421234130859e+01 1.019572925567626953e+01
7.282663583755493164e-01 2.184799194335937500e+00 4.515251541137695312e+01 4.515251541137695312e+01 -3.641331672668457031e+00 -8.010930061340332031e+00 2.913065433502197266e+00 -4.369598388671875000e+00 -5.826130867004394531e+00 -4.369598388671875000e+00 -6.554397106170654297e+00 7.282663583755493164e-01 7.282663583755493164e-01 2.913065433502197266e+00 1.383706092834472656e+01 1.092399501800537109e+01
0.000000000000000000e+00 1.456532716751098633e+00 5.097864532470703125e+01 5.097864532470703125e+01 -3.641331672668457031e+00 -9.467462539672851562e+00 4.369598388671875000e+00 -4.369598388671875000e+00 -5.097864627838134766e+00 -4.369598388671875000e+00 -6.554397106170654297e+00 2.184799194335937500e+00 -2.184799194335937500e+00 2.184799194335937500e+00 1.675012588500976562e+01 1.383706092834472656e+01
0.000000000000000000e+00 7.282663583755493164e-01 5.898957443237304688e+01 5.898957443237304688e+01 -2.913065433502197266e+00 -1.092399501800537109e+01 5.097864627838134766e+00 -5.097864627838134766e+00 -5.826130867004394531e+00 -5.097864627838134766e+00 -7.282663345336914062e+00 3.641331672668457031e+00 -4.369598388671875000e+00 0.000000000000000000e+00 1.747839355468750000e+01 1.310879421234130859e+01
0.000000000000000000e+00 -7.282663583755493164e-01 6.918530273437500000e+01 6.918530273437500000e+01 -4.369598388671875000e+00 -1.383706092834472656e+01 5.097864627838134766e+00 -6.554397106170654297e+00 -7.282663345336914062e+00 -2.184799194335937500e+00 -9.467462539672851562e+00 6.554397106170654297e+00 -6.554397106170654297e+00 -5.097864627838134766e+00 1.820665931701660156e+01 8.739196777343750000e+00
-4.369598388671875000e+00 2.913065433502197266e+00 3.641331863403320312e+01 3.641331863403320312e+01 -2.913065433502197266e+00 -7.282663345336914062e+00 2.913065433502197266e+00 0.000000000000000000e+00 -6.554397106170654297e+00 -6.554397106170654297e+00 -1.165226173400878906e+01 -1.456532716751098633e+00 -4.369598388671875000e+00 1.456532716751098633e+00 5.826130867004394531e+00 1.675012588500976562e+01
-5.097864627838134766e+00 2.913065433502197266e+00 4.151118087768554688e+01 4.151118087768554688e+01 -2.913065433502197266e+00 -8.739196777343750000e+00 1.456532716751098633e+00 -7.282663583755493164e-01 -8.010930061340332031e+00 -7.282663345336914062e+00 -1.310879421234130859e+01 -2.184799194335937500e+00 -3.641331672668457031e+00 1.456532716751098633e+00 5.097864627838134766e+00 1.820665931701660156e+01
-6.554397106170654297e+00 2.184799194335937500e+00 4.952211380004882812e+01 4.952211380004882812e+01 -3.641331672668457031e+00 -1.019572925567626953e+01 2.184799194335937500e+00 -2.184799194335937500e+00 -1.019572925567626953e+01 -5.826130867004394531e+00 -1.602186012268066406e+01 0.000000000000000000e+00 -5.097864627838134766e+00 1.456532716751098633e+00 8.010930061340332031e+00 1.747839355468750000e+01
-6.554397106170654297e+00 7.282663583755493164e-01 5.753304290771484375e+01 5.753304290771484375e+01 -5.097864627838134766e+00 -1.092399501800537109e+01 4.369598388671875000e+00 -2.184799194335937500e+00 -1.092399501800537109e+01 -3.641331672668457031e+00 -1.675012588500976562e+01 3.641331672668457031e+00 -9.467462539672851562e+00 7.282663583755493164e-01 1.310879421234130859e+01 1.966319084167480469e+01
-5.826130867004394531e+00 0.000000000000000000e+00 6.772877502441406250e+01 6.772877502441406250e+01 -5.826130867004394531e+00 -1.238052845001220703e+01 5.097864627838134766e+00 -3.641331672668457031e+00 -1.165226173400878906e+01 -2.184799194335937500e+00 -1.747839355468750000e+01 7.282663345336914062e+00 -1.238052845001220703e+01 -2.184799194335937500e+00 1.602186012268066406e+01 1.675012588500976562e+01
-5.826130867004394531e+00 -1.456532716751098633e+00 7.865276336669921875e+01 7.865276336669921875e+01 -8.010930061340332031e+00 -1.529359340667724609e+01 6.554397106170654297e+00 -6.554397106170654297e+00 -1.165226173400878906e+01 1.456532716751098633e+00 -1.747839355468750000e+01 1.165226173400878906e+01 -1.529359340667724609e+01 -7.282663345336914062e+00 1.893492507934570312e+01 1.238052845001220703e+01
1.456532716751098633e+00 0.000000000000000000e+00 4.588077926635742188e+01 4.588077926635742188e+01 2.913065433502197266e+00 -8.739196777343750000e+00 9.467462539672851562e+00 -1.456532716751098633e+00 2.913065433502197266e+00 -6.554397106170654297e+00 -2.184799194335937500e+00 -1.456532716751098633e+00 -3.641331672668457031e+00 -2.913065433502197266e+00 8.010930061340332031e+00 1.383706092834472656e+01
1.456532716751098633e+00 -7.282663583755493164e-01 5.243517684936523438e+01 5.243517684936523438e+01 2.184799194335937500e+00 -1.165226173400878906e+01 8.739196777343750000e+00 -2.913065433502197266e+00 2.184799194335937500e+00 -8.010930061340332031e+00 -2.913065433502197266e+00 -2.913065433502197266e+00 -4.369598388671875000e+00 -5.097864627838134766e+00 8.739196777343750000e+00 1.383706092834472656e+01
7.282663583755493164e-01 -2.184799194335937500e+00 6.335917282104492188e+01 6.335917282104492188e+01 -7.282663583755493164e-01 -1.602186012268066406e+01 9.467462539672851562e+00 -7.282663345336914062e+00 -7.282663583755493164e-01 -1.019572925567626953e+01 -5.097864627838134766e+00 -2.184799194335937500e+00 -8.739196777343750000e+00 -8.739196777343750000e+00 1.310879421234130859e+01 1.092399501800537109e+01
0.000000000000000000e+00 -4.369598388671875000e+00 7.209836578369140625e+01 7.209836578369140625e+01 -2.184799194335937500e+00 -1.747839355468750000e+01 1.092399501800537109e+01 -8.010930061340332031e+00 -7.282663583755493164e-01 -9.467462539672851562e+00 -5.826130867004394531e+00 0.000000000000000000e+00 -1.310879421234130859e+01 -8.739196777343750000e+00 1.529359340667724609e+01 1.165226173400878906e+01
-7.282663583755493164e-01 -5.826130867004394531e+00 8.010929870605468750e+01 8.083756256103515625e+01 -2.913065433502197266e+00 -1.966319084167480469e+01 1.165226173400878906e+01 -1.019572925567626953e+01 -7.282663583755493164e-01 -8.739196777343750000e+00 -6.554397106170654297e+00 2.184799194335937500e+00 -1.747839355468750000e+01 -1.092399501800537109e+01 1.529359340667724609e+01 9.467462539672851562e+00
-2.184799194335937500e+00 -6.554397106170654297e+00 8.884849548339843750e+01 8.812023162841796875e+01 -3.641331672668457031e+00 -2.184799003601074219e+01 1.310879421234130859e+01 -1.165226173400878906e+01 0.000000000000000000e+00 -6.554397106170654297e+00 -7.282663345336914062e+00 5.097864627838134766e+00 -2.039145851135253906e+01 -1.456532669067382812e+01 1.602186012268066406e+01 6.554397106170654297e+00
-1.456532716751098633e+00 7.282663583755493164e-01 5.170691299438476562e+01 5.170691299438476562e+01 -5.826130867004394531e+00 -1.456532716751098633e+00 1.456532716751098633e+00 -8.010930061340332031e+00 7.282663583755493164e-01 -4.369598388671875000e+00 4.369598388671875000e+00 2.184799194335937500e+00 -8.739196777343750000e+00 8.010930061340332031e+00 5.097864627838134766e+00 -3.641331672668457031e+00
-1.456532716751098633e+00 0.000000000000000000e+00 5.898957443237304688e+01 5.898957443237304688e+01 -6.554397106170654297e+00 -3.641331672668457031e+00 7.282663583755493164e-01 -1.092399501800537109e+01 7.282663583755493164e-01 -5.826130867004394531e+00 4.369598388671875000e+00 1.456532716751098633e+00 -9.467462539672851562e+00 7.282663345336914062e+00 6.554397106170654297e+00 -4.369598388671875000e+00
-7.282663583755493164e-01 -2.184799194335937500e+00 6.991357421875000000e+01 6.991357421875000000e+01 -8.739196777343750000e+00 -8.739196777343750000e+00 2.184799194335937500e+00 -1.456532669067382812e+01 -7.282663583755493164e-01 -7.282663345336914062e+00 2.913065433502197266e+00 2.184799194335937500e+00 -1.310879421234130859e+01 3.641331672668457031e+00 1.092399501800537109e+01 -7.282663345336914062e+00
-7.282663583755493164e-01 -3.641331672668457031e+00 7.938103485107421875e+01 7.938103485107421875e+01 -1.019572925567626953e+01 -1.019572925567626953e+01 3.641331672668457031e+00 -1.602186012268066406e+01 0.000000000000000000e+00 -5.826130867004394531e+00 3.641331672668457031e+00 5.097864627838134766e+00 -1.675012588500976562e+01 1.456532716751098633e+00 1.529359340667724609e+01 -8.010930061340332031e+00
0.000000000000000000e+00 -5.097864627838134766e+00 8.957675933837890625e+01 9.030503082275390625e+01 -1.092399501800537109e+01 -1.238052845001220703e+01 4.369598388671875000e+00 -1.820665931701660156e+01 7.282663583755493164e-01 -4.369598388671875000e+00 4.369598388671875000e+00 8.739196777343750000e+00 -1.966319084167480469e+01 -7.282663583755493164e-01 1.747839355468750000e+01 -1.165226173400878906e+01
0.000000000000000000e+00 -5.097864627838134766e+00 1.012290267944335938e+02 1.012290267944335938e+02 -1.310879421234130859e+01 -1.456532669067382812e+01 5.826130867004394531e+00 -2.111972427368164062e+01 7.282663583755493164e-01 -1.456532716751098633e+00 3.641331672668457031e+00 1.310879421234130859e+01 -2.257625770568847656e+01 -4.369598388671875000e+00 2.111972427368164062e+01 -1.602186012268066406e+01
1.456532716751098633e+00 -2.184799194335937500e+00 4.733731460571289062e+01 4.733731460571289062e+01 -4.369598388671875000e+00 -5.826130867004394531e+00 1.456532716751098633e+00 -1.238052845001220703e+01 6.554397106170654297e+00 -1.019572925567626953e+01 1.092399501800537109e+01 -2.913065433502197266e+00 -8.739196777343750000e+00 8.010930061340332031e+00 2.913065433502197266e+00 -3.641331672668457031e+00
1.456532716751098633e+00 -2.913065433502197266e+00 5.680477523803710938e+01 5.680477523803710938e+01 -4.369598388671875000e+00 -8.739196777343750000e+00 1.456532716751098633e+00 -1.529359340667724609e+01 7.282663345336914062e+00 -1.165226173400878906e+01 1.165226173400878906e+01 -3.641331672668457031e+00 -8.739196777343750000e+00 8.010930061340332031e+00 3.641331672668457031e+00 -4.369598388671875000e+00
2.913065433502197266e+00 -4.369598388671875000e+00 6.772877502441406250e+01 6.772877502441406250e+01 -5.097864627838134766e+00 -1.238052845001220703e+01 3.641331672668457031e+00 -1.893492507934570312e+01 6.554397106170654297e+00 -1.092399501800537109e+01 1.165226173400878906e+01 -1.456532716751098633e+00 -1.165226173400878906e+01 5.097864627838134766e+00 8.010930061340332031e+00 -7.282663345336914062e+00
2.913065433502197266e+00 -5.826130867004394531e+00 7.646796417236328125e+01 7.646796417236328125e+01 -5.826130867004394531e+00 -1.529359340667724609e+01 6.554397106170654297e+00 -2.111972427368164062e+01 8.010930061340332031e+00 -1.019572925567626953e+01 1.238052845001220703e+01 2.184799194335937500e+00 -1.747839355468750000e+01 2.913065433502197266e+00 1.310879421234130859e+01 -8.010930061340332031e+00
3.641331672668457031e+00 -6.554397106170654297e+00 8.375063323974609375e+01 8.447889709472656250e+01 -6.554397106170654297e+00 -1.747839355468750000e+01 8.739196777343750000e+00 -2.330452346801757812e+01 9.467462539672851562e+00 -8.739196777343750000e+00 1.383706092834472656e+01 5.097864627838134766e+00 -2.257625770568847656e+01 -7.282663583755493164e-01 1.602186012268066406e+01 -1.238052845001220703e+01
4.369598388671875000e+00 -8.010930061340332031e+00 9.321809387207031250e+01 9.321809387207031250e+01 -8.010930061340332031e+00 -1.966319084167480469e+01 1.165226173400878906e+01 -2.621758842468261719e+01 1.092399501800537109e+01 -5.826130867004394531e+00 1.383706092834472656e+01 9.467462539672851562e+00 -2.694585609436035156e+01 -4.369598388671875000e+00 1.966319084167480469e+01 -1.820665931701660156e+01
7.282663583755493164e-01 -3.641331672668457031e+00 4.660904693603515625e+01 4.660904693603515625e+01 -5.826130867004394531e+00 -8.739196777343750000e+00 2.184799194335937500e+00 -1.893492507934570312e+01 7.282663345336914062e+00 -1.893492507934570312e+01 1.165226173400878906e+01 -1.019572925567626953e+01 -1.310879421234130859e+01 1.529359340667724609e+01 2.184799194335937500e+00 -5.826130867004394531e+00
7.282663583755493164e-01 -5.826130867004394531e+00 5.461997604370117188e+01 5.461997604370117188e+01 -7.282663345336914062e+00 -1.165226173400878906e+01 1.456532716751098633e+00 -2.330452346801757812e+01 8.010930061340332031e+00 -2.111972427368164062e+01 1.238052845001220703e+01 -1.092399501800537109e+01 -1.383706092834472656e+01 1.383706092834472656e+01 2.184799194335937500e+00 -8.739196777343750000e+00
0.000000000000000000e+00 -8.739196777343750000e+00 6.335917282104492188e+01 6.335917282104492188e+01 -7.282663345336914062e+00 -1.602186012268066406e+01 2.184799194335937500e+00 -2.767412185668945312e+01 8.010930061340332031e+00 -2.184799003601074219e+01 1.165226173400878906e+01 -1.165226173400878906e+01 -1.602186012268066406e+01 1.092399501800537109e+01 3.641331672668457031e+00 -1.238052845001220703e+01
7.282663583755493164e-01 -1.092399501800537109e+01 6.991357421875000000e+01 6.991357421875000000e+01 -6.554397106170654297e+00 -1.893492507934570312e+01 5.097864627838134766e+00 -2.985892105102539062e+01 1.019572925567626953e+01 -2.184799003601074219e+01 1.310879421234130859e+01 -9.467462539672851562e+00 -2.111972427368164062e+01 7.282663345336914062e+00 7.282663345336914062e+00 -1.383706092834472656e+01
2.184799194335937500e+00 -1.238052845001220703e+01 7.719623565673828125e+01 7.719623565673828125e+01 -5.826130867004394531e+00 -2.257625770568847656e+01 8.739196777343750000e+00 -3.277198791503906250e+01 1.238052845001220703e+01 -2.184799003601074219e+01 1.456532669067382812e+01 -7.282663345336914062e+00 -2.548932266235351562e+01 1.456532716751098633e+00 1.092399501800537109e+01 -1.893492507934570312e+01
2.913065433502197266e+00 -1.456532669067382812e+01 8.739196014404296875e+01 8.739196014404296875e+01 -7.282663345336914062e+00 -2.694585609436035156e+01 1.165226173400878906e+01 -3.641331863403320312e+01 1.383706092834472656e+01 -1.893492507934570312e+01 1.602186012268066406e+01 -2.913065433502197266e+00 -2.913065338134765625e+01 -4.369598388671875000e+00 1.602186012268066406e+01 -2.403278923034667969e+01
-2.913065433502197266e+00 -4.369598388671875000e+00 4.952211380004882812e+01 5.025037765502929688e+01 -8.010930061340332031e+00 -6.554397106170654297e+00 -1.456532716751098633e+00 -1.602186012268066406e+01 2.184799194335937500e+00 -1.675012588500976562e+01 5.097864627838134766e+00 -1.019572925567626953e+01 -1.310879421234130859e+01 1.820665931701660156e+01 0.000000000000000000e+00 -7.282663583755493164e-01
-3.641331672668457031e+00 -5.826130867004394531e+00 5.971784210205078125e+01 5.971784210205078125e+01 -8.739196777343750000e+00 -9.467462539672851562e+00 -1.456532716751098633e+00 -1.966319084167480469e+01 2.913065433502197266e+00 -1.820665931701660156e+01 5.826130867004394531e+00 -1.019572925567626953e+01 -1.456532669067382812e+01 1.747839355468750000e+01 0.000000000000000000e+00 -2.913065433502197266e+00
-3.641331672668457031e+00 -8.010930061340332031e+00 6.772877502441406250e+01 6.772877502441406250e+01 -9.467462539672851562e+00 -1.238052845001220703e+01 -7.282663583755493164e-01 -2.330452346801757812e+01 2.913065433502197266e+00 -1.747839355468750000e+01 5.826130867004394531e+00 -8.739196777343750000e+00 -1.675012588500976562e+01 1.529359340667724609e+01 3.641331672668457031e+00 -5.826130867004394531e+00
-3.641331672668457031e+00 -8.739196777343750000e+00 7.428316497802734375e+01 7.428316497802734375e+01 -9.467462539672851562e+00 -1.456532669067382812e+01 2.184799194335937500e+00 -2.548932266235351562e+01 4.369598388671875000e+00 -1.675012588500976562e+01 6.554397106170654297e+00 -5.826130867004394531e+00 -2.184799003601074219e+01 1.238052845001220703e+01 7.282663345336914062e+00 -7.282663345336914062e+00
-2.913065433502197266e+00 -8.739196777343750000e+00 8.010929870605468750e+01 8.010929870605468750e+01 -1.019572925567626953e+01 -1.747839355468750000e+01 4.369598388671875000e+00 -2.913065338134765625e+01 6.554397106170654297e+00 -1.747839355468750000e+01 8.739196777343750000e+00 -2.913065433502197266e+00 -2.621758842468261719e+01 8.010930061340332031e+00 1.019572925567626953e+01 -1.383706092834472656e+01
-2.184799194335937500e+00 -8.739196777343750000e+00 8.812023162841796875e+01 8.812023162841796875e+01 -1.092399501800537109e+01 -2.039145851135253906e+01 6.554397106170654297e+00 -3.204372024536132812e+01 8.010930061340332031e+00 -1.529359340667724609e+01 1.019572925567626953e+01 0.000000000000000000e+00 -2.985892105102539062e+01 2.913065433502197266e+00 1.310879421234130859e+01 -2.039145851135253906e+01
5.826130867004394531e+00 -3.641331672668457031e+00 5.243517684936523438e+01 5.243517684936523438e+01 2.913065433502197266e+00 -9.467462539672851562e+00 9.467462539672851562e+00 -1.383706092834472656e+01 5.826130867004394531e+00 -1.456532669067382812e+01 5.826130867004394531e+00 -8.010930061340332031e+00 -7.282663583755493164e-01 8.010930061340332031e+00 1.310879421234130859e+01 2.184799194335937500e+00
5.826130867004394531e+00 -4.369598388671875000e+00 5.826130676269531250e+01 5.826130676269531250e+01 2.913065433502197266e+00 -1.165226173400878906e+01 9.467462539672851562e+00 -1.602186012268066406e+01 6.554397106170654297e+00 -1.675012588500976562e+01 5.826130867004394531e+00 -8.739196777343750000e+00 0.000000000000000000e+00 8.739196777343750000e+00 1.310879421234130859e+01 2.184799194335937500e+00
5.826130867004394531e+00 -5.826130867004394531e+00 6.481570434570312500e+01 6.481570434570312500e+01 2.913065433502197266e+00 -1.383706092834472656e+01 9.467462539672851562e+00 -1.820665931701660156e+01 5.826130867004394531e+00 -1.675012588500976562e+01 4.369598388671875000e+00 -8.739196777343750000e+00 0.000000000000000000e+00 8.010930061340332031e+00 1.456532669067382812e+01 0.000000000000000000e+00
5.826130867004394531e+00 -7.282663345336914062e+00 7.282663726806640625e+01 7.282663726806640625e+01 2.913065433502197266e+00 -1.529359340667724609e+01 1.165226173400878906e+01 -1.893492507934570312e+01 6.554397106170654297e+00 -1.602186012268066406e+01 4.369598388671875000e+00 -6.554397106170654297e+00 -2.913065433502197266e+00 6.554397106170654297e+00 1.820665931701660156e+01 0.000000000000000000e+00
5.826130867004394531e+00 -8.010930061340332031e+00 8.229409790039062500e+01 8.302236175537109375e+01 2.913065433502197266e+00 -1.747839355468750000e+01 1.310879421234130859e+01 -2.111972427368164062e+01 6.554397106170654297e+00 -1.529359340667724609e+01 5.097864627838134766e+00 -4.369598388671875000e+00 -6.554397106170654297e+00 2.184799194335937500e+00 2.039145851135253906e+01 -2.913065433502197266e+00
5.097864627838134766e+00 -8.739196777343750000e+00 9.176155853271484375e+01 9.176155853271484375e+01 7.282663583755493164e-01 -2.039145851135253906e+01 1.383706092834472656e+01 -2.330452346801757812e+01 7.282663345336914062e+00 -1.238052845001220703e+01 5.097864627838134766e+00 0.000000000000000000e+00 -1.092399501800537109e+01 -2.913065433502197266e+00 2.257625770568847656e+01 -6.554397106170654297e+00
4.369598388671875000e+00 -4.369598388671875000e+00 4.442424774169921875e+01 4.442424774169921875e+01 7.282663583755493164e-01 -1.602186012268066406e+01 1.675012588500976562e+01 -1.238052845001220703e+01 8.010930061340332031e+00 -9.467462539672851562e+00 5.097864627838134766e+00 -7.282663583755493164e-01 -1.019572925567626953e+01 -1.092399501800537109e+01 2.111972427368164062e+01 -2.913065433502197266e+00
5.097864627838134766e+00 -4.369598388671875000e+00 4.879384613037109375e+01 4.879384613037109375e+01 7.282663583755493164e-01 -1.747839355468750000e+01 1.602186012268066406e+01 -1.310879421234130859e+01 7.282663345336914062e+00 -1.092399501800537109e+01 4.369598388671875000e+00 -1.456532716751098633e+00 -8.739196777343750000e+00 -1.092399501800537109e+01 2.111972427368164062e+01 -2.184799194335937500e+00
4.369598388671875000e+00 -4.369598388671875000e+00 5.389171218872070312e+01 5.389171218872070312e+01 7.282663583755493164e-01 -1.820665931701660156e+01 1.602186012268066406e+01 -1.383706092834472656e+01 7.282663345336914062e+00 -1.019572925567626953e+01 3.641331672668457031e+00 -1.456532716751098633e+00 -8.739196777343750000e+00 -1.092399501800537109e+01 2.257625770568847656e+01 -2.184799194335937500e+00
5.097864627838134766e+00 -5.097864627838134766e+00 5.971784210205078125e+01 5.971784210205078125e+01 7.282663583755493164e-01 -1.966319084167480469e+01 1.747839355468750000e+01 -1.383706092834472656e+01 7.282663345336914062e+00 -9.467462539672851562e+00 4.369598388671875000e+00 1.456532716751098633e+00 -1.092399501800537109e+01 -1.238052845001220703e+01 2.548932266235351562e+01 -7.282663583755493164e-01
5.826130867004394531e+00 -5.826130867004394531e+00 6.845703887939453125e+01 6.845703887939453125e+01 7.282663583755493164e-01 -2.039145851135253906e+01 1.820665931701660156e+01 -1.529359340667724609e+01 7.282663345336914062e+00 -8.739196777343750000e+00 4.369598388671875000e+00 3.641331672668457031e+00 -1.165226173400878906e+01 -1.310879421234130859e+01 2.694585609436035156e+01 -2.913065433502197266e+00
6.554397106170654297e+00 -7.282663345336914062e+00 8.010929870605468750e+01 8.010929870605468750e+01 -7.282663583755493164e-01 -2.184799003601074219e+01 1.820665931701660156e+01 -1.747839355468750000e+01 6.554397106170654297e+00 -6.554397106170654297e+00 4.369598388671875000e+00 8.010930061340332031e+00 -1.383706092834472656e+01 -1.675012588500976562e+01 2.840238761901855469e+01 -7.282663345336914062e+00
-5.097864627838134766e+00 -2.184799194335937500e+00 5.025037765502929688e+01 5.025037765502929688e+01 -7.282663345336914062e+00 -1.165226173400878906e+01 7.282663345336914062e+00 -5.826130867004394531e+00 -4.369598388671875000e+00 -3.641331672668457031e+00 -9.467462539672851562e+00 2.913065433502197266e+00 -1.747839355468750000e+01 -9.467462539672851562e+00 1.165226173400878906e+01 2.913065433502197266e+00
-5.826130867004394531e+00 -2.184799194335937500e+00 5.461997604370117188e+01 5.461997604370117188e+01 -7.282663345336914062e+00 -1.383706092834472656e+01 6.554397106170654297e+00 -7.282663345336914062e+00 -4.369598388671875000e+00 -5.097864627838134766e+00 -1.019572925567626953e+01 2.184799194335937500e+00 -1.675012588500976562e+01 -1.019572925567626953e+01 1.092399501800537109e+01 3.641331672668457031e+00
-5.826130867004394531e+00 -3.641331672668457031e+00 6.190264129638671875e+01 6.190264129638671875e+01 -8.010930061340332031e+00 -1.529359340667724609e+01 7.282663345336914062e+00 -9.467462539672851562e+00 -5.826130867004394531e+00 -4.369598388671875000e+00 -1.092399501800537109e+01 2.913065433502197266e+00 -1.747839355468750000e+01 -1.092399501800537109e+01 1.310879421234130859e+01 2.184799194335937500e+00
-5.826130867004394531e+00 -5.097864627838134766e+00 6.991357421875000000e+01 6.991357421875000000e+01 -8.739196777343750000e+00 -1.675012588500976562e+01 8.739196777343750000e+00 -9.467462539672851562e+00 -6.554397106170654297e+00 -2.913065433502197266e+00 -1.165226173400878906e+01 5.826130867004394531e+00 -2.039145851135253906e+01 -1.238052845001220703e+01 1.747839355468750000e+01 2.913065433502197266e+00
-5.826130867004394531e+00 -6.554397106170654297e+00 8.156583404541015625e+01 8.156583404541015625e+01 -9.467462539672851562e+00 -1.893492507934570312e+01 9.467462539672851562e+00 -1.092399501800537109e+01 -6.554397106170654297e+00 -2.184799194335937500e+00 -1.238052845001220703e+01 8.739196777343750000e+00 -2.257625770568847656e+01 -1.456532669067382812e+01 1.966319084167480469e+01 7.282663583755493164e-01
-5.826130867004394531e+00 -8.010930061340332031e+00 9.394635772705078125e+01 9.394635772705078125e+01 -1.165226173400878906e+01 -2.111972427368164062e+01 1.019572925567626953e+01 -1.383706092834472656e+01 -7.282663345336914062e+00 1.456532716751098633e+00 -1.310879421234130859e+01 1.310879421234130859e+01 -2.548932266235351562e+01 -2.039145851135253906e+01 2.111972427368164062e+01 -4.369598388671875000e+00
-7.282663583755493164e-01 -7.282663583755493164e-01 5.389171218872070312e+01 5.389171218872070312e+01 -2.184799194335937500e+00 -8.010930061340332031e+00 1.019572925567626953e+01 -3.641331672668457031e+00 2.913065433502197266e+00 -2.184799194335937500e+00 -7.282663583755493164e-01 3.641331672668457031e+00 -1.310879421234130859e+01 -6.554397106170654297e+00 1.092399501800537109e+01 3.641331672668457031e+00
-7.282663583755493164e-01 -2.184799194335937500e+00 6.190264129638671875e+01 6.190264129638671875e+01 -2.913065433502197266e+00 -1.092399501800537109e+01 1.019572925567626953e+01 -5.097864627838134766e+00 2.184799194335937500e+00 -3.641331672668457031e+00 -1.456532716751098633e+00 2.913065433502197266e+00 -1.456532669067382812e+01 -8.739196777343750000e+00 1.165226173400878906e+01 3.641331672668457031e+00
-1.456532716751098633e+00 -2.913065433502197266e+00 7.282663726806640625e+01 7.282663726806640625e+01 -5.097864627838134766e+00 -1.456532669067382812e+01 1.165226173400878906e+01 -8.739196777343750000e+00 0.000000000000000000e+00 -4.369598388671875000e+00 -3.641331672668457031e+00 3.641331672668457031e+00 -1.820665931701660156e+01 -1.165226173400878906e+01 1.529359340667724609e+01 1.456532716751098633e+00
-1.456532716751098633e+00 -4.369598388671875000e+00 8.229409790039062500e+01 8.229409790039062500e+01 -5.826130867004394531e+00 -1.529359340667724609e+01 1.238052845001220703e+01 -9.467462539672851562e+00 0.000000000000000000e+00 -3.641331672668457031e+00 -3.641331672668457031e+00 5.097864627838134766e+00 -2.111972427368164062e+01 -1.238052845001220703e+01 1.747839355468750000e+01 1.456532716751098633e+00
-2.184799194335937500e+00 -6.554397106170654297e+00 9.394635772705078125e+01 9.394635772705078125e+01 -6.554397106170654297e+00 -1.820665931701660156e+01 1.310879421234130859e+01 -1.165226173400878906e+01 7.282663583755493164e-01 -2.184799194335937500e+00 -4.369598388671875000e+00 8.010930061340332031e+00 -2.403278923034667969e+01 -1.383706092834472656e+01 1.893492507934570312e+01 -7.282663583755493164e-01
-3.641331672668457031e+00 -8.739196777343750000e+00 1.063268890380859375e+02 1.063268890380859375e+02 -8.739196777343750000e+00 -2.111972427368164062e+01 1.456532669067382812e+01 -1.456532669067382812e+01 7.282663583755493164e-01 0.000000000000000000e+00 -5.826130867004394531e+00 1.165226173400878906e+01 -2.767412185668945312e+01 -1.820665931701660156e+01 2.111972427368164062e+01 -3.641331672668457031e+00
